-- phpMyAdmin SQL Dump
-- version 3.5.2
-- http://www.phpmyadmin.net
--
-- Värd: localhost
-- Skapad: 17 dec 2012 kl 08:42
-- Serverversion: 5.1.63-0+squeeze1
-- PHP-version: 5.3.3-7+squeeze13

SET SQL_MODE="NO_AUTO_VALUE_ON_ZERO";
SET time_zone = "+00:00";


/*!40101 SET @OLD_CHARACTER_SET_CLIENT=@@CHARACTER_SET_CLIENT */;
/*!40101 SET @OLD_CHARACTER_SET_RESULTS=@@CHARACTER_SET_RESULTS */;
/*!40101 SET @OLD_COLLATION_CONNECTION=@@COLLATION_CONNECTION */;
/*!40101 SET NAMES utf8 */;

--
-- Databas: `RobinHdb`
--
CREATE DATABASE `RobinHdb` DEFAULT CHARACTER SET latin1 COLLATE latin1_swedish_ci;
USE `RobinHdb`;

-- --------------------------------------------------------

--
-- Tabellstruktur `crimes`
--

CREATE TABLE IF NOT EXISTS `crimes` (
  `crimeID` int(12) NOT NULL AUTO_INCREMENT,
  `crimeIssuer` int(12) NOT NULL DEFAULT '65535',
  `crimeIssuedTo` int(12) NOT NULL DEFAULT '65535',
  `crimeDescription` varchar(128) NOT NULL,
  `crimeIssuerName` varchar(24) NOT NULL,
  `crimeIssuedToName` varchar(24) NOT NULL,
  PRIMARY KEY (`crimeID`)
) ENGINE=InnoDB  DEFAULT CHARSET=latin1 AUTO_INCREMENT=26 ;

--
-- Dumpning av Data i tabell `crimes`
--

INSERT INTO `crimes` (`crimeID`, `crimeIssuer`, `crimeIssuedTo`, `crimeDescription`, `crimeIssuerName`, `crimeIssuedToName`) VALUES
(2, 45, 44, 'Trying to avoid cops while being pulled over.', 'Jack Smith', 'Jhonny Harris'),
(3, 45, 53, 'trying to avoid cops.', 'Jack Smith', 'Anna Everett'),
(4, 31, 37, 'Eavding on a NRG.', 'Mike Bishop', 'David Herling'),
(5, 45, 65, 'Assaulting an cop, avoiding cops, rulebreaking, driving without', 'Jack Smith', 'John Caleno'),
(6, 45, 71, 'driving without license, no helmet, and trying to avoid the cop', 'Jack Smith', 'Ben Cash'),
(7, 45, 65, 'Threatining an cop to kill him.', 'Jack Smith', 'John Caleno'),
(8, 45, 67, 'no license, recklessy driving, avoiding cops.', 'Jack Smith', 'Wayne Cristian'),
(9, 45, 38, 'Suspect, Avoiding cops, Using illeagel NOS', 'Jack Smith', 'Sven Assarsson'),
(10, 45, 39, 'Suspect, avoiding cops, using illeagel NOS', 'Jack Smith', 'Aaron Railton'),
(11, 78, 52, 'Failure to comply', 'Thomas Rodriquez', 'Ziga Petterson'),
(12, 78, 52, 'Evading', 'Thomas Rodriquez', 'Ziga Petterson'),
(13, 45, 37, 'Suspect, avoiding cops, speeding, recklessy driving.', 'Jack Smith', 'David Herling'),
(14, 45, 77, '.', 'Jack Smith', 'John Winchester'),
(15, 36, 44, 'Reckless Driving in Traffic, Multiple times', 'Charles Tenpenny', 'Jhonny Harris'),
(16, 36, 44, 'Reckless Driving in Traffic, Multiple times', 'Charles Tenpenny', 'Jhonny Harris'),
(17, 45, 74, 'Avoiding cops, driving recklessy', 'Jack Smith', 'Lyla MacKing'),
(18, 78, 44, 'Failure to stop.', 'Thomas Rodriquez', 'Jhonny Harris'),
(19, 78, 44, 'Driving without license.', 'Thomas Rodriquez', 'Jhonny Harris'),
(20, 55, 77, 'Äntligen', 'Joe Adonis', 'John Winchester'),
(21, 45, 39, 'Having illeagel pots on him and planting it', 'Jack Smith', 'Aaron Stephen'),
(22, 40, 140, 'Speeding and evading to stop.', 'Daniel Williams', 'Jimmy Manson'),
(23, 45, 140, 'avoiding cops, attempting murder on a san news.', 'Jack Smith', 'Jimmy Manson'),
(24, 45, 65, 'attempting murder.', 'Jack Smith', 'John Caleno'),
(25, 45, 74, 'Punching another man, when the cops was talking with him.', 'Jack Smith', 'Lyla MacKing');

-- --------------------------------------------------------

--
-- Tabellstruktur `kills`
--

CREATE TABLE IF NOT EXISTS `kills` (
  `ID` int(11) NOT NULL AUTO_INCREMENT,
  `killerID` int(11) NOT NULL DEFAULT '-1',
  `killedID` int(11) NOT NULL DEFAULT '-1',
  `killTS` int(32) NOT NULL DEFAULT '0',
  `killText` varchar(250) NOT NULL,
  PRIMARY KEY (`ID`)
) ENGINE=InnoDB  DEFAULT CHARSET=latin1 AUTO_INCREMENT=339 ;

--
-- Dumpning av Data i tabell `kills`
--

INSERT INTO `kills` (`ID`, `killerID`, `killedID`, `killTS`, `killText`) VALUES
(31, 2, 16, 1353881649, '(16:14:9) Robin Hellman killed DeCoyz with Dildo'),
(32, 14, 9, 1353882316, '(16:25:16) Sven Assarsson killed Akiyama Shikuru with Combat Shotgun'),
(33, 14, 2, 1353882320, '(16:25:20) Sven Assarsson killed Robin Hellman with Combat Shotgun'),
(34, 14, 9, 1353882340, '(16:25:40) Sven Assarsson killed Akiyama Shikuru with Combat Shotgun'),
(35, 14, 11, 1353882347, '(16:25:47) Sven Assarsson killed Jhonny Harris with Combat Shotgun'),
(36, 11, 14, 1353882369, '(16:26:9) Jhonny Harris killed Sven Assarsson with '),
(37, 9, 16, 1353883793, '(16:49:53) Akiyama Shikuru commited suicide'),
(38, 17, 2, 1354215477, '(12:57:57) Lask Task killed N0FeaR with '),
(39, 14, 9, 1354402587, '(16:56:27) Sven Assarsson killed Akiyama Shikuru with Sawn-off Shotgun'),
(40, 9, 2, 1354402644, '(16:57:24) Akiyama Shikuru killed Robin Hellman with Rifle'),
(41, 14, 20, 1354402655, '(16:57:35) Sven Assarsson killed Sid. with Sawn-off Shotgun'),
(42, 14, 20, 1354402655, '(16:57:35) Sven Assarsson killed Sid. with Sawn-off Shotgun'),
(43, 2, 9, 1354402657, '(16:57:37) Robin Hellman killed Akiyama Shikuru with Desert Eagle'),
(44, 14, 2, 1354402667, '(16:57:47) Sven Assarsson killed Robin Hellman with Sawn-off Shotgun'),
(45, 9, 20, 1354402672, '(16:57:52) Akiyama Shikuru killed Sid. with '),
(46, 9, 14, 1354402693, '(16:58:13) Akiyama Shikuru killed Sven Assarsson with '),
(47, 9, 2, 1354402694, '(16:58:14) Akiyama Shikuru killed Robin Hellman with '),
(48, 14, 20, 1354402715, '(16:58:35) Sven Assarsson killed David Herling with Dildo'),
(49, 9, 14, 1354402729, '(16:58:49) Akiyama Shikuru killed Sven Assarsson with Flamethrower'),
(50, 9, 2, 1354402823, '(17:0:23) Base3000 killed Robin Hellman with M4'),
(51, 20, 9, 1354402825, '(17:0:25) David Herling killed Base3000 with Sawn-off Shotgun'),
(52, 20, 9, 1354402839, '(17:0:39) David Herling killed Base3000 with Sawn-off Shotgun'),
(53, 20, 14, 1354402850, '(17:0:50) David Herling killed Sven Assarsson with Sawn-off Shotgun'),
(54, 9, 2, 1354402853, '(17:0:53) Base3000 killed Robin Hellman with '),
(55, 9, 14, 1354402862, '(17:1:2) Base3000 killed Sven Assarsson with '),
(56, 20, 9, 1354402864, '(17:1:4) David Herling killed Base3000 with Sawn-off Shotgun'),
(57, 14, 9, 1354402872, '(17:1:12) Sven Assarsson killed Base3000 with Dildo'),
(58, 9, 14, 1354402878, '(17:1:18) Base3000 killed Sven Assarsson with '),
(59, 9, 2, 1354402878, '(17:1:18) Base3000 killed Robin Hellman with '),
(60, 9, 11, 1354402879, '(17:1:19) Base3000 killed CordellWalker with '),
(61, 9, 11, 1354402887, '(17:1:27) Base3000 killed CordellWalker with Flamethrower'),
(62, 11, 9, 1354402891, '(17:1:31) CordellWalker killed Base3000 with '),
(63, 20, 11, 1354402926, '(17:2:6) David Herling killed CordellWalker with Sawn-off Shotgun'),
(64, 20, 11, 1354403052, '(17:4:12) David Herling killed CordellWalker with Sawn-off Shotgun'),
(65, 20, 14, 1354403204, '(17:6:44) David Herling killed Sven Assarsson with Sawn-off Shotgun'),
(66, 20, 9, 1354403209, '(17:6:49) David Herling killed Akiyama Shikuru with Sawn-off Shotgun'),
(67, 20, 9, 1354403273, '(17:7:53) David Herling killed Akiyama Shikuru with Sawn-off Shotgun'),
(68, 20, 14, 1354403298, '(17:8:18) David Herling killed Sven Assarsson with '),
(69, 20, 9, 1354404403, '(17:26:43) David Herling killed Akiyama Shikuru with M4'),
(70, 23, 22, 1354645936, '(12:32:16) Sid. killed Mike Bishop with '),
(71, 22, 23, 1354645978, '(12:32:58) Mike Bishop killed David Herling with '),
(72, 22, 25, 1354652322, '(14:18:42) Mike Bishop killed Jhonny Harris with UZI'),
(73, 22, 25, 1354653454, '(14:37:34) Mike Bishop killed Jhonny Harris with Sawn-off Shotgun'),
(74, 22, 23, 1354657444, '(15:44:4) Mike Bishop killed Sid. with Desert Eagle'),
(75, 22, 23, 1354657503, '(15:45:3) Mike Bishop killed Sid. with MP5'),
(76, 23, 22, 1354657622, '(15:47:2) David Herling killed Mike Bishop with M4'),
(77, 23, 22, 1354657652, '(15:47:32) David Herling killed Mike Bishop with M4'),
(78, 23, 22, 1354657691, '(15:48:11) David Herling killed Mike Bishop with M4'),
(79, 23, 22, 1354657701, '(15:48:21) David Herling killed Mike Bishop with M4'),
(80, 22, 23, 1354657701, '(15:48:21) Mike Bishop killed David Herling with Desert Eagle'),
(81, 30, 28, 1354667850, '(18:37:30) Thomas Biondo killed Nathan Rowers with Vehicle'),
(82, 37, 32, 1354725644, '(10:40:44) David Herling killed Nathan Rowers with '),
(83, 35, 37, 1354725880, '(10:44:40) Thomas Biondo killed David Herling with '),
(84, 32, 35, 1354725924, '(10:45:24) Nathan Rowers killed Thomas Biondo with '),
(85, 31, 44, 1354746335, '(16:25:35) Roman Boskovic killed Jhonny Harris with '),
(86, 35, 49, 1354759200, '(20:0:0) Thomas Biondo killed Dennis Axelsson with '),
(87, 31, 40, 1354829490, '(15:31:30) Mike Bishop killed Daniel Williams with Desert Eagle'),
(88, 89, 88, 1354830542, '(15:49:2) Eimai Magaiver killed Mounakia Sasgamisa with '),
(89, 98, 100, 1354843988, '(19:33:8) Sammy Gravano killed Sam Biondo with '),
(90, 98, 48, 1354844415, '(19:40:15) Sammy Gravano killed Conny Ekengard with '),
(91, 35, 32, 1354844999, '(19:49:59) Thomas Biondo killed Nathan Rowers with '),
(92, 98, 100, 1354846858, '(20:20:58) Sammy Gravano killed Sam Biondo with '),
(93, 45, 39, 1354894974, '(9:42:54) Jack Smith killed Aaron Railton with '),
(94, 45, 37, 1354910851, '(14:7:31) Jack Smith killed David Herling with Desert Eagle'),
(95, 45, 44, 1354978034, '(8:47:14) Jack Smith killed Jhonny Harris with M4'),
(96, 114, 117, 1354979897, '(9:18:17) Robert Perl killed Vladimir Borshka with '),
(97, 76, 60, 1354987547, '(11:25:47) William Gantlon killed James Morrison with Desert Eagle'),
(98, 55, 37, 1354991511, '(12:31:51) Joe Adonis killed David Herling with Desert Eagle'),
(99, 55, 31, 1354991521, '(12:32:1) Joe Adonis killed Mike Bishop with Desert Eagle'),
(100, 38, 67, 1354992627, '(12:50:27) Sven Assarsson killed Wayne Cristian with Shotgun'),
(101, 32, 38, 1355007261, '(16:54:21) Nathan Rowers killed Sven Assarsson with UZI'),
(102, 38, 44, 1355007449, '(16:57:29) Sven Assarsson killed Jhonny Harris with UZI'),
(103, 38, 37, 1355007455, '(16:57:35) Sven Assarsson killed David Herling with UZI'),
(104, 38, 44, 1355007547, '(16:59:7) Sven Assarsson killed Jhonny Harris with '),
(105, 32, 37, 1355013090, '(18:31:30) Nathan Rowers killed David Herling with UZI'),
(106, 40, 31, 1355022612, '(21:10:12) Daniel Williams killed Mike Bishop with Combat Shotgun'),
(107, 31, 40, 1355022646, '(21:10:46) Mike Bishop killed Daniel Williams with UZI'),
(108, 32, 40, 1355022657, '(21:10:57) Nathan Rowers killed Daniel Williams with UZI'),
(109, 31, 40, 1355022687, '(21:11:27) Mike Bishop killed Daniel Williams with UZI'),
(110, 32, 40, 1355022736, '(21:12:16) Nathan Rowers commited suicide'),
(111, 31, 40, 1355022818, '(21:13:38) Mike Bishop commited suicide'),
(112, 32, 40, 1355022824, '(21:13:44) Nathan Rowers killed Daniel Williams with UZI'),
(113, 32, 40, 1355022965, '(21:16:5) Nathan Rowers killed Daniel Williams with '),
(114, 32, 40, 1355022990, '(21:16:30) Nathan Rowers killed Daniel Williams with '),
(115, 32, 31, 1355023339, '(21:22:19) Nathan Rowers commited suicide'),
(116, 32, 31, 1355023919, '(21:31:59) Nathan Rowers killed Mike Bishop with '),
(117, 45, 32, 1355023927, '(21:32:7) Jack Smith commited suicide'),
(118, 45, 32, 1355024243, '(21:37:23) Jack Smith killed Nathan Rowers with Desert Eagle'),
(119, 31, 45, 1355024277, '(21:37:57) Mike Bishop killed Jack Smith with Sawn-off Shotgun'),
(120, 45, 32, 1355024288, '(21:38:8) Jack Smith killed Nathan Rowers with Desert Eagle'),
(121, 31, 45, 1355024303, '(21:38:23) Mike Bishop killed Jack Smith with Sawn-off Shotgun'),
(122, 45, 32, 1355024314, '(21:38:34) Jack Smith killed Nathan Rowers with Desert Eagle'),
(123, 45, 31, 1355024348, '(21:39:8) Jack Smith killed Mike Bishop with Desert Eagle'),
(124, 45, 32, 1355024492, '(21:41:32) Jack Smith killed Nathan Rowers with Desert Eagle'),
(125, 45, 31, 1355024495, '(21:41:35) Jack Smith killed Mike Bishop with Desert Eagle'),
(126, 32, 45, 1355024501, '(21:41:41) Nathan Rowers killed Jack Smith with '),
(127, 31, 32, 1355024544, '(21:42:24) Mike Bishop killed Nathan Rowers with '),
(128, 31, 45, 1355024622, '(21:43:42) Mike Bishop killed Jack Smith with '),
(129, 31, 45, 1355024679, '(21:44:39) Mike Bishop killed Jack Smith with '),
(130, 31, 32, 1355024754, '(21:45:54) Mike Bishop killed Nathan Rowers with '),
(131, 31, 45, 1355024786, '(21:46:26) Mike Bishop killed Jack Smith with '),
(132, 31, 32, 1355024789, '(21:46:29) Mike Bishop killed Nathan Rowers with '),
(133, 45, 31, 1355025114, '(21:51:54) Jack Smith killed Mike Bishop with Shotgun'),
(134, 55, 77, 1355058455, '(7:7:35) Joe Adonis killed John Winchester with Desert Eagle'),
(135, 38, 31, 1355059480, '(7:24:40) Sven Assarsson killed Mike Bishop with UZI'),
(136, 31, 40, 1355070926, '(10:35:26) Mike Bishop killed Daniel Williams with TEC9'),
(137, 45, 39, 1355070946, '(10:35:46) Jack Smith killed Aaron Railton with M4'),
(138, 45, 39, 1355073319, '(11:15:19) Jack Smith killed Aaron Stephen with Sniper Rifle'),
(139, 45, 38, 1355073350, '(11:15:50) Jack Smith killed Sven Assarsson with M4'),
(140, 40, 44, 1355082449, '(13:47:29) Daniel Williams killed Jhonny Harris with Desert Eagle'),
(141, 45, 140, 1355167353, '(13:22:33) Jack Smith killed Jimmy Manson with Shotgun'),
(142, 45, 38, 1355171798, '(14:36:38) Jack Smith killed Sven Assarsson with Silenced Pistol'),
(143, 38, 44, 1355175326, '(15:35:26) Sven Assarsson killed Jhonny Harris with '),
(144, 60, 44, 1355177297, '(16:8:17) Carter Kennedy killed Jhonny Harris with Vehicle'),
(145, 40, 44, 1355177864, '(16:17:44) Daniel Williams killed Jhonny Harris with Silenced Pistol'),
(146, 40, 44, 1355177882, '(16:18:2) Daniel Williams killed Jhonny Harris with Desert Eagle'),
(147, 40, 31, 1355179134, '(16:38:54) Daniel Williams killed Mike Bishop with Desert Eagle'),
(148, 36, 44, 1355316478, '(6:47:58) Charles Tenpenny killed Jhonny Harris with Desert Eagle'),
(149, 31, 37, 1355318375, '(7:19:35) Mike Bishop killed David Herling with Desert Eagle'),
(150, 31, 60, 1355319030, '(7:30:30) Mike Bishop killed Carter Kennedy with Desert Eagle'),
(151, 31, 44, 1355327566, '(9:52:46) Mike Bishop killed Jhonny Harris with AK47'),
(152, 31, 44, 1355327578, '(9:52:58) Mike Bishop killed Jhonny Harris with Colt 45'),
(153, 31, 44, 1355327586, '(9:53:6) Mike Bishop killed Jhonny Harris with Colt 45'),
(154, 31, 67, 1355331658, '(11:0:58) Mike Bishop killed Wayne Cristian with AK47'),
(155, 37, 31, 1355338606, '(12:56:46) David Herling killed Mike Bishop with AK47'),
(156, 31, 32, 1355341867, '(13:51:7) Mike Bishop killed Nathan Rowers with AK47'),
(157, 32, 31, 1355342115, '(13:55:15) Nathan Rowers killed Mike Bishop with UZI'),
(158, 31, 37, 1355342127, '(13:55:27) Mike Bishop killed David Herling with AK47'),
(159, 32, 31, 1355342128, '(13:55:28) Nathan Rowers killed Mike Bishop with Silenced Pistol'),
(160, 32, 31, 1355342130, '(13:55:30) Nathan Rowers killed Mike Bishop with Silenced Pistol'),
(161, 32, 31, 1355342131, '(13:55:31) Nathan Rowers killed Mike Bishop with Silenced Pistol'),
(162, 31, 32, 1355342135, '(13:55:35) Mike Bishop killed Nathan Rowers with AK47'),
(163, 32, 31, 1355342139, '(13:55:39) Nathan Rowers killed Mike Bishop with '),
(164, 32, 31, 1355342166, '(13:56:6) Nathan Rowers killed Mike Bishop with '),
(165, 37, 31, 1355342181, '(13:56:21) David Herling killed Mike Bishop with '),
(166, 31, 37, 1355342205, '(13:56:45) Mike Bishop killed David Herling with MP5'),
(167, 31, 32, 1355342206, '(13:56:46) Mike Bishop killed Nathan Rowers with MP5'),
(168, 31, 32, 1355342206, '(13:56:46) Mike Bishop killed Nathan Rowers with MP5'),
(169, 31, 37, 1355342208, '(13:56:48) Mike Bishop killed David Herling with MP5'),
(170, 31, 32, 1355342209, '(13:56:49) Mike Bishop killed Nathan Rowers with MP5'),
(171, 31, 37, 1355342211, '(13:56:51) Mike Bishop killed David Herling with MP5'),
(172, 31, 37, 1355342213, '(13:56:53) Mike Bishop killed David Herling with MP5'),
(173, 31, 37, 1355342224, '(13:57:4) Mike Bishop killed David Herling with MP5'),
(174, 31, 37, 1355342224, '(13:57:4) Mike Bishop killed David Herling with MP5'),
(175, 31, 37, 1355342228, '(13:57:8) Mike Bishop killed David Herling with MP5'),
(176, 31, 37, 1355342235, '(13:57:15) Mike Bishop killed David Herling with MP5'),
(177, 31, 32, 1355342243, '(13:57:23) Mike Bishop killed Nathan Rowers with MP5'),
(178, 31, 37, 1355342259, '(13:57:39) Mike Bishop killed David Herling with MP5'),
(179, 31, 37, 1355342269, '(13:57:49) Mike Bishop killed David Herling with MP5'),
(180, 37, 31, 1355342272, '(13:57:52) David Herling killed Mike Bishop with Desert Eagle'),
(181, 45, 37, 1355345362, '(14:49:22) Jack Smith killed David Herling with M4'),
(182, 37, 45, 1355345482, '(14:51:22) David Herling killed Jack Smith with AK47'),
(183, 45, 37, 1355345532, '(14:52:12) Jack Smith killed David Herling with M4'),
(184, 45, 37, 1355345535, '(14:52:15) Jack Smith killed David Herling with M4'),
(185, 45, 37, 1355345535, '(14:52:15) Jack Smith killed David Herling with M4'),
(186, 37, 45, 1355345538, '(14:52:18) David Herling killed Jack Smith with AK47'),
(187, 37, 45, 1355345557, '(14:52:37) David Herling killed Jack Smith with AK47'),
(188, 45, 37, 1355345587, '(14:53:7) Jack Smith killed David Herling with M4'),
(189, 45, 37, 1355345587, '(14:53:7) Jack Smith killed David Herling with M4'),
(190, 45, 37, 1355345590, '(14:53:10) Jack Smith killed David Herling with M4'),
(191, 45, 37, 1355345604, '(14:53:24) Jack Smith killed David Herling with M4'),
(192, 45, 37, 1355345604, '(14:53:24) Jack Smith killed David Herling with M4'),
(193, 45, 37, 1355345608, '(14:53:28) Jack Smith killed David Herling with M4'),
(194, 45, 37, 1355345609, '(14:53:29) Jack Smith killed David Herling with M4'),
(195, 37, 45, 1355345612, '(14:53:32) David Herling killed Jack Smith with AK47'),
(196, 45, 37, 1355345629, '(14:53:49) Jack Smith killed David Herling with M4'),
(197, 45, 37, 1355345630, '(14:53:50) Jack Smith killed David Herling with M4'),
(198, 45, 37, 1355345634, '(14:53:54) Jack Smith killed David Herling with M4'),
(199, 45, 37, 1355345635, '(14:53:55) Jack Smith killed David Herling with M4'),
(200, 45, 31, 1355345651, '(14:54:11) Jack Smith killed Mike Bishop with M4'),
(201, 37, 45, 1355345677, '(14:54:37) David Herling killed Jack Smith with Desert Eagle'),
(202, 45, 37, 1355345687, '(14:54:47) Jack Smith killed David Herling with M4'),
(203, 45, 37, 1355345699, '(14:54:59) Jack Smith killed David Herling with M4'),
(204, 45, 37, 1355345700, '(14:55:0) Jack Smith killed David Herling with M4'),
(205, 45, 31, 1355345702, '(14:55:2) Jack Smith killed Mike Bishop with M4'),
(206, 45, 31, 1355345703, '(14:55:3) Jack Smith killed Mike Bishop with M4'),
(207, 31, 45, 1355345705, '(14:55:5) Mike Bishop killed Jack Smith with UZI'),
(208, 31, 37, 1355345721, '(14:55:21) Mike Bishop killed David Herling with UZI'),
(209, 31, 45, 1355345728, '(14:55:28) Mike Bishop killed Jack Smith with UZI'),
(210, 31, 37, 1355345745, '(14:55:45) Mike Bishop killed David Herling with UZI'),
(211, 45, 37, 1355345750, '(14:55:50) Jack Smith killed David Herling with M4'),
(212, 31, 37, 1355345751, '(14:55:51) Mike Bishop killed David Herling with UZI'),
(213, 31, 45, 1355345752, '(14:55:52) Mike Bishop killed Jack Smith with UZI'),
(214, 45, 31, 1355345760, '(14:56:0) Jack Smith killed Mike Bishop with M4'),
(215, 31, 37, 1355345760, '(14:56:0) Mike Bishop killed David Herling with UZI'),
(216, 45, 31, 1355345761, '(14:56:1) Jack Smith killed Mike Bishop with M4'),
(217, 45, 37, 1355345762, '(14:56:2) Jack Smith killed David Herling with M4'),
(218, 45, 37, 1355345762, '(14:56:2) Jack Smith killed David Herling with M4'),
(219, 45, 37, 1355345763, '(14:56:3) Jack Smith killed David Herling with M4'),
(220, 45, 31, 1355345764, '(14:56:4) Jack Smith killed Mike Bishop with M4'),
(221, 45, 31, 1355345764, '(14:56:4) Jack Smith killed Mike Bishop with M4'),
(222, 45, 31, 1355345765, '(14:56:5) Jack Smith killed Mike Bishop with M4'),
(223, 45, 37, 1355345768, '(14:56:8) Jack Smith killed David Herling with M4'),
(224, 45, 37, 1355345768, '(14:56:8) Jack Smith killed David Herling with M4'),
(225, 31, 45, 1355345769, '(14:56:9) Mike Bishop killed Jack Smith with UZI'),
(226, 45, 31, 1355345780, '(14:56:20) Jack Smith killed Mike Bishop with M4'),
(227, 45, 31, 1355345792, '(14:56:32) Jack Smith killed Mike Bishop with M4'),
(228, 45, 37, 1355345792, '(14:56:32) Jack Smith killed David Herling with M4'),
(229, 45, 37, 1355345793, '(14:56:33) Jack Smith killed David Herling with M4'),
(230, 45, 31, 1355345794, '(14:56:34) Jack Smith killed Mike Bishop with M4'),
(231, 45, 31, 1355345804, '(14:56:44) Jack Smith killed Mike Bishop with M4'),
(232, 45, 31, 1355345813, '(14:56:53) Jack Smith killed Mike Bishop with Shotgun'),
(233, 37, 31, 1355345813, '(14:56:53) David Herling killed Mike Bishop with '),
(234, 31, 45, 1355345823, '(14:57:3) Mike Bishop killed Jack Smith with '),
(235, 45, 31, 1355345836, '(14:57:16) Jack Smith killed Mike Bishop with M4'),
(236, 45, 31, 1355345837, '(14:57:17) Jack Smith killed Mike Bishop with M4'),
(237, 45, 37, 1355345837, '(14:57:17) Jack Smith killed David Herling with M4'),
(238, 45, 37, 1355345838, '(14:57:18) Jack Smith killed David Herling with M4'),
(239, 45, 37, 1355345838, '(14:57:18) Jack Smith killed David Herling with M4'),
(240, 45, 37, 1355345838, '(14:57:18) Jack Smith killed David Herling with M4'),
(241, 45, 37, 1355345839, '(14:57:19) Jack Smith killed David Herling with M4'),
(242, 45, 31, 1355345849, '(14:57:29) Jack Smith killed Mike Bishop with M4'),
(243, 45, 31, 1355345852, '(14:57:32) Jack Smith killed Mike Bishop with M4'),
(244, 45, 37, 1355345857, '(14:57:37) Jack Smith killed David Herling with M4'),
(245, 45, 37, 1355345857, '(14:57:37) Jack Smith killed David Herling with M4'),
(246, 45, 37, 1355345860, '(14:57:40) Jack Smith killed David Herling with M4'),
(247, 45, 37, 1355345861, '(14:57:41) Jack Smith killed David Herling with M4'),
(248, 37, 31, 1355345864, '(14:57:44) David Herling killed Mike Bishop with Minigun'),
(249, 37, 31, 1355345865, '(14:57:45) David Herling killed Mike Bishop with Minigun'),
(250, 37, 45, 1355345865, '(14:57:45) David Herling killed Jack Smith with Minigun'),
(251, 37, 31, 1355345875, '(14:57:55) David Herling killed Mike Bishop with Flamethrower'),
(252, 45, 31, 1355345879, '(14:57:59) Jack Smith killed Mike Bishop with Flamethrower'),
(253, 45, 31, 1355345880, '(14:58:0) Jack Smith killed Mike Bishop with M4'),
(254, 45, 31, 1355345880, '(14:58:0) Jack Smith killed Mike Bishop with M4'),
(255, 31, 45, 1355345886, '(14:58:6) Mike Bishop killed Jack Smith with Flamethrower'),
(256, 37, 45, 1355345980, '(14:59:40) David Herling killed Jack Smith with '),
(257, 37, 45, 1355346050, '(15:0:50) David Herling killed Jack Smith with Combat Shotgun'),
(258, 44, 39, 1355352244, '(16:44:4) Jhonny Harris killed Aaron Stephen with '),
(259, 31, 44, 1355352276, '(16:44:36) Mike Bishop killed Jhonny Harris with '),
(260, 55, 44, 1355352324, '(16:45:24) Joe Adonis killed Jhonny Harris with Silenced Pistol'),
(261, 55, 44, 1355352329, '(16:45:29) Joe Adonis killed Jhonny Harris with Silenced Pistol'),
(262, 55, 31, 1355352642, '(16:50:42) Joe Adonis killed Mike Bishop with Desert Eagle'),
(263, 55, 31, 1355352650, '(16:50:50) Joe Adonis killed Mike Bishop with Desert Eagle'),
(264, 55, 44, 1355352679, '(16:51:19) Joe Adonis killed Jhonny Harris with Desert Eagle'),
(265, 55, 31, 1355352753, '(16:52:33) Joe Adonis killed Mike Bishop with Desert Eagle'),
(266, 55, 39, 1355352880, '(16:54:40) Joe Adonis killed Aaron Stephen with Desert Eagle'),
(267, 55, 44, 1355352913, '(16:55:13) Joe Adonis killed Jhonny Harris with Spray Can'),
(268, 55, 31, 1355352920, '(16:55:20) Joe Adonis killed Mike Bishop with Spray Can'),
(269, 55, 31, 1355352946, '(16:55:46) Joe Adonis killed Mike Bishop with Desert Eagle'),
(270, 31, 55, 1355353071, '(16:57:51) Mike Bishop killed Joe Adonis with Shotgun'),
(271, 55, 44, 1355353105, '(16:58:25) Joe Adonis killed Jhonny Harris with Desert Eagle'),
(272, 55, 31, 1355353122, '(16:58:42) Joe Adonis killed Mike Bishop with Desert Eagle'),
(273, 55, 40, 1355353238, '(17:0:38) Joe Adonis killed Daniel Williams with Desert Eagle'),
(274, 40, 55, 1355353251, '(17:0:51) Daniel Williams killed Joe Adonis with M4'),
(275, 55, 40, 1355353269, '(17:1:9) Joe Adonis killed Daniel Williams with Desert Eagle'),
(276, 40, 55, 1355353301, '(17:1:41) Daniel Williams killed Joe Adonis with Desert Eagle'),
(277, 55, 40, 1355353348, '(17:2:28) Joe Adonis killed Daniel Williams with Desert Eagle'),
(278, 31, 44, 1355353419, '(17:3:39) Mike Bishop killed Jhonny Harris with Minigun'),
(279, 31, 44, 1355353419, '(17:3:39) Mike Bishop killed Jhonny Harris with Minigun'),
(280, 31, 44, 1355353419, '(17:3:39) Mike Bishop killed Jhonny Harris with Minigun'),
(281, 31, 55, 1355353424, '(17:3:44) Mike Bishop killed Joe Adonis with Minigun'),
(282, 31, 55, 1355353424, '(17:3:44) Mike Bishop killed Joe Adonis with Minigun'),
(283, 31, 44, 1355353430, '(17:3:50) Mike Bishop killed Jhonny Harris with Minigun'),
(284, 31, 44, 1355353430, '(17:3:50) Mike Bishop killed Jhonny Harris with Minigun'),
(285, 31, 44, 1355353452, '(17:4:12) Mike Bishop killed Jhonny Harris with Minigun'),
(286, 31, 55, 1355353452, '(17:4:12) Mike Bishop killed Joe Adonis with Minigun'),
(287, 31, 44, 1355353452, '(17:4:12) Mike Bishop killed Jhonny Harris with Minigun'),
(288, 31, 44, 1355353452, '(17:4:12) Mike Bishop killed Jhonny Harris with Minigun'),
(289, 31, 44, 1355353452, '(17:4:12) Mike Bishop killed Jhonny Harris with Minigun'),
(290, 40, 44, 1355353812, '(17:10:12) Daniel Williams killed Jhonny Harris with Minigun'),
(291, 31, 44, 1355353824, '(17:10:24) Mike Bishop killed Jhonny Harris with Minigun'),
(292, 31, 44, 1355353825, '(17:10:25) Mike Bishop killed Jhonny Harris with Minigun'),
(293, 31, 44, 1355353828, '(17:10:28) Mike Bishop killed Jhonny Harris with Minigun'),
(294, 31, 44, 1355353828, '(17:10:28) Mike Bishop killed Jhonny Harris with Minigun'),
(295, 40, 44, 1355353843, '(17:10:43) Daniel Williams killed Jhonny Harris with Minigun'),
(296, 40, 44, 1355353843, '(17:10:43) Daniel Williams killed Jhonny Harris with Minigun'),
(297, 40, 44, 1355353845, '(17:10:45) Daniel Williams killed Jhonny Harris with Minigun'),
(298, 40, 44, 1355353846, '(17:10:46) Daniel Williams killed Jhonny Harris with Minigun'),
(299, 40, 44, 1355353846, '(17:10:46) Daniel Williams killed Jhonny Harris with Minigun'),
(300, 40, 44, 1355353848, '(17:10:48) Daniel Williams killed Jhonny Harris with Minigun'),
(301, 40, 44, 1355353850, '(17:10:50) Daniel Williams killed Jhonny Harris with Minigun'),
(302, 40, 44, 1355353850, '(17:10:50) Daniel Williams killed Jhonny Harris with Minigun'),
(303, 40, 44, 1355353850, '(17:10:50) Daniel Williams killed Jhonny Harris with Minigun'),
(304, 40, 44, 1355353851, '(17:10:51) Daniel Williams killed Jhonny Harris with Minigun'),
(305, 40, 44, 1355353851, '(17:10:51) Daniel Williams killed Jhonny Harris with Minigun'),
(306, 40, 44, 1355353852, '(17:10:52) Daniel Williams killed Jhonny Harris with Minigun'),
(307, 40, 44, 1355353852, '(17:10:52) Daniel Williams killed Jhonny Harris with Minigun'),
(308, 40, 44, 1355353852, '(17:10:52) Daniel Williams killed Jhonny Harris with Minigun'),
(309, 40, 44, 1355353853, '(17:10:53) Daniel Williams killed Jhonny Harris with Minigun'),
(310, 40, 44, 1355353853, '(17:10:53) Daniel Williams killed Jhonny Harris with Minigun'),
(311, 40, 44, 1355353854, '(17:10:54) Daniel Williams killed Jhonny Harris with Minigun'),
(312, 40, 44, 1355353854, '(17:10:54) Daniel Williams killed Jhonny Harris with Minigun'),
(313, 40, 44, 1355353855, '(17:10:55) Daniel Williams killed Jhonny Harris with Minigun'),
(314, 40, 44, 1355353855, '(17:10:55) Daniel Williams killed Jhonny Harris with Minigun'),
(315, 40, 44, 1355353856, '(17:10:56) Daniel Williams killed Jhonny Harris with Minigun'),
(316, 40, 44, 1355353856, '(17:10:56) Daniel Williams killed Jhonny Harris with Minigun'),
(317, 40, 44, 1355353857, '(17:10:57) Daniel Williams killed Jhonny Harris with Minigun'),
(318, 40, 44, 1355353857, '(17:10:57) Daniel Williams killed Jhonny Harris with Minigun'),
(319, 40, 44, 1355353857, '(17:10:57) Daniel Williams killed Jhonny Harris with Minigun'),
(320, 40, 44, 1355353857, '(17:10:57) Daniel Williams killed Jhonny Harris with Minigun'),
(321, 40, 44, 1355353858, '(17:10:58) Daniel Williams killed Jhonny Harris with Minigun'),
(322, 40, 44, 1355353858, '(17:10:58) Daniel Williams killed Jhonny Harris with Minigun'),
(323, 40, 31, 1355353859, '(17:10:59) Daniel Williams killed Mike Bishop with Minigun'),
(324, 40, 44, 1355353859, '(17:10:59) Daniel Williams killed Jhonny Harris with Minigun'),
(325, 40, 31, 1355353859, '(17:10:59) Daniel Williams killed Mike Bishop with Minigun'),
(326, 40, 31, 1355353859, '(17:10:59) Daniel Williams killed Mike Bishop with Minigun'),
(327, 40, 31, 1355353859, '(17:10:59) Daniel Williams killed Mike Bishop with Minigun'),
(328, 40, 31, 1355353859, '(17:10:59) Daniel Williams killed Mike Bishop with Minigun'),
(329, 40, 44, 1355353859, '(17:10:59) Daniel Williams killed Jhonny Harris with Minigun'),
(330, 40, 31, 1355353860, '(17:11:0) Daniel Williams killed Mike Bishop with Minigun'),
(331, 40, 44, 1355353860, '(17:11:0) Daniel Williams killed Jhonny Harris with Minigun'),
(332, 40, 31, 1355353860, '(17:11:0) Daniel Williams killed Mike Bishop with Minigun'),
(333, 40, 44, 1355353861, '(17:11:1) Daniel Williams killed Jhonny Harris with Minigun'),
(334, 40, 31, 1355353861, '(17:11:1) Daniel Williams killed Mike Bishop with Minigun'),
(335, 40, 44, 1355353861, '(17:11:1) Daniel Williams killed Jhonny Harris with Minigun'),
(336, 40, 44, 1355354028, '(17:13:48) Daniel Williams killed Jhonny Harris with Minigun'),
(337, 36, 37, 1355404833, '(7:20:33) Charles Tenpenny killed David Herling with Combat Shotgun'),
(338, 37, 67, 1355405034, '(7:23:54) David Herling killed Wayne Cristian with AK47');

-- --------------------------------------------------------

--
-- Tabellstruktur `players`
--

CREATE TABLE IF NOT EXISTS `players` (
  `ID` int(12) NOT NULL AUTO_INCREMENT,
  `Username` varchar(24) NOT NULL,
  `Password` varchar(129) NOT NULL,
  `Level` int(6) NOT NULL DEFAULT '0',
  `AdminLevel` int(6) NOT NULL DEFAULT '0',
  `AdminName` varchar(24) NOT NULL DEFAULT 'Nobody',
  `BanAppealer` int(2) NOT NULL DEFAULT '0',
  `Donator` int(2) NOT NULL DEFAULT '0',
  `Banned` int(2) NOT NULL DEFAULT '0',
  `Permabanned` int(2) NOT NULL DEFAULT '0',
  `Disabled` int(2) NOT NULL DEFAULT '0',
  `LastIP` varchar(20) NOT NULL DEFAULT '0.0.0.0',
  `Registered` int(2) NOT NULL DEFAULT '0',
  `Tutorial` int(2) NOT NULL DEFAULT '0',
  `Sex` int(2) NOT NULL DEFAULT '0',
  `Age` int(3) NOT NULL DEFAULT '16',
  `Skin` int(3) NOT NULL DEFAULT '299',
  `PosX` varchar(32) NOT NULL DEFAULT '0.000',
  `PosY` varchar(32) NOT NULL DEFAULT '0.000',
  `PosZ` varchar(32) NOT NULL DEFAULT '0.000',
  `PosR` varchar(32) NOT NULL DEFAULT '0.000',
  `ConnectTime` int(4) NOT NULL DEFAULT '0',
  `Respect` int(9) NOT NULL DEFAULT '0',
  `PhoneNumber` int(11) NOT NULL DEFAULT '0',
  `Warnings` int(1) NOT NULL DEFAULT '0',
  `Gang` int(2) NOT NULL DEFAULT '255',
  `Faction` int(2) NOT NULL DEFAULT '0',
  `Leader` int(2) NOT NULL DEFAULT '0',
  `Rank` int(1) NOT NULL DEFAULT '0',
  `Job` int(2) NOT NULL DEFAULT '0',
  `Job2` int(2) NOT NULL DEFAULT '0',
  `Mask` int(1) NOT NULL DEFAULT '0',
  `MaskID` int(11) NOT NULL DEFAULT '0',
  `MaskUse` int(6) NOT NULL DEFAULT '0',
  `UpgradePoints` int(9) NOT NULL DEFAULT '0',
  `SpawnArmor` varchar(32) NOT NULL DEFAULT '0.0',
  `Cash` int(11) NOT NULL DEFAULT '50',
  `Bank` int(11) NOT NULL DEFAULT '50',
  `Insurance` int(2) NOT NULL DEFAULT '0',
  `Crimes` int(9) NOT NULL DEFAULT '0',
  `Arrested` int(4) NOT NULL DEFAULT '0',
  `WantedLevel` int(1) NOT NULL DEFAULT '0',
  `Health` varchar(32) NOT NULL DEFAULT '75.0',
  `Armor` varchar(32) NOT NULL DEFAULT '0.0',
  `Pot` int(9) NOT NULL DEFAULT '0',
  `Crack` int(9) NOT NULL DEFAULT '0',
  `Radio` int(1) NOT NULL DEFAULT '0',
  `RadioFreq` int(11) NOT NULL DEFAULT '-1',
  `Phonebook` int(1) NOT NULL DEFAULT '0',
  `Dice` int(4) NOT NULL DEFAULT '0',
  `CDPlayer` int(4) NOT NULL DEFAULT '0',
  `Materials` int(4) NOT NULL DEFAULT '0',
  `Rope` int(4) NOT NULL DEFAULT '0',
  `Cigars` int(4) NOT NULL DEFAULT '0',
  `Sprunk` int(4) NOT NULL DEFAULT '0',
  `Spraycan` int(4) NOT NULL DEFAULT '0',
  `House` int(4) NOT NULL DEFAULT '0',
  `House2` int(4) NOT NULL DEFAULT '0',
  `Renting` int(4) NOT NULL DEFAULT '0',
  `Interior` int(11) NOT NULL DEFAULT '0',
  `VirtualWorld` int(11) NOT NULL DEFAULT '0',
  `Jailed` int(1) NOT NULL DEFAULT '0',
  `JailTime` int(11) NOT NULL DEFAULT '0',
  `Gun0` int(2) NOT NULL DEFAULT '0',
  `Gun1` int(2) NOT NULL DEFAULT '0',
  `Gun2` int(2) NOT NULL DEFAULT '0',
  `Gun3` int(2) NOT NULL DEFAULT '0',
  `Gun4` int(2) NOT NULL DEFAULT '0',
  `Gun5` int(2) NOT NULL DEFAULT '0',
  `Gun6` int(2) NOT NULL DEFAULT '0',
  `Gun7` int(2) NOT NULL DEFAULT '0',
  `Gun8` int(2) NOT NULL DEFAULT '0',
  `Gun9` int(2) NOT NULL DEFAULT '0',
  `Gun10` int(2) NOT NULL DEFAULT '0',
  `Gun11` int(2) NOT NULL DEFAULT '0',
  `Ammo0` int(6) NOT NULL DEFAULT '0',
  `Ammo1` int(6) NOT NULL DEFAULT '0',
  `Ammo2` int(6) NOT NULL DEFAULT '0',
  `Ammo3` int(6) NOT NULL DEFAULT '0',
  `Ammo4` int(6) NOT NULL DEFAULT '0',
  `Paycheck` int(11) NOT NULL DEFAULT '0',
  `PayReady` int(2) NOT NULL DEFAULT '0',
  `Hospital` int(2) NOT NULL DEFAULT '0',
  `DetSkill` int(5) NOT NULL DEFAULT '0',
  `FishSkill` int(12) NOT NULL DEFAULT '0',
  `LawSkill` int(5) NOT NULL DEFAULT '0',
  `SexSkill` int(5) NOT NULL DEFAULT '0',
  `DrugsSkill` int(5) NOT NULL DEFAULT '0',
  `SmugglerSkill` int(5) NOT NULL DEFAULT '0',
  `ArmsSkill` int(5) NOT NULL DEFAULT '0',
  `MechSkill` int(5) NOT NULL DEFAULT '0',
  `BoxSkill` int(5) NOT NULL DEFAULT '0',
  `TruckSkill` int(5) NOT NULL DEFAULT '0',
  `CarSkill` int(5) NOT NULL DEFAULT '0',
  `LawyerTime` int(4) NOT NULL DEFAULT '0',
  `LawyerFreeTime` int(4) NOT NULL DEFAULT '0',
  `DrugsTime` int(4) NOT NULL DEFAULT '0',
  `MechTime` int(4) NOT NULL DEFAULT '0',
  `SexTime` int(4) NOT NULL DEFAULT '0',
  `CarTime` int(4) NOT NULL DEFAULT '0',
  `Fishes` int(4) NOT NULL DEFAULT '0',
  `BiggestFish` int(4) NOT NULL DEFAULT '0',
  `pWEXists` int(2) NOT NULL DEFAULT '0',
  `pWX` varchar(32) NOT NULL DEFAULT '0.0',
  `pWY` varchar(32) NOT NULL DEFAULT '0.0',
  `pWZ` varchar(32) NOT NULL DEFAULT '0.0',
  `pWVW` int(9) NOT NULL DEFAULT '0',
  `pWInt` int(9) NOT NULL DEFAULT '0',
  `pWValue` int(9) NOT NULL DEFAULT '0',
  `pWSeeds` int(4) NOT NULL DEFAULT '0',
  `Wins` int(9) NOT NULL DEFAULT '0',
  `Loses` int(9) NOT NULL DEFAULT '0',
  `FightingStyle` int(4) NOT NULL DEFAULT '0',
  `Screwdriver` int(4) NOT NULL DEFAULT '0',
  `Smslog` int(2) NOT NULL DEFAULT '0',
  `Wristwatch` int(2) NOT NULL DEFAULT '0',
  `Tire` int(4) NOT NULL DEFAULT '0',
  `Firstaid` int(4) NOT NULL DEFAULT '0',
  `Rccam` int(4) NOT NULL DEFAULT '0',
  `Receiver` int(4) NOT NULL DEFAULT '0',
  `GPS` int(4) NOT NULL DEFAULT '0',
  `Sweep` int(4) NOT NULL DEFAULT '0',
  `SweepLeft` int(4) NOT NULL DEFAULT '0',
  `Bugged` int(4) NOT NULL DEFAULT '0',
  `OnDuty` int(2) NOT NULL DEFAULT '0',
  `CarLic` int(2) NOT NULL DEFAULT '0',
  `FlyLic` int(2) NOT NULL DEFAULT '0',
  `BoatLic` int(2) NOT NULL DEFAULT '0',
  `FishLic` int(2) NOT NULL DEFAULT '0',
  `GunLic` int(2) NOT NULL DEFAULT '0',
  `Division` int(4) NOT NULL DEFAULT '0',
  `TicketTime` int(4) NOT NULL DEFAULT '0',
  `HeadValue` int(11) NOT NULL DEFAULT '0',
  `ContractBy` varchar(24) NOT NULL,
  `ContractDetail` varchar(64) NOT NULL,
  `Bombs` int(4) NOT NULL DEFAULT '0',
  `CHits` int(11) NOT NULL DEFAULT '0',
  `FHits` int(11) NOT NULL DEFAULT '0',
  `PrisonedBy` varchar(24) NOT NULL DEFAULT 'Nobody',
  `PrisonReason` varchar(24) NOT NULL DEFAULT 'None',
  `AcceptReport` int(11) NOT NULL DEFAULT '0',
  `TrashReport` int(11) NOT NULL DEFAULT '0',
  `Accent` int(4) NOT NULL DEFAULT '0',
  `NewMuted` int(4) NOT NULL DEFAULT '0',
  `NewMutedTotal` int(4) NOT NULL DEFAULT '0',
  `AdMuted` int(4) NOT NULL DEFAULT '0',
  `AdMutedTotal` int(4) NOT NULL DEFAULT '0',
  `ReportMuted` int(2) NOT NULL DEFAULT '0',
  `ReportMutedTotal` int(4) NOT NULL DEFAULT '0',
  `ReportMutedTime` int(9) NOT NULL DEFAULT '0',
  `Speedo` int(2) NOT NULL DEFAULT '0',
  `GCMuted` int(4) NOT NULL DEFAULT '0',
  `GCMutedTime` int(9) NOT NULL DEFAULT '0',
  `CallsAccepted` int(11) NOT NULL DEFAULT '0',
  `PatientsDelivered` int(11) NOT NULL DEFAULT '0',
  `TriageTime` int(9) NOT NULL DEFAULT '9',
  `Married` int(2) NOT NULL DEFAULT '0',
  `MarriedTo` varchar(24) NOT NULL,
  `ReferredBy` varchar(24) NOT NULL,
  `RefTokens` int(9) NOT NULL DEFAULT '0',
  `RefTokensOffline` int(9) NOT NULL DEFAULT '0',
  `Helper` int(2) NOT NULL DEFAULT '0',
  `GangMod` int(2) NOT NULL DEFAULT '0',
  `LiveBanned` int(2) NOT NULL DEFAULT '0',
  `Flag` varchar(128) NOT NULL,
  PRIMARY KEY (`ID`)
) ENGINE=InnoDB  DEFAULT CHARSET=latin1 AUTO_INCREMENT=162 ;

--
-- Dumpning av Data i tabell `players`
--

INSERT INTO `players` (`ID`, `Username`, `Password`, `Level`, `AdminLevel`, `AdminName`, `BanAppealer`, `Donator`, `Banned`, `Permabanned`, `Disabled`, `LastIP`, `Registered`, `Tutorial`, `Sex`, `Age`, `Skin`, `PosX`, `PosY`, `PosZ`, `PosR`, `ConnectTime`, `Respect`, `PhoneNumber`, `Warnings`, `Gang`, `Faction`, `Leader`, `Rank`, `Job`, `Job2`, `Mask`, `MaskID`, `MaskUse`, `UpgradePoints`, `SpawnArmor`, `Cash`, `Bank`, `Insurance`, `Crimes`, `Arrested`, `WantedLevel`, `Health`, `Armor`, `Pot`, `Crack`, `Radio`, `RadioFreq`, `Phonebook`, `Dice`, `CDPlayer`, `Materials`, `Rope`, `Cigars`, `Sprunk`, `Spraycan`, `House`, `House2`, `Renting`, `Interior`, `VirtualWorld`, `Jailed`, `JailTime`, `Gun0`, `Gun1`, `Gun2`, `Gun3`, `Gun4`, `Gun5`, `Gun6`, `Gun7`, `Gun8`, `Gun9`, `Gun10`, `Gun11`, `Ammo0`, `Ammo1`, `Ammo2`, `Ammo3`, `Ammo4`, `Paycheck`, `PayReady`, `Hospital`, `DetSkill`, `FishSkill`, `LawSkill`, `SexSkill`, `DrugsSkill`, `SmugglerSkill`, `ArmsSkill`, `MechSkill`, `BoxSkill`, `TruckSkill`, `CarSkill`, `LawyerTime`, `LawyerFreeTime`, `DrugsTime`, `MechTime`, `SexTime`, `CarTime`, `Fishes`, `BiggestFish`, `pWEXists`, `pWX`, `pWY`, `pWZ`, `pWVW`, `pWInt`, `pWValue`, `pWSeeds`, `Wins`, `Loses`, `FightingStyle`, `Screwdriver`, `Smslog`, `Wristwatch`, `Tire`, `Firstaid`, `Rccam`, `Receiver`, `GPS`, `Sweep`, `SweepLeft`, `Bugged`, `OnDuty`, `CarLic`, `FlyLic`, `BoatLic`, `FishLic`, `GunLic`, `Division`, `TicketTime`, `HeadValue`, `ContractBy`, `ContractDetail`, `Bombs`, `CHits`, `FHits`, `PrisonedBy`, `PrisonReason`, `AcceptReport`, `TrashReport`, `Accent`, `NewMuted`, `NewMutedTotal`, `AdMuted`, `AdMutedTotal`, `ReportMuted`, `ReportMutedTotal`, `ReportMutedTime`, `Speedo`, `GCMuted`, `GCMutedTime`, `CallsAccepted`, `PatientsDelivered`, `TriageTime`, `Married`, `MarriedTo`, `ReferredBy`, `RefTokens`, `RefTokensOffline`, `Helper`, `GangMod`, `LiveBanned`, `Flag`) VALUES
(31, 'Mike_Bishop', '249E5586EC25BF5E29AD84BA5D7A2F227CF2ECBAC81BE0FC9A35C6C4499745FFE46DF11E22870B4AD86231FD5B447A4DF80E77EB189588E43B6BE7E7D5D1FEDE', 33, 6, 'N0FeaR', 0, 3, 0, 0, 0, '213.100.81.140', 1, 1, 1, 35, 165, '1873.635742', '-1385.670654', '13.542740', '73.573593', 33, 0, 1159, 0, 255, 0, 0, 0, 8, 0, 0, 0, 0, 996, '0.000000', 45, 17402, 0, 0, 0, 0, '100.000000', '0.000000', 57, 0, 0, 0, 1, 0, 0, 989550, 0, 0, 0, 7, 5, -1, -1, 0, 0, 0, 0, 0, 0, 0, 0, 0, 0, 0, 0, 0, 0, 0, 0, 0, 0, 0, 0, 0, 30745, 4, 0, 0, 0, 0, 0, 0, 0, 0, 0, 0, 9, 0, 0, 0, 0, 0, 0, 0, 0, 0, 0, '501.502929', '-78.759559', '997.257812', 0, 11, 14, 0, 0, 0, 6, 0, 0, 1, 0, 0, 0, 0, 1, 0, 0, 0, 0, 1, 1, 0, 0, 1, 5, 0, 0, 'Nobody', 'Nobody', 0, 0, 0, 'Nobody', 'None', 15, 1, 1, 0, 0, 0, 0, 0, 0, 0, 1, 0, 0, 0, 0, 0, 0, 'Nobody', '0', 0, 0, 2, 0, 0, ''),
(32, 'Nathan_Rowers', '37FF9F05AA3234EBA365B753ABCCE0D6B29892A8129F8E5E1FCCF747D3A1672F957C5DB1BE370D4293924A657AFADBE9E522EC5FC4CF22D48C625766EC1C2940', 72, 3, 'JackDaniels', 0, 0, 0, 0, 0, '81.224.226.227', 1, 1, 1, 31, 248, '492.574676', '-74.197631', '998.757812', '0.999950', 26, 0, 1441, 0, 0, 0, 0, 6, 0, 0, 0, 0, 0, 0, '0.000000', 2917, 43999, 0, 0, 0, 0, '106.000000', '0.000000', 217, 0, 0, 0, 1, 1, 0, 0, 0, 0, 0, 7, 10, -1, -1, 11, 0, 0, 0, 0, 0, 0, 0, 0, 0, 0, 0, 0, 0, 0, 0, 0, 0, 0, 0, 0, 12694, 2, 1, 0, 0, 0, 0, 0, 0, 0, 0, 0, 0, 0, 0, 0, 0, 0, 0, 0, 0, 0, 0, '2464.008056', '-1669.613281', '4497.416015', 0, 0, 45, 3, 0, 0, 7, 0, 0, 0, 0, 0, 0, 0, 0, 0, 0, 0, 0, 0, 1, 0, 0, 1, 0, 0, 0, 'Nobody', 'Nobody', 0, 0, 0, 'Nobody', 'None', 0, 0, 5, 0, 0, 0, 0, 0, 0, 0, 1, 0, 0, 0, 0, 0, 0, 'Nobody', '0', 0, 0, 2, 0, 0, ''),
(33, 'Rolison_McGyver', '8E34FF1FB0F3BF7A45D24107289754E662CC93AF17061238C6DB4EDFA8CE76B35A0EFAFB9B96D25725245CD2236CD60A122CCEC313C46700207361E302CA08C7', 2, 0, '0', 0, 0, 0, 0, 0, '41.234.55.115', 1, 1, 1, 19, 101, '1978.783569', '-1760.130615', '13.546875', '272.990692', 0, 0, 0, 0, 255, 0, 0, 0, 6, 0, 0, 0, 0, 0, '0.000000', 45, 100, 0, 0, 0, 0, '66.000000', '0.000000', 0, 0, 0, 0, 0, 0, 1, 0, 0, 0, 0, 0, -1, -1, -1, 0, 0, 0, 0, 0, 0, 0, 0, 0, 0, 0, 0, 0, 0, 0, 0, 0, 0, 0, 0, 0, 669, 1, 0, 0, 0, 0, 0, 0, 0, 0, 0, 0, 0, 0, 0, 0, 0, 0, 0, 0, 0, 0, 0, '0.000000', '0.000000', '0.000000', 0, 0, -1, 0, 0, 0, 4, 0, 0, 0, 0, 0, 0, 0, 0, 0, 0, 0, 0, 0, 0, 0, 0, 1, 0, 0, 0, 'Nobody', 'Nobody', 0, 0, 0, 'Nobody', 'None', 0, 0, 0, 0, 0, 0, 0, 0, 0, 0, 0, 0, 0, 0, 0, 0, 0, 'Nobody', '0', 0, 0, 0, 0, 0, ''),
(34, 'Kalle_Anka', '344907E89B981CAF221D05F597EB57A6AF408F15F4DD7895BBD1B96A2938EC24A7DCF23ACB94ECE0B6D7B0640358BC56BDB448194B9305311AFF038A834A079F', 1, 0, '0', 0, 0, 0, 0, 0, '213.114.200.107', 1, 1, 1, 23, 101, '1640.898803', '-2329.554443', '13.546875', '329.640014', 0, 0, 0, 0, 255, 0, 0, 0, 0, 0, 0, 0, 0, 0, '0.000000', 100, 100, 0, 0, 0, 0, '100.000000', '0.000000', 0, 0, 0, 0, 0, 0, 0, 0, 0, 0, 0, 0, -1, -1, -1, 0, 0, 0, 0, 0, 0, 0, 0, 0, 0, 0, 0, 0, 0, 0, 0, 0, 0, 0, 0, 0, 10, 0, 0, 0, 0, 0, 0, 0, 0, 0, 0, 0, 0, 0, 0, 0, 0, 0, 0, 0, 0, 0, 0, '0.000000', '0.000000', '0.000000', 0, 0, -1, 0, 0, 0, 4, 0, 0, 0, 0, 0, 0, 0, 0, 0, 0, 0, 0, 0, 0, 0, 0, 1, 0, 0, 0, 'Nobody', 'Nobody', 0, 0, 0, 'Nobody', 'None', 0, 0, 0, 0, 0, 0, 0, 0, 0, 0, 0, 0, 0, 0, 0, 0, 0, 'Nobody', '0', 0, 0, 0, 0, 0, ''),
(35, 'Thomas_Biondo', 'DA53B31FBBD629A5C998F219F53C28917A8D3B6FAD08A7361648D9014F88582FBD86A6C1B27FCDB90769AA5F5A0E6F04B71BFC9E667F02DB674F393FC9FE9B2D', 54, 0, '0', 0, 0, 0, 0, 0, '85.225.207.217', 1, 1, 1, 30, 261, '2476.427246', '-2108.008544', '13.546875', '277.327362', 16, 0, 1095, 0, 0, 0, 0, 5, 8, 0, 0, 0, 0, 0, '0.000000', 2849, 16222, 0, 0, 0, 0, '100.000000', '0.000000', 15, 0, 0, 0, 1, 0, 0, 0, 0, 0, 0, 10, 68, -1, -1, 0, 0, 0, 0, 0, 0, 23, 25, 28, 0, 0, 0, 0, 43, 10, 0, 0, 0, 0, 0, 0, 10219, 1, 0, 0, 0, 0, 0, 0, 0, 0, 0, 0, 10, 0, 0, 0, 0, 0, 0, 0, 0, 0, 0, '487.727691', '-82.948318', '997.257812', 0, 11, 15, 2, 0, 0, 6, 0, 0, 0, 0, 0, 0, 0, 0, 0, 0, 0, 0, 0, 0, 0, 0, 1, 0, 0, 0, 'Nobody', 'Nobody', 0, 0, 0, 'Nobody', 'None', 0, 0, 2, 1, 1, 0, 0, 0, 0, 0, 1, 0, 0, 0, 0, 0, 0, 'Nobody', 'Thomas_Biondo', 1, 0, 0, 0, 0, 'Non-RP name, needs to be changed - Nathan Rowers (5/12/2012)'),
(36, 'Charles_Tenpenny', '1577F91F0BFB863E3D75C280EFF627CEE65A1675ADDC57E31ADE16481CF38B517CE31B8601AB0731E944FAD025DFCC7C82BE4507817A3FFC3AB860B7F2724E95', 34, 6, 'Base3000', 0, 3, 0, 0, 0, '188.192.150.41', 1, 1, 1, 28, 265, '1433.789306', '-1563.763305', '13.351562', '171.666046', 12, 0, 1029, 0, 255, 1, 1, 10, 6, 0, 0, 0, 0, 0, '0.000000', 163557, 21249, 0, 0, 0, 0, '100.000000', '100.000000', 0, 0, 0, 0, 0, 0, 0, 0, 0, 8, 0, 0, 133, -1, -1, 0, 0, 0, 0, 0, 3, 24, 25, 29, 0, 0, 0, 0, 41, 10, 0, 0, 0, 0, 0, 0, 27588, 4, 0, 0, 0, 0, 0, 0, 0, 0, 0, 0, 0, 0, 0, 0, 0, 0, 0, 0, 0, 0, 0, '0.000000', '0.000000', '0.000000', 0, 0, -1, 0, 0, 0, 4, 0, 0, 0, 0, 0, 0, 0, 0, 0, 0, 0, 1, 0, 1, 0, 0, 1, 2, 0, 0, 'Nobody', 'Nobody', 0, 0, 0, 'Nobody', 'None', 4, 0, 7, 0, 0, 0, 0, 0, 0, 0, 1, 0, 0, 0, 0, 0, 0, 'Nobody', '0', 0, 0, 2, 0, 0, ''),
(37, 'David_Herling', 'FD9D94340DBD72C11B37EBB0D2A19B4D05E00FD78E4E2CE8923B9EA3A54E900DF181CFB112A8A73228D1F3551680E2AD9701A4FCFB248FA7FA77B95180628BB2', 52, 5, 'Sid.', 0, 0, 0, 0, 0, '217.210.224.18', 1, 1, 1, 24, 247, '2160.806152', '-1471.422851', '25.539062', '161.762298', 17, 0, 1117, 0, 0, 0, 0, 1, 0, 0, 0, 0, 0, 0, '0.000000', 700, 14678, 0, 2, 2, 0, '91.000000', '0.000000', 87, 0, 0, 0, 0, 0, 0, 0, 0, 0, 0, 9, 64, -1, -1, 0, 0, 0, 0, 0, 0, 0, 0, 0, 30, 0, 0, 0, 0, 0, 0, 0, 0, 0, 0, 0, 26059, 4, 0, 0, 0, 0, 0, 0, 0, 0, 0, 0, 0, 0, 0, 0, 0, 0, 0, 0, 0, 0, 0, '1937.484985', '187.226196', '33.482799', 0, 0, 11, 0, 0, 0, 4, 0, 0, 0, 0, 0, 0, 0, 0, 0, 0, 0, 0, 0, 0, 0, 0, 1, 0, 0, 0, 'Nobody', 'Nobody', 0, 0, 0, 'Nobody', 'None', 1, 0, 11, 0, 0, 0, 0, 0, 0, 0, 0, 0, 0, 0, 0, 0, 0, 'Nobody', '0', 0, 0, 2, 0, 0, 'David Herling may possibly have speed hacked (speeds of up to 279 MPH). - Server (8/12/2012)'),
(38, 'Sven_Assarsson', 'CB50DA61089DCE9C043096E89E86B42A63C3601AC5F71DA14854C7CFC52052734ED3252F28BCE91C4F529D59C3C053B74275BA52A868D2C4CDFDE684EA9CD719', 52, 0, '0', 0, 0, 0, 0, 0, '85.227.132.114', 1, 1, 1, 31, 17, '1827.075439', '-1659.995483', '13.518568', '180.172073', 13, 0, 1374, 0, 255, 9, 9, 6, 9, 0, 0, 0, 0, 0, '0.000000', 792, 32785, 0, 1, 0, 0, '100.000000', '0.000000', 0, 0, 0, 0, 0, 0, 0, 0, 0, 0, 0, 17, 116, -1, -1, 0, 0, 0, 0, 0, 0, 0, 0, 0, 0, 0, 0, 0, 0, 0, 0, 0, 0, 0, 0, 0, 8877, 3, 0, 0, 0, 0, 0, 0, 0, 0, 0, 0, 0, 0, 0, 0, 0, 0, 0, 0, 0, 0, 5563, '-210.208358', '66.126411', '1.617187', 0, 0, 45, 0, 0, 0, 4, 0, 0, 0, 0, 0, 0, 0, 0, 0, 0, 0, 0, 1, 0, 0, 0, 1, 2, 0, 0, 'Nobody', 'Nobody', 0, 0, 0, 'Nobody', 'None', 31, 0, 17, 0, 0, 0, 0, 0, 0, 0, 0, 0, 0, 0, 0, 0, 0, 'Nobody', '0', 1, 0, 1, 0, 0, ''),
(39, 'Aaron_Stephen', '03CE7DC86AE1E14AB5E6A7698A39DFB4B8765C51D8EA691936D8877F3FA671B4041AA6B8356C2CE597F0C3825673102A58AF904925E9FD0F1C3D93A664C509AE', 48, 0, '0', 0, 0, 0, 0, 0, '86.179.82.102', 1, 1, 1, 21, 120, '1504.363037', '-1736.028198', '13.382812', '269.782196', 17, 0, 1231, 0, 255, 5, 5, 10, 9, 0, 0, 0, 0, 0, '0.000000', 3586, 29558, 0, 2, 2, 0, '100.000000', '0.000000', 0, 0, 0, 0, 0, 0, 1, 0, 0, 0, 0, 0, -1, -1, -1, 0, 0, 0, 0, 0, 0, 0, 0, 0, 0, 0, 0, 0, 0, 0, 0, 0, 0, 0, 0, 0, 2761, 2, 0, 0, 0, 0, 0, 0, 0, 0, 0, 0, 0, 0, 0, 0, 0, 0, 0, 0, 0, 0, 0, '-210.103454', '70.627174', '1.589900', 0, 0, 11, 2, 0, 0, 4, 0, 0, 0, 0, 0, 0, 0, 0, 0, 0, 0, 1, 0, 0, 0, 0, 1, 0, 0, 0, 'Nobody', 'Nobody', 0, 0, 0, 'Nobody', 'None', 0, 0, 2, 0, 0, 0, 0, 0, 0, 0, 0, 0, 0, 0, 0, 0, 0, 'Nobody', '0', 0, 0, 0, 0, 0, ''),
(40, 'Daniel_Williams', '3FD4D59BB23F479FB4695E5AAAD4452DB4B9C9BDE124087DF1F2FF9F2CDE03138327F8A2EF342EC850E24F5B3263EEBF1EC00E29A1CA0310272941E6E0F7DE6F', 50, 0, 'DeCoyz', 0, 3, 0, 0, 0, '83.176.206.169', 1, 1, 1, 24, 186, '249.891738', '64.889358', '1003.640625', '89.613800', 17, 0, 7845, 0, 255, 1, 0, 0, 8, 3, 0, 0, 0, 0, '45.000000', 14788, 19391, 0, 0, 0, 0, '100.000000', '0.000000', 0, 0, 1, 1, 1, 0, 0, 0, 5, 0, 0, 9, -1, -1, 153, 6, 20002, 0, 0, 0, 3, 24, 0, 0, 31, 0, 0, 0, 41, 0, 0, 0, 0, 0, 0, 0, 2827, 0, 0, 0, 0, 0, 0, 0, 0, 0, 0, 0, 123, 0, 0, 0, 0, 0, 0, 0, 0, 0, 0, '0.000000', '0.000000', '0.000000', 0, 0, -1, 0, 0, 0, 4, 0, 0, 0, 0, 0, 0, 0, 0, 0, 0, 0, 1, 0, 1, 0, 0, 1, 2, 0, 0, 'Nobody', 'Nobody', 0, 0, 0, 'Nobody', 'None', 0, 3, 0, 0, 0, 0, 0, 0, 0, 0, 1, 0, 0, 0, 0, 0, 0, 'Nobody', '0', 0, 0, 0, 0, 0, 'Daniel Williams was possibly teleport truckrunning. - Server (9/12/2012)'),
(41, 'James_Brown', '3FD4D59BB23F479FB4695E5AAAD4452DB4B9C9BDE124087DF1F2FF9F2CDE03138327F8A2EF342EC850E24F5B3263EEBF1EC00E29A1CA0310272941E6E0F7DE6F', 1, 0, '0', 0, 0, 0, 0, 0, '83.176.206.169', 1, 1, 1, 24, 101, '2212.610107', '-1730.569946', '-80.000000', '0.999950', 0, 0, 0, 0, 255, 0, 0, 0, 0, 0, 0, 0, 0, 0, '0.000000', 100, 100, 0, 0, 0, 0, '100.000000', '0.000000', 0, 0, 0, 0, 0, 0, 0, 0, 0, 0, 0, 0, -1, -1, -1, 0, 0, 0, 0, 0, 0, 0, 0, 0, 0, 0, 0, 0, 0, 0, 0, 0, 0, 0, 0, 0, 6, 0, 0, 0, 0, 0, 0, 0, 0, 0, 0, 0, 0, 0, 0, 0, 0, 0, 0, 0, 0, 0, 0, '0.000000', '0.000000', '0.000000', 0, 0, -1, 0, 0, 0, 4, 0, 0, 0, 0, 0, 0, 0, 0, 0, 0, 0, 0, 0, 0, 0, 0, 1, 0, 0, 0, 'Nobody', 'Nobody', 0, 0, 0, 'Nobody', 'None', 0, 0, 0, 0, 0, 0, 0, 0, 0, 0, 0, 0, 0, 0, 0, 0, 0, 'Nobody', '0', 0, 0, 0, 0, 0, ''),
(42, 'Aaron_Cleeuts', '0A25F55D7308ECA6B9567A7ED3BD1B46327F0F1FFDC804DD8BB5AF40E88D78B88DF0D002A89E2FDBD5876C523F1B67BC44E9F87047598E7548298EA1C81CFD73', 1, 0, '0', 0, 2, 0, 0, 0, '86.42.251.22', 1, 1, 1, 20, 101, '405.375030', '-1798.826538', '7.482656', '86.907012', 0, 0, 0, 0, 255, 0, 0, 0, 0, 0, 0, 0, 0, 0, '0.000000', 100, 100, 0, 0, 0, 0, '100.000000', '0.000000', 0, 0, 0, 0, 0, 0, 0, 0, 0, 0, 0, 0, -1, -1, -1, 0, 0, 0, 0, 0, 0, 0, 0, 0, 0, 0, 0, 0, 0, 0, 0, 0, 0, 0, 0, 0, 184, 1, 0, 0, 0, 0, 0, 0, 0, 0, 0, 0, 0, 0, 0, 0, 0, 0, 0, 0, 0, 0, 0, '0.000000', '0.000000', '0.000000', 0, 0, -1, 0, 0, 0, 4, 0, 0, 0, 0, 0, 0, 0, 0, 0, 0, 0, 0, 0, 0, 0, 0, 1, 0, 0, 0, 'Nobody', 'Nobody', 0, 0, 0, 'Nobody', 'None', 0, 0, 0, 0, 0, 0, 0, 0, 0, 0, 0, 0, 0, 0, 0, 0, 0, 'Nobody', '0', 0, 0, 0, 0, 0, ''),
(43, 'Brian_Toreno', '2366CC4477BBFA7C1AF94DC776E899808C5A8F89E8D9A190078416555147EDA0248DACED3BA0E6D006F78FF342EA465A2E5B92389A6662F26CD7F66D385337CC', 1, 0, '0', 0, 0, 0, 0, 0, '78.70.73.7', 1, 1, 1, 29, 101, '1921.940185', '-2154.449951', '13.546701', '270.000030', 0, 0, 0, 0, 255, 0, 0, 0, 0, 0, 0, 0, 0, 0, '0.000000', 100, 100, 0, 0, 0, 0, '100.000000', '0.000000', 0, 0, 0, 0, 0, 0, 0, 0, 0, 0, 0, 0, -1, -1, -1, 0, 0, 0, 0, 0, 0, 0, 0, 0, 0, 0, 0, 0, 0, 0, 0, 0, 0, 0, 0, 0, 108, 0, 0, 0, 0, 0, 0, 0, 0, 0, 0, 0, 0, 0, 0, 0, 0, 0, 0, 0, 0, 0, 0, '0.000000', '0.000000', '0.000000', 0, 0, -1, 0, 0, 0, 4, 0, 0, 0, 0, 0, 0, 0, 0, 0, 0, 0, 0, 0, 0, 0, 0, 1, 0, 0, 0, 'Nobody', 'Nobody', 0, 0, 0, 'Nobody', 'None', 0, 0, 0, 0, 0, 0, 0, 0, 0, 0, 0, 0, 0, 0, 0, 0, 0, 'Nobody', '0', 0, 0, 0, 0, 0, ''),
(44, 'Jhonny_Harris', 'D6F5D1825D48196385CAF62173D61E88875E38F4D55DD8C8A6EC86746CE24768DFE4920E64D0965A994E0025F4ABD878A8A5490DE0F4416C5CB42870028CFB06', 64, 2, 'MaticKepa', 0, 0, 0, 0, 0, '95.176.209.0', 1, 1, 1, 22, 6, '1749.871337', '-1450.532348', '13.546875', '246.189575', 32, 0, 1343, 0, 255, 0, 0, 0, 8, 0, 0, 0, 0, 0, '0.000000', 9475, 55437, 0, 6, 3, 0, '4.000000', '0.000000', 0, 0, 0, 0, 1, 0, 0, 25, 0, 10, 2, 0, 104, -1, -1, 0, 0, 0, 0, 0, 0, 0, 0, 0, 0, 0, 0, 0, 0, 0, 0, 0, 0, 0, 0, 0, 3366, 2, 0, 0, 0, 0, 0, 0, 0, 0, 0, 0, 150, 0, 0, 0, 0, 0, 0, 0, 0, 0, 0, '0.000000', '0.000000', '0.000000', 0, 0, -1, 0, 0, 0, 4, 0, 0, 0, 0, 0, 0, 0, 0, 0, 0, 0, 0, 0, 1, 0, 0, 1, 0, 0, 0, 'Nobody', 'Nobody', 0, 0, 0, 'Nobody', 'None', 0, 0, 0, 0, 0, 0, 0, 0, 0, 0, 1, 0, 0, 0, 0, 0, 0, 'Nobody', '0', 0, 0, 0, 0, 0, 'Jhonny Harris was possibly teleport truckrunning. - Server (8/12/2012)'),
(45, 'Jack_Smith', '0BC64C70A9DD82C1CE15BEC6A2C9D7E12A9E00598BFFB5D4A55DC5343BA5EE1EA17FD1DF28C89B268E328414AB7B75ABAD0ABB45FE63FE2A1C228F66764B8233', 44, 0, '0', 0, 0, 0, 0, 0, '83.249.166.14', 1, 1, 1, 25, 266, '1159.670532', '-1370.515014', '26.789869', '290.045043', 23, 0, 1114, 0, 255, 1, 0, 2, 8, 0, 0, 0, 0, 0, '0.000000', 13155, 31451, 0, 0, 0, 0, '55.000000', '0.000000', 0, 0, 0, 0, 1, 0, 0, 0, 3, 9, 1, 19, 156, -1, -1, 0, 0, 0, 0, 0, 0, 0, 0, 0, 0, 0, 0, 0, 0, 0, 0, 0, 0, 0, 0, 0, 14201, 4, 0, 0, 0, 0, 0, 0, 0, 0, 0, 0, 1, 0, 0, 0, 0, 0, 0, 0, 0, 0, 0, '0.000000', '0.000000', '0.000000', 0, 0, -1, 0, 0, 0, 4, 0, 0, 0, 0, 0, 0, 0, 1, 0, 0, 0, 0, 0, 0, 0, 0, 1, 0, 0, 0, 'Nobody', 'Nobody', 0, 0, 0, 'Nobody', 'None', 25, 0, 7, 0, 0, 0, 0, 0, 0, 0, 0, 0, 0, 0, 0, 0, 0, 'Nobody', 'Sven_Assarsson', 0, 0, 1, 0, 0, ''),
(46, 'Jack_CooperLock', '0BC64C70A9DD82C1CE15BEC6A2C9D7E12A9E00598BFFB5D4A55DC5343BA5EE1EA17FD1DF28C89B268E328414AB7B75ABAD0ABB45FE63FE2A1C228F66764B8233', 1, 0, '0', 0, 0, 0, 0, 0, '83.249.166.14', 1, 0, 2, 0, 55, '1545.119384', '-1675.167114', '13.559740', '0.999950', 0, 0, 0, 0, 255, 0, 0, 0, 0, 0, 0, 0, 0, 0, '0.000000', 100, 100, 0, 0, 0, 0, '100.000000', '0.000000', 0, 0, 0, 0, 1, 0, 0, 0, 0, 0, 0, 0, -1, -1, -1, 0, 70707, 0, 0, 0, 0, 0, 0, 0, 0, 0, 0, 0, 0, 0, 0, 0, 0, 0, 0, 0, 5, 0, 0, 0, 0, 0, 0, 0, 0, 0, 0, 0, 0, 0, 0, 0, 0, 0, 0, 0, 0, 0, 0, '0.000000', '0.000000', '0.000000', 0, 0, -1, 0, 0, 0, 4, 0, 0, 0, 0, 0, 0, 0, 0, 0, 0, 0, 0, 0, 0, 0, 0, 1, 0, 0, 0, 'Nobody', 'Nobody', 0, 0, 0, 'Nobody', 'None', 0, 0, 0, 0, 0, 0, 0, 0, 0, 0, 0, 0, 0, 0, 0, 0, 0, 'Nobody', '0', 0, 0, 0, 0, 0, ''),
(47, 'John_Haushitz', '47BC7546F66F2DA4EBBA62298E72B11C8F58C5BB41974B479512777F54EC1E5C616084A7FBBD1E1DDA00581F22EBD59DDB486E999FEE574141384EE6DAC42AD0', 1, 0, '0', 0, 0, 0, 0, 0, '2.127.33.235', 1, 1, 1, 23, 101, '1987.124633', '-1997.098388', '13.150709', '89.998870', 0, 0, 0, 0, 255, 0, 0, 0, 0, 0, 0, 0, 0, 0, '0.000000', 5000, 100, 0, 0, 0, 0, '100.000000', '0.000000', 0, 0, 0, 0, 0, 0, 0, 0, 0, 0, 0, 0, -1, -1, -1, 0, 0, 0, 0, 0, 0, 0, 0, 0, 0, 0, 0, 0, 0, 0, 0, 0, 0, 0, 0, 0, 99, 1, 0, 0, 0, 0, 0, 0, 0, 0, 0, 0, 0, 0, 0, 0, 0, 0, 0, 0, 0, 0, 0, '0.000000', '0.000000', '0.000000', 0, 0, -1, 0, 0, 0, 4, 0, 0, 0, 0, 0, 0, 0, 0, 0, 0, 0, 0, 0, 0, 0, 0, 0, 0, 0, 0, 'Nobody', 'Nobody', 0, 0, 0, 'Nobody', 'None', 0, 0, 0, 0, 0, 0, 0, 0, 0, 0, 0, 0, 0, 0, 0, 0, 0, 'Nobody', '0', 0, 0, 0, 0, 0, ''),
(48, 'Conny_Ekengard', '0282D3367C5FC34905A3061FC6513B68D1D0021FEF518DF0FF6BC50D46A01C5AFF755DC181636BDAC17747D782F559AD1ECD830925B2F610929830B58F760A3A', 8, 0, '0', 0, 0, 0, 0, 0, '78.69.247.103', 1, 1, 1, 19, 247, '1053.620361', '-1295.624023', '13.597184', '237.125839', 2, 0, 1322, 0, 0, 0, 0, 3, 8, 0, 0, 0, 0, 0, '0.000000', 405, 800, 0, 0, 0, 0, '47.000000', '0.000000', 0, 0, 0, 0, 1, 1, 0, 0, 0, 0, 0, 0, -1, -1, -1, 0, 0, 0, 0, 0, 0, 23, 0, 28, 0, 0, 0, 0, 0, 0, 0, 0, 0, 0, 0, 0, 14944, 4, 0, 0, 0, 0, 0, 0, 0, 0, 0, 0, 4, 0, 0, 0, 0, 0, 0, 0, 0, 0, 4436, '2463.041015', '-1669.748901', '4497.416015', 0, 0, 45, 1, 0, 0, 4, 0, 0, 0, 0, 0, 0, 0, 0, 0, 0, 0, 0, 0, 0, 0, 0, 0, 0, 0, 0, 'Nobody', 'Nobody', 0, 0, 0, 'Nobody', 'None', 0, 0, 0, 0, 0, 0, 0, 0, 0, 0, 1, 0, 0, 0, 0, 0, 0, 'Nobody', '0', 0, 0, 0, 0, 0, ''),
(49, 'Dennis_Axelsson', '44F2D1B3F745DDE920FD76088B358B61E4CEF9D2E1776C20E50AF8F68456331E848B4CFA9CB1FAB5D59CF34739BA8F5709C613BEF759CCF215E48797D7B4AF56', 2, 0, '0', 0, 0, 0, 0, 0, '178.28.43.161', 1, 1, 1, 19, 29, '1287.372924', '-1584.001953', '4001.029785', '183.495376', 0, 0, 0, 0, 0, 0, 0, 2, 0, 0, 0, 0, 0, 0, '0.000000', 4000, 100, 0, 0, 0, 0, '80.000000', '0.000000', 0, 0, 0, 0, 1, 0, 0, 0, 0, 0, 0, 0, -1, -1, -1, 0, 0, 0, 0, 0, 0, 0, 0, 0, 0, 0, 0, 0, 0, 0, 0, 0, 0, 0, 0, 0, 2703, 6, 0, 0, 0, 0, 0, 0, 0, 0, 0, 0, 0, 0, 0, 0, 0, 0, 0, 0, 0, 0, 4164, '2464.909423', '-1669.596191', '4497.416015', 0, 0, 2, 1, 0, 0, 4, 0, 0, 0, 0, 0, 0, 0, 0, 0, 0, 0, 0, 0, 0, 0, 0, 0, 0, 0, 0, 'Nobody', 'Nobody', 0, 0, 0, 'Nobody', 'None', 0, 0, 0, 0, 0, 0, 0, 0, 0, 0, 0, 0, 0, 0, 0, 0, 0, 'Nobody', '0', 0, 0, 0, 0, 0, ''),
(50, 'gibby_lasal', '4798E9EAB484B1BC5CCA012CBDE34910C80F7F4D494B539ED09DFBDFE3AA268A98787156625579FD8FADB1DFC3435B405E89C268C0804285FE5A446CB88C0068', 1, 0, '0', 0, 0, 0, 0, 0, '86.86.37.243', 1, 0, 1, 14, 119, '2212.610107', '-1730.569946', '-80.000000', '0.999950', 0, 0, 0, 0, 255, 0, 0, 0, 0, 0, 0, 0, 0, 0, '0.000000', 5000, 100, 0, 0, 0, 0, '100.000000', '0.000000', 0, 0, 0, 0, 1, 1, 0, 0, 0, 0, 0, 0, -1, -1, -1, 0, 0, 0, 0, 0, 0, 0, 0, 0, 0, 0, 0, 0, 0, 0, 0, 0, 0, 0, 0, 0, 11, 0, 0, 0, 0, 0, 0, 0, 0, 0, 0, 0, 0, 0, 0, 0, 0, 0, 0, 0, 0, 0, 0, '0.000000', '0.000000', '0.000000', 0, 0, -1, 0, 0, 0, 4, 0, 0, 0, 0, 0, 0, 0, 0, 0, 0, 0, 0, 0, 0, 0, 0, 0, 0, 0, 0, 'Nobody', 'Nobody', 0, 0, 0, 'Nobody', 'None', 0, 0, 0, 0, 0, 0, 0, 0, 0, 0, 0, 0, 0, 0, 0, 0, 0, 'Nobody', '0', 0, 0, 0, 0, 0, ''),
(51, 'ken_swedish', '4798E9EAB484B1BC5CCA012CBDE34910C80F7F4D494B539ED09DFBDFE3AA268A98787156625579FD8FADB1DFC3435B405E89C268C0804285FE5A446CB88C0068', 2, 0, '0', 0, 0, 0, 0, 0, '86.86.37.243', 1, 1, 1, 14, 101, '1537.153808', '-1710.557861', '13.546875', '160.033599', 0, 0, 0, 0, 255, 0, 0, 0, 0, 0, 0, 0, 0, 0, '0.000000', 5000, 100, 0, 0, 0, 0, '50.000000', '0.000000', 0, 0, 0, 0, 1, 1, 0, 0, 0, 0, 0, 0, -1, -1, -1, 0, 0, 0, 0, 0, 0, 0, 0, 0, 0, 0, 0, 0, 0, 0, 0, 0, 0, 0, 0, 0, 463, 2, 0, 0, 0, 0, 0, 0, 0, 0, 0, 0, 0, 0, 0, 0, 0, 0, 0, 0, 0, 0, 0, '0.000000', '0.000000', '0.000000', 0, 0, -1, 0, 0, 0, 4, 0, 0, 0, 0, 0, 0, 0, 0, 0, 0, 0, 0, 0, 0, 0, 0, 0, 0, 0, 0, 'Nobody', 'Nobody', 0, 0, 0, 'Nobody', 'None', 0, 0, 0, 0, 0, 0, 0, 0, 0, 0, 0, 0, 0, 0, 0, 0, 0, 'Nobody', '0', 0, 0, 0, 0, 0, ''),
(52, 'Ziga_Petterson', 'FA15419197CF3365479F9A83C60CCB9EBFCE2091F9AC3C7C11EAA5E5F2E94F3766BF393B2D1641E6D6DB88C9E1BEDE21F080AF374FC1FF0919E7F0E723044EC5', 4, 0, '0', 0, 0, 0, 0, 0, '89.212.167.120', 1, 1, 1, 21, 101, '2265.772705', '-1156.537597', '26.950145', '273.619171', 1, 0, 0, 0, 255, 0, 0, 0, 8, 0, 0, 0, 0, 0, '0.000000', 2864, 282, 0, 2, 1, 0, '97.000000', '0.000000', 0, 0, 0, 0, 1, 1, 0, 0, 0, 0, 0, 0, -1, -1, -1, 0, 0, 0, 0, 0, 0, 0, 0, 0, 0, 0, 0, 0, 0, 0, 0, 0, 0, 0, 0, 0, 3900, 4, 0, 0, 0, 0, 0, 0, 0, 0, 0, 0, 7, 0, 0, 0, 0, 0, 0, 0, 0, 0, 0, '0.000000', '0.000000', '0.000000', 0, 0, -1, 0, 0, 0, 4, 0, 0, 0, 0, 0, 0, 0, 0, 0, 0, 0, 0, 1, 0, 0, 0, 0, 0, 0, 0, 'Nobody', 'Nobody', 0, 0, 0, 'Nobody', 'None', 0, 0, 0, 0, 0, 0, 0, 0, 0, 0, 0, 0, 0, 0, 0, 0, 0, 'Nobody', 'Jhonny_Harris', 0, 0, 0, 0, 0, ''),
(53, 'Anna_Everett', 'CB50DA61089DCE9C043096E89E86B42A63C3601AC5F71DA14854C7CFC52052734ED3252F28BCE91C4F529D59C3C053B74275BA52A868D2C4CDFDE684EA9CD719', 7, 0, '0', 0, 0, 0, 0, 0, '85.227.132.114', 1, 1, 2, 29, 12, '2062.482421', '-1693.287719', '13.546875', '136.961471', 4, 0, 1375, 0, 255, 0, 0, 0, 0, 0, 0, 0, 0, 0, '0.000000', 1474, 974, 0, 1, 1, 0, '90.000000', '0.000000', 0, 0, 0, 0, 0, 0, 0, 0, 0, 0, 0, 0, 12, -1, -1, 0, 0, 0, 0, 0, 0, 0, 0, 0, 0, 0, 0, 0, 0, 0, 0, 0, 0, 0, 0, 0, 3488, 1, 0, 0, 0, 0, 0, 0, 0, 0, 0, 0, 0, 0, 0, 0, 0, 0, 0, 0, 0, 0, 0, '0.000000', '0.000000', '0.000000', 0, 0, -1, 0, 0, 0, 4, 0, 0, 0, 0, 0, 0, 0, 0, 0, 0, 0, 0, 0, 0, 0, 0, 0, 0, 0, 0, 'Nobody', 'Nobody', 0, 0, 0, 'Nobody', 'None', 1, 0, 0, 0, 0, 0, 0, 0, 0, 0, 0, 0, 0, 0, 0, 0, 0, 'Nobody', 'Sven_Assarsson', 0, 0, 1, 0, 0, ''),
(54, 'John_Slumz', '267C75D6520DFB9275C5AA8F90A45E49FFA9AF83F93E8CD97FBFAECDA58C3B33469FD96919ED7A9F6241B545423795B8BDC17B1A5932D3A04A0F5A4E793E34DA', 1, 0, '0', 0, 0, 0, 0, 0, '109.182.80.103', 1, 1, 1, 26, 28, '2069.111328', '-1913.901000', '13.546875', '123.473861', 0, 0, 1091, 0, 255, 0, 0, 0, 0, 0, 0, 0, 0, 0, '0.000000', 4120, 100, 0, 0, 0, 0, '100.000000', '0.000000', 0, 0, 0, 0, 1, 0, 0, 0, 0, 10, 0, 0, -1, -1, -1, 0, 0, 0, 0, 0, 0, 0, 0, 0, 0, 0, 0, 0, 0, 0, 0, 0, 0, 0, 0, 0, 1337, 3, 0, 0, 0, 0, 0, 0, 0, 0, 0, 0, 0, 0, 0, 0, 0, 0, 0, 0, 0, 0, 0, '0.000000', '0.000000', '0.000000', 0, 0, -1, 0, 0, 0, 4, 0, 0, 0, 0, 0, 0, 0, 0, 0, 0, 0, 0, 1, 0, 0, 0, 0, 0, 0, 0, 'Nobody', 'Nobody', 0, 0, 0, 'Nobody', 'None', 0, 0, 0, 0, 0, 0, 0, 0, 0, 0, 0, 0, 0, 0, 0, 0, 0, 'Nobody', 'Jhonny_Harris', 0, 0, 1, 0, 0, ''),
(55, 'Joe_Adonis', 'A64713C77306E60B0FE97369D14079F514EDCD6415A23242C762CDF30D95AAB21B230559E8D09F3073C377DE497DCE2B2909F714C5FD48FA7DD973D4C627A4F8', 26, 1, 'Meat', 0, 0, 0, 0, 0, '62.63.245.29', 1, 1, 1, 36, 7, '950.741149', '-1255.422607', '15.858456', '181.651153', 13, 0, 1136, 0, 255, 0, 0, 0, 6, 0, 0, 0, 0, 0, '0.000000', 2829, 1919, 0, 0, 0, 0, '97.000000', '0.000000', 0, 0, 0, 0, 1, 0, 0, 0, 0, 9, 0, 0, -1, -1, -1, 0, 0, 0, 0, 0, 3, 24, 0, 0, 0, 0, 0, 0, 41, 0, 0, 0, 0, 0, 0, 0, 1001, 1, 0, 0, 0, 0, 0, 0, 0, 0, 0, 0, 0, 0, 0, 0, 0, 0, 0, 0, 0, 0, 0, '0.000000', '0.000000', '0.000000', 0, 0, -1, 0, 0, 0, 4, 0, 0, 0, 0, 0, 0, 0, 0, 0, 0, 0, 0, 1, 0, 0, 0, 0, 0, 0, 0, 'Nobody', 'Nobody', 0, 0, 0, 'Nobody', 'None', 0, 0, 5, 0, 0, 0, 0, 0, 0, 0, 1, 0, 0, 0, 0, 0, 0, 'Nobody', '0', 0, 0, 0, 0, 0, ''),
(56, 'Frissel_Sucks', '68C1600FA01BA0E6456FBE47BB486295BE465FC36D70B68BA7F120379549D3CCFC5FDA5AE0CC305BD4E4CE743B1B43E15B47C77D04F861A47BD0FBCABD319C98', 1, 0, '0', 0, 0, 0, 0, 0, '87.182.163.124', 1, 0, 1, 0, 299, '1560.798095', '-1673.851318', '3.975926', '0.999950', 0, 0, 0, 0, 255, 0, 0, 0, 0, 0, 0, 0, 0, 0, '0.000000', 5000, 100, 0, 0, 0, 0, '100.000000', '0.000000', 0, 0, 0, 0, 0, 0, 0, 0, 0, 0, 0, 0, -1, -1, -1, 0, 70707, 0, 0, 0, 0, 0, 0, 0, 0, 0, 0, 0, 0, 0, 0, 0, 0, 0, 0, 0, 2, 0, 0, 0, 0, 0, 0, 0, 0, 0, 0, 0, 0, 0, 0, 0, 0, 0, 0, 0, 0, 0, 0, '0.000000', '0.000000', '0.000000', 0, 0, -1, 0, 0, 0, 4, 0, 0, 0, 0, 0, 0, 0, 0, 0, 0, 0, 0, 0, 0, 0, 0, 0, 0, 0, 0, 'Nobody', 'Nobody', 0, 0, 0, 'Nobody', 'None', 0, 0, 0, 0, 0, 0, 0, 0, 0, 0, 0, 0, 0, 0, 0, 0, 0, 'Nobody', '0', 0, 0, 0, 0, 0, ''),
(57, 'Frisell_Sucks', '68C1600FA01BA0E6456FBE47BB486295BE465FC36D70B68BA7F120379549D3CCFC5FDA5AE0CC305BD4E4CE743B1B43E15B47C77D04F861A47BD0FBCABD319C98', 1, 0, '0', 0, 0, 0, 0, 0, '87.182.163.124', 1, 1, 1, 14, 101, '1638.752685', '-2333.218017', '13.546875', '329.640014', 0, 0, 0, 0, 255, 0, 0, 0, 0, 0, 0, 0, 0, 0, '0.000000', 5000, 100, 0, 0, 0, 0, '100.000000', '0.000000', 0, 0, 0, 0, 0, 0, 0, 0, 0, 0, 0, 0, -1, -1, -1, 0, 0, 0, 0, 0, 0, 0, 0, 0, 0, 0, 0, 0, 0, 0, 0, 0, 0, 0, 0, 0, 25, 0, 0, 0, 0, 0, 0, 0, 0, 0, 0, 0, 0, 0, 0, 0, 0, 0, 0, 0, 0, 0, 0, '0.000000', '0.000000', '0.000000', 0, 0, -1, 0, 0, 0, 4, 0, 0, 0, 0, 0, 0, 0, 0, 0, 0, 0, 0, 0, 0, 0, 0, 0, 0, 0, 0, 'Nobody', 'Nobody', 0, 0, 0, 'Nobody', 'None', 0, 0, 0, 0, 0, 0, 0, 0, 0, 0, 0, 0, 0, 0, 0, 0, 0, 'Nobody', '0', 0, 0, 0, 0, 0, ''),
(58, 'Daniel_Cray', '68C1600FA01BA0E6456FBE47BB486295BE465FC36D70B68BA7F120379549D3CCFC5FDA5AE0CC305BD4E4CE743B1B43E15B47C77D04F861A47BD0FBCABD319C98', 1, 0, '0', 0, 0, 0, 0, 0, '87.182.163.124', 1, 1, 1, 14, 240, '1453.659545', '-1733.137451', '12.981550', '88.628669', 0, 0, 0, 0, 255, 0, 0, 0, 0, 0, 0, 0, 0, 0, '0.000000', 5000, 100, 0, 0, 0, 0, '100.000000', '0.000000', 0, 0, 0, 0, 0, 0, 0, 0, 0, 0, 0, 0, -1, -1, -1, 0, 0, 0, 0, 0, 0, 0, 0, 0, 0, 0, 0, 0, 0, 0, 0, 0, 0, 0, 0, 0, 111, 0, 0, 0, 0, 0, 0, 0, 0, 0, 0, 0, 0, 0, 0, 0, 0, 0, 0, 0, 0, 0, 0, '0.000000', '0.000000', '0.000000', 0, 0, -1, 0, 0, 0, 4, 0, 0, 0, 0, 0, 0, 0, 0, 0, 0, 0, 0, 0, 0, 0, 0, 0, 0, 0, 0, 'Nobody', 'Nobody', 0, 0, 0, 'Nobody', 'None', 0, 0, 0, 0, 0, 0, 0, 0, 0, 0, 0, 0, 0, 0, 0, 0, 0, 'Nobody', '0', 0, 0, 0, 0, 0, ''),
(59, 'Nate_Western', 'B9BDA12210D9DB9F1B5DFDAC87D096B882D892FF3A71D8BD30CE2A398059B02226BB1E5E5B15A537CEA52E013F2CA70FBD4B4EBC1093A51C2E78FD5ECA437AEA', 1, 0, '0', 0, 0, 0, 0, 0, '174.101.187.100', 1, 1, 1, 22, 101, '1701.122680', '-2250.618896', '12.953886', '118.286369', 0, 0, 0, 0, 255, 0, 0, 0, 0, 0, 0, 0, 0, 0, '0.000000', 5000, 100, 0, 0, 0, 0, '100.000000', '0.000000', 0, 0, 0, 0, 0, 0, 0, 0, 0, 0, 0, 0, -1, -1, -1, 0, 0, 0, 0, 0, 0, 0, 0, 0, 0, 0, 0, 0, 0, 0, 0, 0, 0, 0, 0, 0, 276, 0, 0, 0, 0, 0, 0, 0, 0, 0, 0, 0, 0, 0, 0, 0, 0, 0, 0, 0, 0, 0, 0, '0.000000', '0.000000', '0.000000', 0, 0, -1, 0, 0, 0, 4, 0, 0, 0, 0, 0, 0, 0, 0, 0, 0, 0, 0, 0, 0, 0, 0, 0, 0, 0, 0, 'Nobody', 'Nobody', 0, 0, 0, 'Nobody', 'None', 0, 0, 0, 0, 0, 0, 0, 0, 0, 0, 0, 0, 0, 0, 0, 0, 0, 'Nobody', '0', 0, 0, 0, 0, 0, ''),
(60, 'Carter_Kennedy', 'A75127E3F9B4CD07C065AD4C30818F327B84B442E12CDE34CAA18E70F8212A3FEBD699F1CAC46039D089A2158818CD865DAAA2CA1D4B43EBC05BF33DA4FBE481', 28, 0, '0', 0, 3, 0, 0, 0, '79.176.117.36', 1, 1, 1, 27, 276, '1833.573974', '-1748.169921', '13.382812', '271.796417', 15, 0, 6697166, 0, 255, 3, 3, 10, 9, 8, 0, 0, 0, 0, '0.000000', 34615, 4661, 0, 0, 0, 0, '95.000000', '0.000000', 0, 0, 0, 0, 1, 0, 0, 0, 0, 6, 0, 0, 153, -1, -1, 0, 0, 0, 0, 0, 0, 0, 0, 0, 0, 0, 0, 0, 42, 0, 0, 0, 0, 0, 0, 0, 18722, 4, 0, 0, 0, 0, 0, 0, 0, 0, 0, 0, 17, 0, 0, 0, 0, 0, 0, 0, 0, 0, 0, '0.000000', '0.000000', '0.000000', 0, 0, -1, 0, 0, 0, 4, 0, 0, 0, 0, 0, 0, 0, 0, 0, 0, 0, 1, 1, 1, 0, 0, 0, 0, 0, 0, 'Nobody', 'Nobody', 0, 0, 0, 'Nobody', 'None', 0, 0, 0, 0, 0, 0, 0, 0, 0, 0, 1, 0, 0, 1, 0, 0, 0, 'Nobody', '0', 0, 0, 1, 0, 0, 'Carter Kennedy may possibly have speed hacked (speeds of up to 224 MPH). - Server (10/12/2012)'),
(61, 'Zack_Larsen', 'E83D0B630C10C6973044C55EB89ED7B8277E1D390EC8371A082AE602A2A63A03834DA1FDA0A9AB50C74FC346AC4D63B2E554D1DE51235834119B099B464F0E8E', 2, 0, '0', 0, 0, 0, 0, 0, '85.227.132.114', 1, 1, 1, 41, 101, '1261.863891', '-1232.588012', '15.131357', '89.996452', 0, 0, 0, 0, 255, 0, 0, 0, 0, 0, 0, 0, 0, 0, '0.000000', 5000, 100, 0, 0, 0, 0, '100.000000', '0.000000', 0, 0, 0, 0, 0, 0, 0, 0, 0, 0, 0, 0, -1, -1, -1, 0, 0, 0, 0, 0, 0, 0, 0, 0, 0, 0, 0, 0, 0, 0, 0, 0, 0, 0, 0, 0, 86, 0, 0, 0, 0, 0, 0, 0, 0, 0, 0, 0, 0, 0, 0, 0, 0, 0, 0, 0, 0, 0, 0, '0.000000', '0.000000', '0.000000', 0, 0, -1, 0, 0, 0, 4, 0, 0, 0, 0, 0, 0, 0, 0, 0, 0, 0, 0, 0, 0, 0, 0, 0, 0, 0, 0, 'Nobody', 'Nobody', 0, 0, 0, 'Nobody', 'None', 0, 0, 0, 0, 0, 0, 0, 0, 0, 0, 0, 0, 0, 0, 0, 0, 0, 'Nobody', 'Sven_Assarsson', 0, 0, 0, 0, 0, ''),
(62, 'Jack_Stungman', 'A4448537EA4ECF6781CDAE593E47EA897F9824AFC5DACCF033153C35E3F7293FF92327539BEF88E1E117D452674F973AFEB52B421A40B937745B993C4C644CD9', 1, 0, '0', 0, 0, 3, 0, 0, '41.69.23.229', 1, 1, 1, 20, 101, '1636.969116', '-2321.631835', '13.382812', '286.880035', 0, 0, 0, 0, 255, 0, 0, 0, 0, 0, 0, 0, 0, 0, '0.000000', 5000, 100, 0, 0, 0, 0, '100.000000', '0.000000', 0, 0, 0, 0, 1, 0, 0, 0, 0, 0, 0, 0, -1, -1, -1, 0, 0, 0, 0, 0, 0, 0, 0, 0, 0, 0, 0, 0, 0, 0, 0, 0, 0, 0, 0, 0, 138, 0, 0, 0, 0, 0, 0, 0, 0, 0, 0, 0, 0, 0, 0, 0, 0, 0, 0, 0, 0, 0, 0, '0.000000', '0.000000', '0.000000', 0, 0, -1, 0, 0, 0, 4, 0, 0, 0, 0, 0, 0, 0, 0, 0, 0, 0, 1, 0, 0, 0, 0, 0, 0, 0, 0, 'Nobody', 'Nobody', 0, 0, 0, 'Nobody', 'None', 0, 0, 0, 0, 0, 0, 0, 0, 0, 0, 0, 0, 0, 0, 0, 0, 0, 'Nobody', '0', 0, 0, 0, 0, 0, ''),
(63, 'Matt_Richards', '19DE79C3C60FCD5EA4CE861824A0506907241DF5F15CBE674A65D95EA901B70D0881BFD53D8E24ED6A54D2942D47D75920989A5D2F431BB62CB9A13BBA49F018', 1, 0, '0', 0, 0, 0, 0, 0, '83.131.86.232', 1, 1, 1, 24, 101, '1463.970214', '-1602.651611', '13.325937', '92.866798', 0, 0, 0, 0, 255, 0, 0, 0, 0, 0, 0, 0, 0, 0, '0.000000', 5000, 100, 0, 0, 0, 0, '100.000000', '0.000000', 0, 0, 0, 0, 0, 0, 0, 0, 0, 0, 0, 0, -1, -1, -1, 0, 0, 0, 0, 0, 0, 0, 0, 0, 0, 0, 0, 0, 0, 0, 0, 0, 0, 0, 0, 0, 115, 0, 0, 0, 0, 0, 0, 0, 0, 0, 0, 0, 0, 0, 0, 0, 0, 0, 0, 0, 0, 0, 0, '0.000000', '0.000000', '0.000000', 0, 0, -1, 0, 0, 0, 4, 0, 0, 0, 0, 0, 0, 0, 0, 0, 0, 0, 1, 0, 0, 0, 0, 0, 0, 0, 0, 'Nobody', 'Nobody', 0, 0, 0, 'Nobody', 'None', 0, 0, 0, 0, 0, 0, 0, 0, 0, 0, 0, 0, 0, 0, 0, 0, 0, 'Nobody', '0', 0, 0, 0, 0, 0, ''),
(64, 'Ash_Walker', '344907E89B981CAF221D05F597EB57A6AF408F15F4DD7895BBD1B96A2938EC24A7DCF23ACB94ECE0B6D7B0640358BC56BDB448194B9305311AFF038A834A079F', 1, 0, '0', 0, 0, 0, 0, 0, '81.99.253.131', 1, 1, 1, 21, 101, '246.554565', '64.259399', '1003.640625', '0.939619', 0, 0, 0, 0, 255, 0, 0, 0, 0, 0, 0, 0, 0, 0, '0.000000', 5000, 100, 0, 0, 0, 0, '100.000000', '0.000000', 0, 0, 0, 0, 0, 0, 0, 0, 0, 0, 0, 0, -1, -1, -1, 6, 20002, 0, 0, 0, 0, 0, 0, 0, 0, 0, 0, 0, 0, 0, 0, 0, 0, 0, 0, 0, 96, 0, 0, 0, 0, 0, 0, 0, 0, 0, 0, 0, 0, 0, 0, 0, 0, 0, 0, 0, 0, 0, 0, '0.000000', '0.000000', '0.000000', 0, 0, -1, 0, 0, 0, 4, 0, 0, 0, 0, 0, 0, 0, 0, 0, 0, 0, 1, 0, 0, 0, 0, 0, 0, 0, 0, 'Nobody', 'Nobody', 0, 0, 0, 'Nobody', 'None', 0, 0, 0, 0, 0, 0, 0, 0, 0, 0, 0, 0, 0, 0, 0, 0, 0, 'Nobody', '0', 0, 0, 0, 0, 0, ''),
(65, 'John_Caleno', 'D1A64C4C76CEF33F7472538125CB6200B41D15932169CCBD2DA5188FEC58298348A48BF4DE68146A76EC4AE9C9AF75C7242C20581FF9A71478A9EC493268EABF', 7, 0, '0', 0, 0, 0, 0, 0, '195.158.108.82', 1, 1, 1, 32, 124, '245.250839', '69.455810', '1003.640625', '143.082672', 3, 0, 1384, 0, 255, 9, 0, 1, 0, 0, 0, 0, 0, 0, '0.000000', 1653, 1347, 0, 3, 2, 0, '84.000000', '0.000000', 0, 0, 1, 1, 1, 0, 0, 0, 0, 10, 0, 0, -1, -1, -1, 6, 20002, 0, 0, 0, 0, 0, 0, 0, 0, 0, 0, 0, 0, 0, 0, 0, 0, 0, 0, 0, 2556, 1, 0, 0, 0, 0, 0, 0, 0, 0, 0, 0, 0, 0, 0, 0, 0, 0, 0, 0, 0, 0, 0, '0.000000', '0.000000', '0.000000', 0, 0, -1, 0, 0, 0, 4, 0, 0, 0, 0, 0, 0, 0, 0, 0, 0, 0, 1, 0, 0, 0, 0, 0, 0, 0, 0, 'Nobody', 'Nobody', 0, 0, 0, 'Nobody', 'None', 0, 0, 11, 0, 0, 0, 0, 0, 0, 0, 0, 0, 0, 0, 0, 0, 0, 'Nobody', '0', 0, 0, 0, 0, 0, ''),
(66, 'Dawn_Delray', '1B4570D93E3C41F0C0FA8CB29FBCDF633C5060A28E95B79A2DA6285749405ED4A6186DFDCF2AED646C45589083B823210385AAB85CF4E505D69E0B392873070C', 1, 0, '0', 0, 0, 0, 0, 0, '204.236.101.163', 1, 1, 1, 26, 28, '2045.010253', '-2108.729980', '13.445060', '72.148536', 0, 0, 0, 0, 255, 0, 0, 0, 9, 0, 0, 0, 0, 0, '0.000000', 4750, 100, 0, 0, 0, 0, '100.000000', '0.000000', 0, 0, 0, 0, 0, 0, 0, 0, 0, 0, 0, 0, -1, -1, -1, 0, 0, 0, 0, 0, 0, 0, 0, 0, 0, 0, 0, 0, 0, 0, 0, 0, 0, 0, 0, 0, 545, 2, 0, 0, 0, 0, 0, 0, 0, 0, 0, 0, 0, 0, 0, 0, 0, 0, 0, 0, 0, 0, 0, '0.000000', '0.000000', '0.000000', 0, 0, -1, 0, 0, 0, 4, 0, 0, 0, 0, 0, 0, 0, 0, 0, 0, 0, 0, 0, 0, 0, 0, 0, 0, 0, 0, 'Nobody', 'Nobody', 0, 0, 0, 'Nobody', 'None', 0, 0, 0, 0, 0, 0, 0, 0, 0, 0, 0, 0, 0, 0, 0, 0, 0, 'Nobody', '0', 0, 0, 0, 0, 0, ''),
(67, 'Wayne_Cristian', '99A9D2BA774AF4B5D98B5C7139B2B18F1A70A7A282FA27AC2D1CCCF5281788DE00408B158C5B84BC8652632299C6FE2BAC17A24CA322C14194D8EB80147498E9', 22, 0, '0', 0, 0, 0, 0, 0, '41.233.201.180', 1, 1, 1, 25, 108, '2147.925048', '-1813.220092', '18.867889', '89.510444', 14, 0, 1376, 1, 255, 0, 0, 0, 4, 0, 0, 0, 0, 0, '0.000000', 92, 18866, 0, 1, 1, 0, '75.000000', '50.000000', 27, 0, 1, 188200, 1, 0, 0, 275, 0, 0, 0, 3, -1, -1, -1, 0, 0, 0, 0, 0, 0, 22, 0, 28, 0, 0, 0, 0, 0, 0, 0, 0, 0, 0, 0, 0, 9504, 3, 0, 0, 0, 0, 0, 0, 0, 0, 0, 0, 1, 0, 0, 0, 0, 0, 0, 0, 0, 0, 0, '2183.730712', '-1832.082275', '14.647472', 0, 0, 18, 0, 0, 0, 4, 0, 0, 0, 0, 0, 0, 0, 0, 0, 0, 0, 0, 1, 0, 0, 0, 0, 0, 0, 0, 'Nobody', 'Nobody', 0, 0, 0, 'Nobody', 'None', 0, 0, 0, 0, 0, 0, 0, 0, 0, 0, 0, 0, 0, 0, 0, 0, 0, 'Nobody', '0', 0, 0, 0, 0, 0, ''),
(68, 'Jonathan_Delaney', 'D599232D4591688C1D8DCBDA64E61F44CB92DA7A45E1444FD3366D90E8E920B0F6FCFAE47FB37310FC538CD6C4FA75F898EB40FE3EA43437D82485AD790E03D7', 1, 0, '0', 0, 0, 0, 0, 0, '83.219.213.55', 1, 1, 1, 31, 127, '2094.332031', '-1798.596191', '13.382812', '72.855163', 0, 0, 1121, 0, 255, 0, 0, 0, 0, 0, 0, 0, 0, 0, '0.000000', 300, 3100, 0, 0, 0, 0, '98.000000', '0.000000', 0, 0, 1, 1, 1, 1, 0, 0, 3, 0, 0, 0, -1, -1, -1, 0, 0, 0, 0, 0, 0, 0, 0, 0, 0, 0, 0, 0, 0, 0, 0, 0, 0, 0, 0, 0, 951, 2, 0, 0, 0, 0, 0, 0, 0, 0, 0, 0, 0, 0, 0, 0, 0, 0, 0, 0, 0, 0, 0, '0.000000', '0.000000', '0.000000', 0, 0, -1, 0, 0, 0, 4, 0, 0, 0, 0, 0, 0, 0, 0, 0, 0, 0, 0, 1, 0, 0, 0, 0, 0, 0, 0, 'Nobody', 'Nobody', 0, 0, 0, 'Nobody', 'None', 0, 0, 0, 0, 0, 0, 0, 0, 0, 0, 0, 0, 0, 0, 0, 0, 0, 'Nobody', '0', 0, 0, 0, 0, 0, ''),
(69, 'John_Hook', '4902D7FEDD6B00900D483761BEBD44FD31590ADE9939BC3834FA8E010D6739D186C751A82676EA18653D96B41F88DF9BBA7E3BEB58ABA2D1A2AC45C4C74A93BD', 1, 0, '0', 0, 0, 0, 0, 0, '82.73.147.59', 1, 1, 1, 18, 155, '201.777694', '1807.806762', '1618.535766', '77.893814', 0, 0, 0, 1, 255, 0, 0, 0, 10, 0, 0, 0, 0, 0, '0.000000', 4988, 100, 0, 0, 0, 0, '68.000000', '0.000000', 0, 0, 0, 0, 0, 0, 0, 0, 0, 0, 0, 0, -1, -1, -1, 69, 696969, 3, 551, 0, 0, 0, 0, 0, 0, 0, 0, 0, 0, 0, 0, 0, 0, 0, 0, 0, 881, 3, 0, 0, 0, 0, 0, 0, 0, 0, 0, 0, 1, 0, 0, 0, 0, 0, 0, 0, 0, 0, 0, '0.000000', '0.000000', '0.000000', 0, 0, -1, 0, 0, 0, 4, 0, 0, 0, 0, 0, 0, 0, 0, 0, 0, 0, 1, 1, 0, 0, 0, 0, 0, 0, 0, 'Nobody', 'Nobody', 0, 0, 0, 'Mike Bishop', 'Non-rp Driving.', 0, 0, 0, 0, 0, 0, 0, 0, 0, 0, 0, 0, 0, 0, 0, 0, 0, 'Nobody', '0', 0, 0, 0, 0, 0, ''),
(70, 'Damian_Williams', 'C2F1E630CFB9DECAD567ED0AD03D76500F3CDFF0D73DABC52221A61703AD6B58F3B57A11BBC4EA6AE8DD39B5EBB5CABF81B4269B0F70F5C6D6BDEDB8B42F7FB0', 1, 0, '0', 0, 0, 0, 0, 0, '2.99.41.248', 1, 1, 1, 24, 101, '1170.431152', '-1723.748779', '13.247724', '121.922416', 0, 0, 0, 0, 255, 0, 0, 0, 0, 0, 0, 0, 0, 0, '0.000000', 5000, 100, 0, 0, 0, 0, '97.000000', '0.000000', 0, 0, 0, 0, 1, 0, 0, 0, 0, 0, 0, 0, -1, -1, -1, 0, 0, 0, 0, 0, 0, 0, 0, 0, 0, 0, 0, 0, 0, 0, 0, 0, 0, 0, 0, 0, 302, 1, 0, 0, 0, 0, 0, 0, 0, 0, 0, 0, 0, 0, 0, 0, 0, 0, 0, 0, 0, 0, 0, '0.000000', '0.000000', '0.000000', 0, 0, -1, 0, 0, 0, 4, 0, 0, 0, 0, 0, 0, 0, 0, 0, 0, 0, 0, 0, 0, 0, 0, 0, 0, 0, 0, 'Nobody', 'Nobody', 0, 0, 0, 'Nobody', 'None', 0, 0, 0, 0, 0, 0, 0, 0, 0, 0, 0, 0, 0, 0, 0, 0, 0, 'Nobody', '0', 0, 0, 0, 0, 0, ''),
(71, 'Ben_Cash', 'F95ED8EEAE51EC7A11685E7D39D8B5ACD6259E7A50118B862B1E19D8FEE7FAA9A79C9D28843B02BC12B0CF69067427958F68308F901CF8A0A638AA97B8BF6963', 3, 0, '0', 0, 0, 0, 0, 0, '108.17.17.57', 1, 1, 1, 55, 240, '2034.161376', '-1401.718139', '17.294698', '178.123397', 1, 0, 0, 0, 255, 3, 3, 10, 0, 0, 0, 0, 0, 0, '0.000000', 4499, 1332, 0, 1, 1, 0, '74.000000', '0.000000', 0, 0, 0, 0, 0, 0, 0, 0, 0, 0, 0, 0, -1, -1, -1, 0, 0, 0, 0, 0, 0, 0, 0, 0, 0, 0, 0, 0, 0, 0, 0, 0, 0, 0, 0, 0, 598, 0, 0, 0, 0, 0, 0, 0, 0, 0, 0, 0, 0, 0, 0, 0, 0, 0, 0, 0, 0, 0, 0, '0.000000', '0.000000', '0.000000', 0, 0, -1, 0, 0, 0, 4, 0, 0, 0, 0, 0, 0, 0, 0, 0, 0, 0, 1, 1, 0, 0, 0, 0, 1, 0, 0, 'Nobody', 'Nobody', 0, 0, 0, 'Nobody', 'None', 0, 0, 7, 0, 0, 0, 0, 0, 0, 0, 0, 0, 0, 0, 0, 0, 0, 'Nobody', '0', 0, 0, 0, 0, 0, ''),
(72, 'Mark_Duster', '72FF4A296AC59FF3B4F7B470F10297EE1899D76F2F3209CA3D5C5293FA4CA64B841DD5EDA997DD685ED47FFB40120F03CC82E347DC14535F0A2D68376BCC1426', 1, 0, '0', 0, 0, 0, 0, 0, '84.82.9.87', 1, 1, 1, 15, 101, '1338.210205', '-1150.751342', '23.656250', '127.131225', 0, 0, 0, 2, 255, 0, 0, 0, 0, 0, 0, 0, 0, 0, '0.000000', 5000, 100, 0, 0, 0, 0, '90.000000', '0.000000', 0, 0, 0, 0, 0, 0, 0, 0, 0, 0, 0, 0, -1, -1, -1, 0, 0, 3, 3600, 0, 0, 0, 0, 0, 0, 0, 0, 0, 0, 0, 0, 0, 0, 0, 0, 0, 670, 2, 0, 0, 0, 0, 0, 0, 0, 0, 0, 0, 0, 0, 0, 0, 0, 0, 0, 0, 0, 0, 0, '0.000000', '0.000000', '0.000000', 0, 0, -1, 0, 0, 0, 4, 0, 0, 0, 0, 0, 0, 0, 0, 0, 0, 0, 0, 0, 0, 0, 0, 0, 0, 0, 0, 'Nobody', 'Nobody', 0, 0, 0, 'Server', 'Logging while cuffed (le', 0, 0, 0, 0, 0, 0, 0, 0, 0, 0, 0, 0, 0, 0, 0, 0, 0, 'Nobody', '0', 0, 0, 0, 0, 0, ''),
(73, 'Mado_Duster', '9B56A18762E7DDEB6ADCCD3C8D3E3D877E5B05E90E59A184083C873A9815F0F38599264A0B7D1B25E9BF449366D6B0AF1E3438FE1B8D930C07F2FAACF5FCB064', 1, 0, '0', 0, 0, 0, 0, 0, '83.117.176.243', 1, 1, 1, 23, 101, '197.230133', '1806.381225', '1614.260375', '205.599380', 0, 0, 0, 2, 255, 0, 0, 0, 0, 0, 0, 0, 0, 0, '0.000000', 5000, 100, 0, 0, 0, 0, '79.000000', '0.000000', 0, 0, 0, 0, 0, 0, 0, 0, 0, 0, 0, 0, -1, -1, -1, 69, 696969, 3, 4192, 0, 0, 0, 0, 0, 0, 0, 0, 0, 0, 0, 0, 0, 0, 0, 0, 0, 996, 3, 0, 0, 0, 0, 0, 0, 0, 0, 0, 0, 0, 0, 0, 0, 0, 0, 0, 0, 0, 0, 0, '0.000000', '0.000000', '0.000000', 0, 0, -1, 0, 0, 0, 4, 0, 0, 0, 0, 0, 0, 0, 0, 0, 0, 0, 0, 0, 0, 0, 0, 0, 0, 0, 0, 'Nobody', 'Nobody', 0, 0, 0, 'Server', 'Logging while cuffed (le', 0, 0, 0, 0, 0, 0, 0, 0, 0, 0, 0, 0, 0, 0, 0, 0, 0, 'Nobody', '0', 0, 0, 0, 0, 0, ''),
(74, 'Lyla_MacKing', '8E29F8C42C82AD9E03166BB61DAE34B86FD2F2966819A30569082C823096EB8A7585B9C89BC8038978ECB881B07A340E3AF938AA1C3CE240615429E64BECFFC1', 5, 0, '0', 0, 0, 0, 0, 0, '89.142.33.222', 1, 1, 2, 24, 55, '265.033050', '79.278022', '1001.039062', '75.579246', 1, 0, 1413, 0, 255, 0, 0, 0, 8, 0, 0, 0, 0, 0, '0.000000', 244, 291, 0, 2, 2, 0, '57.000000', '0.000000', 0, 0, 0, 0, 1, 1, 0, 0, 2, 0, 1, 0, -1, -1, -1, 6, 20002, 1, 285, 0, 0, 0, 0, 0, 0, 0, 0, 0, 0, 0, 0, 0, 0, 0, 0, 0, 7437, 4, 0, 0, 0, 0, 0, 0, 0, 0, 0, 0, 0, 0, 0, 0, 0, 0, 0, 0, 0, 0, 0, '0.000000', '0.000000', '0.000000', 0, 0, -1, 0, 0, 0, 4, 0, 0, 0, 0, 0, 0, 0, 0, 0, 0, 0, 0, 1, 0, 0, 0, 0, 0, 0, 0, 'Nobody', 'Nobody', 0, 0, 0, 'Nobody', 'None', 0, 0, 0, 0, 0, 0, 0, 0, 0, 0, 1, 0, 0, 0, 0, 0, 0, 'Nobody', 'Ziga_Petterson', 0, 0, 0, 0, 0, ''),
(75, 'Baderddine_Bousseta', '3933EC1507781AFCB31662929404BC542FFC19BFA613C7E1C6B18A9520AC4137941EDE816DB3AB4AFE4C98AE9491F687238FD8D44D2E958223C13F86C0DDDD2A', 1, 0, '0', 0, 0, 3, 0, 0, '41.249.97.78', 1, 1, 1, 25, 25, '2254.873291', '-1661.059082', '15.279839', '105.452949', 0, 0, 0, 0, 255, 0, 0, 0, 0, 0, 0, 0, 0, 0, '0.000000', 4750, 100, 0, 0, 0, 0, '98.000000', '0.000000', 0, 0, 0, 0, 0, 0, 0, 0, 0, 0, 0, 0, -1, -1, -1, 0, 0, 0, 0, 0, 0, 0, 0, 0, 0, 0, 0, 0, 0, 0, 0, 0, 0, 0, 0, 0, 143, 0, 0, 0, 0, 0, 0, 0, 0, 0, 0, 0, 0, 0, 0, 0, 0, 0, 0, 0, 0, 0, 0, '0.000000', '0.000000', '0.000000', 0, 0, -1, 0, 0, 0, 4, 0, 0, 0, 0, 0, 0, 0, 0, 0, 0, 0, 0, 0, 0, 0, 0, 0, 0, 0, 0, 'Nobody', 'Nobody', 0, 0, 0, 'Nobody', 'None', 0, 0, 0, 0, 0, 0, 0, 0, 0, 0, 0, 0, 0, 0, 0, 0, 0, 'Nobody', '0', 0, 0, 0, 0, 0, ''),
(76, 'William_Gantlon', '9B56A18762E7DDEB6ADCCD3C8D3E3D877E5B05E90E59A184083C873A9815F0F38599264A0B7D1B25E9BF449366D6B0AF1E3438FE1B8D930C07F2FAACF5FCB064', 1, 0, '0', 0, 0, 0, 0, 0, '83.117.176.243', 1, 1, 1, 23, 29, '1480.272827', '-1645.943603', '13.405937', '40.168426', 2, 0, 1118, 0, 255, 0, 0, 10, 0, 0, 0, 0, 0, 0, '0.000000', 4950, 100, 0, 0, 0, 0, '100.000000', '100.000000', 0, 0, 0, 0, 0, 0, 0, 0, 0, 0, 0, 0, -1, -1, -1, 0, 0, 0, 0, 0, 0, 24, 25, 29, 0, 0, 0, 0, 0, 0, 0, 0, 0, 0, 0, 0, 1948, 6, 0, 0, 0, 0, 0, 0, 0, 0, 0, 0, 0, 0, 0, 0, 0, 0, 0, 0, 0, 0, 0, '0.000000', '0.000000', '0.000000', 0, 0, -1, 0, 0, 0, 4, 0, 0, 0, 0, 0, 0, 0, 0, 0, 0, 0, 1, 0, 0, 0, 0, 0, 2, 0, 0, 'Nobody', 'Nobody', 0, 0, 0, 'Nobody', 'None', 0, 0, 0, 0, 0, 0, 0, 0, 0, 0, 0, 0, 0, 0, 0, 0, 0, 'Nobody', '0', 0, 0, 0, 0, 0, ''),
(77, 'John_Winchester', '66198519820BBDB16E92C69BAF337266BBE5EFFF7FD057CDFDF15DE119731DF7D7432F0099D2581E31E15713F4D3B361E24FA91F1B0751963EF1515B0CAF5893', 8, 0, '0', 0, 0, 0, 0, 0, '85.195.47.175', 1, 1, 1, 25, 100, '1212.044799', '-1313.408447', '13.556536', '203.223297', 3, 0, 0, 0, 255, 0, 0, 0, 4, 0, 0, 0, 0, 0, '0.000000', 5850, 1144, 0, 2, 1, 0, '50.000000', '0.000000', 0, 0, 0, 0, 0, 0, 0, 25, 0, 0, 0, 0, -1, -1, -1, 0, 0, 0, 0, 0, 0, 0, 0, 0, 0, 0, 0, 0, 0, 0, 0, 0, 0, 0, 0, 0, 1200, 1, 0, 0, 0, 0, 0, 0, 0, 0, 0, 0, 1, 0, 0, 0, 0, 0, 0, 0, 0, 0, 0, '0.000000', '0.000000', '0.000000', 0, 0, -1, 0, 0, 0, 4, 0, 0, 0, 0, 0, 0, 0, 0, 0, 0, 0, 0, 0, 0, 0, 0, 0, 0, 0, 0, 'Nobody', 'Nobody', 0, 0, 0, 'Nobody', 'None', 0, 0, 7, 0, 0, 0, 0, 0, 0, 0, 0, 0, 0, 0, 0, 0, 0, 'Nobody', 'Joe_Adonis', 0, 0, 0, 0, 0, ''),
(78, 'Thomas_Rodriquez', '75ED0D896785F0B8C2144B40535106B4DF34C4C2186E4E93BD20A16E99E5A39ABE98475ABC7CA06516696B0AB4D00FEAF03B680F18B5F2A9B8F5FB62CA5B3E0D', 9, 0, '0', 0, 0, 0, 0, 0, '88.91.54.48', 1, 1, 1, 24, 280, '246.571655', '63.216255', '1003.640625', '0.939619', 6, 0, 1127, 0, 255, 1, 0, 2, 3, 0, 0, 0, 0, 0, '0.000000', 3175, 2960, 0, 0, 0, 0, '100.000000', '0.000000', 0, 0, 1, 1, 1, 0, 0, 0, 0, 0, 0, 0, -1, -1, -1, 6, 0, 0, 0, 0, 3, 24, 0, 0, 0, 0, 0, 0, 41, 0, 0, 0, 0, 0, 0, 0, 12580, 4, 0, 0, 0, 0, 0, 0, 0, 0, 0, 0, 0, 0, 0, 0, 0, 0, 0, 0, 0, 0, 0, '0.000000', '0.000000', '0.000000', 0, 0, -1, 0, 0, 0, 4, 0, 0, 0, 0, 0, 0, 0, 0, 0, 0, 0, 0, 1, 0, 0, 0, 0, 0, 0, 0, 'Nobody', 'Nobody', 0, 0, 0, 'Nobody', 'None', 0, 0, 0, 0, 0, 0, 0, 0, 0, 0, 1, 0, 0, 0, 0, 0, 0, 'Nobody', '0', 0, 0, 0, 0, 0, ''),
(79, 'Jennifer_HotFox', '937E6D57BE1A20936AC7715DA3DC0E2ACF03AC963967109A4EABA05CB20C6AED26AFB5A68ABB86D18060FEA071E08B3D1E62F9FEE51E3174FB058A4B68D98C8C', 1, 0, '0', 0, 0, 0, 0, 0, '94.120.216.33', 1, 1, 2, 24, 93, '1535.533325', '-1690.110229', '13.546875', '2.240268', 0, 0, 1357, 0, 255, 0, 0, 0, 0, 0, 0, 0, 0, 0, '0.000000', 3734, 100, 0, 0, 0, 0, '95.000000', '0.000000', 0, 0, 1, 1, 1, 1, 1, 0, 3, 0, 1, 10, -1, -1, -1, 0, 0, 0, 0, 0, 0, 0, 0, 0, 0, 0, 0, 0, 43, 0, 0, 0, 0, 0, 0, 0, 458, 1, 0, 0, 0, 0, 0, 0, 0, 0, 0, 0, 0, 0, 0, 0, 0, 0, 0, 0, 0, 0, 0, '0.000000', '0.000000', '0.000000', 0, 0, -1, 0, 0, 0, 4, 0, 0, 0, 0, 0, 0, 0, 0, 0, 0, 0, 0, 0, 0, 0, 0, 0, 0, 0, 0, 'Nobody', 'Nobody', 0, 0, 0, 'Nobody', 'None', 0, 0, 0, 0, 0, 0, 0, 0, 0, 0, 0, 0, 0, 0, 0, 0, 0, 'Nobody', '0', 0, 0, 0, 0, 0, ''),
(80, 'Jayquan_Banks', '9A228867950560986EA4D5E3DECD71C0562B1414ED3DD868899D4F955ED976BC178CB9BED7B19BFD003D35DDC9312CC5E94761F90F6F08A3EAEF72AE99B83956', 1, 0, '0', 0, 0, 0, 0, 0, '99.192.41.211', 1, 1, 1, 17, 19, '2517.813476', '-2091.331298', '13.546875', '90.253211', 0, 0, 0, 0, 255, 0, 0, 0, 9, 0, 0, 0, 0, 0, '0.000000', 4950, 100, 0, 0, 0, 0, '100.000000', '0.000000', 0, 0, 0, 0, 1, 0, 0, 0, 0, 0, 0, 0, -1, -1, -1, 0, 0, 0, 0, 0, 0, 0, 0, 0, 0, 0, 0, 0, 0, 0, 0, 0, 0, 0, 0, 0, 436, 1, 0, 0, 0, 0, 0, 0, 0, 0, 0, 0, 1, 0, 0, 0, 0, 0, 0, 0, 0, 0, 0, '0.000000', '0.000000', '0.000000', 0, 0, -1, 0, 0, 0, 4, 0, 0, 0, 0, 0, 0, 0, 0, 0, 0, 0, 0, 0, 0, 0, 0, 0, 0, 0, 0, 'Nobody', 'Nobody', 0, 0, 0, 'Nobody', 'None', 0, 0, 0, 0, 0, 0, 0, 0, 0, 0, 0, 0, 0, 0, 0, 0, 0, 'Nobody', '0', 0, 0, 0, 0, 0, ''),
(81, 'Evghenii_Postolache', 'FA98FF271C27AAC402735C632AE0EF7C6735148746F4326340C87167E02FD9C9FD17CED0C247ECE6E7D8C7FD12FD756B4D1D74C19D2A3A24D8D09D2480A89B53', 1, 0, '0', 0, 0, 0, 0, 0, '70.196.198.228', 1, 1, 1, 17, 101, '1585.676391', '-2312.731445', '13.546875', '349.248535', 0, 0, 0, 0, 255, 0, 0, 0, 0, 0, 0, 0, 0, 0, '0.000000', 5000, 100, 0, 0, 0, 0, '100.000000', '0.000000', 0, 0, 0, 0, 1, 0, 0, 0, 0, 0, 0, 0, -1, -1, -1, 0, 0, 0, 0, 0, 0, 0, 0, 0, 0, 0, 0, 0, 0, 0, 0, 0, 0, 0, 0, 0, 40, 1, 0, 0, 0, 0, 0, 0, 0, 0, 0, 0, 0, 0, 0, 0, 0, 0, 0, 0, 0, 0, 0, '0.000000', '0.000000', '0.000000', 0, 0, -1, 0, 0, 0, 4, 0, 0, 0, 0, 0, 0, 0, 0, 0, 0, 0, 0, 0, 0, 0, 0, 0, 0, 0, 0, 'Nobody', 'Nobody', 0, 0, 0, 'Nobody', 'None', 0, 0, 0, 0, 0, 0, 0, 0, 0, 0, 0, 0, 0, 0, 0, 0, 0, 'Nobody', '0', 0, 0, 0, 0, 0, ''),
(82, 'George_Gamikoulas', 'FD9D94340DBD72C11B37EBB0D2A19B4D05E00FD78E4E2CE8923B9EA3A54E900DF181CFB112A8A73228D1F3551680E2AD9701A4FCFB248FA7FA77B95180628BB2', 1, 0, '0', 0, 0, 0, 0, 0, '77.49.179.76', 1, 1, 1, 5, 101, '1536.109985', '-1682.979492', '13.546875', '300.409637', 0, 0, 0, 1, 255, 0, 0, 0, 0, 0, 0, 0, 0, 0, '0.000000', 5000, 100, 0, 0, 0, 0, '89.000000', '0.000000', 0, 0, 0, 0, 1, 0, 0, 0, 0, 0, 0, 0, -1, -1, -1, 0, 696969, 3, 805, 0, 0, 0, 0, 0, 0, 0, 0, 0, 0, 0, 0, 0, 0, 0, 0, 0, 844, 3, 0, 0, 0, 0, 0, 0, 0, 0, 0, 0, 0, 0, 0, 0, 0, 0, 0, 0, 0, 0, 0, '0.000000', '0.000000', '0.000000', 0, 0, -1, 0, 0, 0, 4, 0, 0, 0, 0, 0, 0, 0, 0, 0, 0, 0, 0, 0, 0, 0, 0, 0, 0, 0, 0, 'Nobody', 'Nobody', 0, 0, 0, 'David Herling', 'Powergame', 0, 0, 0, 0, 0, 0, 0, 0, 0, 0, 0, 0, 0, 0, 0, 0, 0, 'Nobody', '0', 0, 0, 0, 0, 0, ''),
(83, 'Ethan_Mars', 'FFDB76AF72C89D7FACD59B3A8C31444BDD154E37509FE51C646D5478D7006E6D39813D8A821731662C9C39CF712E98C532402FD0C726E413EB5E4E7BE692FE5A', 1, 0, '0', 0, 0, 0, 0, 0, '82.42.237.8', 1, 1, 1, 25, 101, '1359.349731', '-1741.164672', '13.145446', '68.608314', 0, 0, 0, 0, 255, 0, 0, 0, 0, 0, 0, 0, 0, 0, '0.000000', 5000, 100, 0, 0, 0, 0, '98.000000', '0.000000', 0, 0, 0, 0, 1, 0, 0, 0, 0, 0, 0, 0, -1, -1, -1, 0, 0, 0, 0, 0, 0, 0, 0, 0, 0, 0, 0, 0, 0, 0, 0, 0, 0, 0, 0, 0, 213, 1, 0, 0, 0, 0, 0, 0, 0, 0, 0, 0, 0, 0, 0, 0, 0, 0, 0, 0, 0, 0, 0, '0.000000', '0.000000', '0.000000', 0, 0, -1, 0, 0, 0, 4, 0, 0, 0, 0, 0, 0, 0, 0, 0, 0, 0, 0, 0, 0, 0, 0, 0, 0, 0, 0, 'Nobody', 'Nobody', 0, 0, 0, 'Nobody', 'None', 0, 0, 0, 0, 0, 0, 0, 0, 0, 0, 0, 0, 0, 0, 0, 0, 0, 'Nobody', '0', 0, 0, 0, 0, 0, ''),
(84, 'Eiste_Poluzwa', '7A34DD112BCE72C5B7C7EE7C85632BAFF099ED4821A798399E18115E000CBDAE5633F41BD8FDF372C98A7EAF6836888BBC3610480904A1B8A7FCA82566CFC920', 1, 0, '0', 0, 0, 0, 0, 0, '94.64.246.169', 1, 1, 1, 25, 101, '1536.723510', '-1682.617675', '13.546875', '106.797912', 0, 0, 0, 0, 255, 0, 0, 0, 0, 0, 0, 0, 0, 0, '0.000000', 5000, 100, 0, 0, 0, 0, '76.000000', '0.000000', 0, 0, 0, 0, 1, 0, 0, 0, 0, 0, 0, 0, -1, -1, -1, 0, 696969, 3, 826, 0, 0, 0, 0, 0, 0, 0, 0, 0, 0, 0, 0, 0, 0, 0, 0, 0, 756, 2, 0, 0, 0, 0, 0, 0, 0, 0, 0, 0, 0, 0, 0, 0, 0, 0, 0, 0, 0, 0, 0, '0.000000', '0.000000', '0.000000', 0, 0, -1, 0, 0, 0, 4, 0, 0, 0, 0, 0, 0, 0, 0, 0, 0, 0, 1, 0, 0, 0, 0, 0, 0, 0, 0, 'Nobody', 'Nobody', 0, 0, 0, 'David Herling', 'Deathmatch', 0, 0, 0, 0, 0, 0, 0, 1, 0, 0, 0, 0, 0, 0, 0, 0, 0, 'Nobody', '0', 0, 0, 0, 0, 0, ''),
(85, 'Sam_Larson', 'ED98CCB6BCD9CC82012A9561B4DB8E39E91C16C0491A150CC2700740203C388A1DC05C723DA4B609BCD8F5CE20B5FB640723D589E0D48B4BB9C0A95999CF1D30', 1, 0, '0', 0, 0, 0, 0, 0, '78.22.50.166', 1, 1, 1, 27, 101, '208.599411', '-100.741935', '1005.257812', '262.516784', 0, 0, 0, 0, 255, 0, 0, 0, 0, 0, 0, 0, 0, 0, '0.000000', 5000, 100, 0, 0, 0, 0, '98.000000', '0.000000', 0, 0, 0, 0, 1, 0, 0, 0, 0, 0, 0, 0, -1, -1, -1, 15, 20004, 0, 0, 0, 0, 0, 0, 0, 0, 0, 0, 0, 0, 0, 0, 0, 0, 0, 0, 0, 106, 1, 0, 0, 0, 0, 0, 0, 0, 0, 0, 0, 0, 0, 0, 0, 0, 0, 0, 0, 0, 0, 0, '0.000000', '0.000000', '0.000000', 0, 0, -1, 0, 0, 0, 4, 0, 0, 0, 0, 0, 0, 0, 0, 0, 0, 0, 0, 0, 0, 0, 0, 0, 0, 0, 0, 'Nobody', 'Nobody', 0, 0, 0, 'Nobody', 'None', 0, 0, 0, 0, 0, 0, 0, 0, 0, 0, 0, 0, 0, 0, 0, 0, 0, 'Nobody', '0', 0, 0, 0, 0, 0, ''),
(86, 'William_Harris', 'DC9679CFC6202132EE12C196E95F056C999FF2AAC3806FDBBEFA78BFFA2985A6217FBBBEBADC680DB11CEC235C0A4F874F367C5381153EE39FD2206CC3F493F6', 1, 0, '0', 0, 0, 0, 0, 0, '125.237.117.163', 1, 0, 1, 24, 119, '2212.610107', '-1730.569946', '-80.000000', '0.999950', 0, 0, 0, 0, 255, 0, 0, 0, 0, 0, 0, 0, 0, 0, '0.000000', 5000, 100, 0, 0, 0, 0, '100.000000', '0.000000', 0, 0, 0, 0, 1, 1, 0, 0, 0, 0, 0, 0, -1, -1, -1, 0, 0, 0, 0, 0, 0, 0, 0, 0, 0, 0, 0, 0, 0, 0, 0, 0, 0, 0, 0, 0, 23, 0, 0, 0, 0, 0, 0, 0, 0, 0, 0, 0, 0, 0, 0, 0, 0, 0, 0, 0, 0, 0, 0, '0.000000', '0.000000', '0.000000', 0, 0, -1, 0, 0, 0, 4, 0, 0, 0, 0, 0, 0, 0, 0, 0, 0, 0, 0, 0, 0, 0, 0, 0, 0, 0, 0, 'Nobody', 'Nobody', 0, 0, 0, 'Nobody', 'None', 0, 0, 0, 0, 0, 0, 0, 0, 0, 0, 0, 0, 0, 0, 0, 0, 0, 'Nobody', '0', 0, 0, 0, 0, 0, ''),
(87, 'Robert_Svattsson', 'A3CA9F58ABC96D61B4E4AEED6C780A40B0F86F2774B58F4703343DFEDF2228E983D82A5D87414A70B137E47FC3345580FA6F9C99F88E0261DF1DC96F2C1E7318', 1, 0, '0', 0, 0, 1, 0, 0, '213.204.51.121', 1, 1, 1, 18, 101, '1537.705200', '-1630.764282', '13.382812', '176.849105', 0, 0, 0, 0, 255, 0, 0, 0, 0, 0, 0, 0, 0, 0, '0.000000', 5000, 100, 0, 0, 0, 0, '84.000000', '0.000000', 0, 0, 0, 0, 1, 1, 0, 0, 0, 0, 0, 0, -1, -1, -1, 0, 0, 0, 0, 0, 0, 0, 0, 0, 0, 0, 0, 0, 0, 0, 0, 0, 0, 0, 0, 0, 812, 3, 0, 0, 0, 0, 0, 0, 0, 0, 0, 0, 0, 0, 0, 0, 0, 0, 0, 0, 0, 0, 0, '0.000000', '0.000000', '0.000000', 0, 0, -1, 0, 0, 0, 4, 0, 0, 0, 0, 0, 0, 0, 0, 0, 0, 0, 0, 0, 0, 0, 0, 0, 0, 0, 0, 'Nobody', 'Nobody', 0, 0, 0, 'Nobody', 'None', 0, 0, 0, 0, 0, 0, 0, 0, 0, 0, 0, 0, 0, 0, 0, 0, 0, 'Nobody', '0', 0, 0, 0, 0, 0, ''),
(88, 'Mounakia_Sasgamisa', 'FD9D94340DBD72C11B37EBB0D2A19B4D05E00FD78E4E2CE8923B9EA3A54E900DF181CFB112A8A73228D1F3551680E2AD9701A4FCFB248FA7FA77B95180628BB2', 1, 0, '0', 0, 0, 1, 0, 0, '77.49.179.76', 1, 1, 1, 5, 101, '1651.624145', '-1737.963500', '13.546875', '34.332813', 0, 0, 0, 3, 255, 0, 0, 0, 0, 0, 0, 0, 0, 0, '0.000000', 5000, 100, 0, 0, 0, 0, '98.000000', '0.000000', 0, 0, 0, 0, 1, 0, 0, 0, 0, 0, 0, 0, -1, -1, -1, 0, 0, 0, 0, 0, 0, 0, 0, 0, 0, 0, 0, 0, 0, 0, 0, 0, 0, 0, 0, 0, 570, 2, 0, 0, 0, 0, 0, 0, 0, 0, 0, 0, 0, 0, 0, 0, 0, 0, 0, 0, 0, 0, 0, '0.000000', '0.000000', '0.000000', 0, 0, -1, 0, 0, 0, 4, 0, 0, 0, 0, 0, 0, 0, 0, 0, 0, 0, 0, 0, 0, 0, 0, 0, 0, 0, 0, 'Nobody', 'Nobody', 0, 0, 0, 'Nobody', 'None', 0, 0, 0, 0, 0, 0, 0, 0, 0, 0, 0, 0, 0, 0, 0, 0, 0, 'Nobody', '0', 0, 0, 0, 0, 0, '');
INSERT INTO `players` (`ID`, `Username`, `Password`, `Level`, `AdminLevel`, `AdminName`, `BanAppealer`, `Donator`, `Banned`, `Permabanned`, `Disabled`, `LastIP`, `Registered`, `Tutorial`, `Sex`, `Age`, `Skin`, `PosX`, `PosY`, `PosZ`, `PosR`, `ConnectTime`, `Respect`, `PhoneNumber`, `Warnings`, `Gang`, `Faction`, `Leader`, `Rank`, `Job`, `Job2`, `Mask`, `MaskID`, `MaskUse`, `UpgradePoints`, `SpawnArmor`, `Cash`, `Bank`, `Insurance`, `Crimes`, `Arrested`, `WantedLevel`, `Health`, `Armor`, `Pot`, `Crack`, `Radio`, `RadioFreq`, `Phonebook`, `Dice`, `CDPlayer`, `Materials`, `Rope`, `Cigars`, `Sprunk`, `Spraycan`, `House`, `House2`, `Renting`, `Interior`, `VirtualWorld`, `Jailed`, `JailTime`, `Gun0`, `Gun1`, `Gun2`, `Gun3`, `Gun4`, `Gun5`, `Gun6`, `Gun7`, `Gun8`, `Gun9`, `Gun10`, `Gun11`, `Ammo0`, `Ammo1`, `Ammo2`, `Ammo3`, `Ammo4`, `Paycheck`, `PayReady`, `Hospital`, `DetSkill`, `FishSkill`, `LawSkill`, `SexSkill`, `DrugsSkill`, `SmugglerSkill`, `ArmsSkill`, `MechSkill`, `BoxSkill`, `TruckSkill`, `CarSkill`, `LawyerTime`, `LawyerFreeTime`, `DrugsTime`, `MechTime`, `SexTime`, `CarTime`, `Fishes`, `BiggestFish`, `pWEXists`, `pWX`, `pWY`, `pWZ`, `pWVW`, `pWInt`, `pWValue`, `pWSeeds`, `Wins`, `Loses`, `FightingStyle`, `Screwdriver`, `Smslog`, `Wristwatch`, `Tire`, `Firstaid`, `Rccam`, `Receiver`, `GPS`, `Sweep`, `SweepLeft`, `Bugged`, `OnDuty`, `CarLic`, `FlyLic`, `BoatLic`, `FishLic`, `GunLic`, `Division`, `TicketTime`, `HeadValue`, `ContractBy`, `ContractDetail`, `Bombs`, `CHits`, `FHits`, `PrisonedBy`, `PrisonReason`, `AcceptReport`, `TrashReport`, `Accent`, `NewMuted`, `NewMutedTotal`, `AdMuted`, `AdMutedTotal`, `ReportMuted`, `ReportMutedTotal`, `ReportMutedTime`, `Speedo`, `GCMuted`, `GCMutedTime`, `CallsAccepted`, `PatientsDelivered`, `TriageTime`, `Married`, `MarriedTo`, `ReferredBy`, `RefTokens`, `RefTokensOffline`, `Helper`, `GangMod`, `LiveBanned`, `Flag`) VALUES
(89, 'Eimai_Magaiver', '7A34DD112BCE72C5B7C7EE7C85632BAFF099ED4821A798399E18115E000CBDAE5633F41BD8FDF372C98A7EAF6836888BBC3610480904A1B8A7FCA82566CFC920', 1, 0, '0', 0, 0, 1, 0, 0, '94.64.246.169', 1, 1, 1, 24, 101, '1721.815551', '-1849.331054', '13.953242', '84.102012', 0, 0, 0, 3, 255, 0, 0, 0, 0, 0, 0, 0, 0, 0, '0.000000', 5000, 100, 0, 0, 0, 0, '88.000000', '0.000000', 0, 0, 0, 0, 1, 0, 0, 0, 0, 0, 0, 0, -1, -1, -1, 0, 0, 0, 0, 0, 0, 0, 0, 0, 0, 0, 0, 0, 0, 0, 0, 0, 0, 0, 0, 0, 522, 2, 0, 0, 0, 0, 0, 0, 0, 0, 0, 0, 0, 0, 0, 0, 0, 0, 0, 0, 0, 0, 0, '0.000000', '0.000000', '0.000000', 0, 0, -1, 0, 0, 0, 4, 0, 0, 0, 0, 0, 0, 0, 0, 0, 0, 0, 1, 0, 0, 0, 0, 0, 0, 0, 0, 'Nobody', 'Nobody', 0, 0, 0, 'Nobody', 'None', 0, 0, 0, 0, 0, 0, 0, 0, 0, 0, 0, 0, 0, 0, 0, 0, 0, 'Nobody', '0', 0, 0, 0, 0, 0, ''),
(90, 'Nicholas_Harris', '21A020BC4AD4793B90817FD3B1B8AA3E16C122EF15124EB892CDDC64D2DCB98F1AFA4E30962A0D8D4E9AA0624301C0292858D6A47177C416C5D4AFCD593B58CB', 1, 0, '0', 0, 0, 0, 0, 0, '72.22.150.167', 1, 1, 1, 30, 101, '1478.027954', '-1737.742431', '13.139646', '89.998168', 0, 0, 0, 0, 255, 0, 0, 0, 0, 0, 0, 0, 0, 0, '0.000000', 5000, 100, 0, 0, 0, 0, '100.000000', '0.000000', 0, 0, 0, 0, 1, 1, 0, 0, 0, 0, 0, 0, -1, -1, -1, 0, 0, 0, 0, 0, 0, 0, 0, 0, 0, 0, 0, 0, 0, 0, 0, 0, 0, 0, 0, 0, 118, 0, 0, 0, 0, 0, 0, 0, 0, 0, 0, 0, 0, 0, 0, 0, 0, 0, 0, 0, 0, 0, 0, '0.000000', '0.000000', '0.000000', 0, 0, -1, 0, 0, 0, 4, 0, 0, 0, 0, 0, 0, 0, 0, 0, 0, 0, 0, 0, 0, 0, 0, 0, 0, 0, 0, 'Nobody', 'Nobody', 0, 0, 0, 'Nobody', 'None', 0, 0, 0, 0, 0, 0, 0, 0, 0, 0, 0, 0, 0, 0, 0, 0, 0, 'Nobody', '0', 0, 0, 0, 0, 0, ''),
(91, 'Moe_Lester', '2F9959B230A44678DD2DC29F037BA1159F233AA9AB183CE3A0678EAAE002E5AA6F27F47144A1A4365116D3DB1B58EC47896623B92D85CB2F191705DAF11858B8', 1, 0, '0', 0, 0, 0, 0, 0, '24.202.122.45', 1, 1, 1, 90, 101, '-2037.025024', '139.329315', '28.433406', '78.422836', 0, 0, 0, 0, 255, 0, 0, 0, 0, 0, 0, 0, 0, 0, '0.000000', 5000, 100, 0, 0, 0, 0, '100.000000', '0.000000', 0, 0, 0, 0, 0, 0, 0, 0, 0, 0, 0, 0, -1, -1, -1, 0, 0, 0, 0, 0, 0, 0, 0, 0, 0, 0, 0, 0, 0, 0, 0, 0, 0, 0, 0, 0, 432, 0, 0, 0, 0, 0, 0, 0, 0, 0, 0, 0, 0, 0, 0, 0, 0, 0, 0, 0, 0, 0, 0, '0.000000', '0.000000', '0.000000', 0, 0, -1, 0, 0, 0, 4, 0, 0, 0, 0, 0, 0, 0, 0, 0, 0, 0, 0, 0, 0, 0, 0, 0, 0, 0, 0, 'Nobody', 'Nobody', 0, 0, 0, 'Nobody', 'None', 0, 0, 0, 0, 0, 0, 0, 0, 0, 0, 0, 0, 0, 0, 0, 0, 0, 'Nobody', '0', 0, 0, 0, 0, 0, ''),
(92, 'Ray_Pis', '2F9959B230A44678DD2DC29F037BA1159F233AA9AB183CE3A0678EAAE002E5AA6F27F47144A1A4365116D3DB1B58EC47896623B92D85CB2F191705DAF11858B8', 1, 0, '0', 0, 0, 0, 0, 0, '', 1, 0, 1, 0, 299, '0.000000', '0.000000', '3.140000', '0.000000', 0, 0, 0, 0, 255, 0, 0, 0, 0, 0, 0, 0, 0, 0, '0.000000', 5000, 100, 0, 0, 0, 0, '100.000000', '0.000000', 0, 0, 0, 0, 0, 0, 0, 0, 0, 0, 0, 0, -1, -1, -1, 0, 0, 0, 0, 0, 0, 0, 0, 0, 0, 0, 0, 0, 0, 0, 0, 0, 0, 0, 0, 0, 1, 0, 0, 0, 0, 0, 0, 0, 0, 0, 0, 0, 0, 0, 0, 0, 0, 0, 0, 0, 0, 0, 0, '0.000000', '0.000000', '0.000000', 0, 0, -1, 0, 0, 0, 4, 0, 0, 0, 0, 0, 0, 0, 0, 0, 0, 0, 0, 0, 0, 0, 0, 0, 0, 0, 0, 'Nobody', 'None', 0, 0, 0, 'Nobody', 'None', 0, 0, 0, 0, 0, 0, 0, 0, 0, 0, 0, 0, 0, 0, 0, 0, 0, 'Nobody', '0', 0, 0, 0, 0, 0, ''),
(93, 'Mario_Banks', '47997DDDDCE8CBBF637651185E66BE4F5FBDAF4D384F02F3D0580117E59D831B317C6B5CC301CF0669AACC4C311E3807283675EFFDF137A46FE82221CB522E4C', 1, 0, '0', 0, 0, 0, 0, 0, '74.226.125.207', 1, 1, 1, 19, 7, '2178.458007', '-1669.452636', '14.816647', '291.540527', 0, 0, 0, 0, 255, 0, 0, 0, 0, 0, 0, 0, 0, 0, '0.000000', 4250, 100, 0, 0, 0, 0, '100.000000', '0.000000', 0, 0, 0, 0, 0, 0, 0, 0, 0, 0, 0, 0, -1, -1, -1, 0, 0, 0, 0, 0, 0, 0, 0, 0, 0, 0, 0, 0, 0, 0, 0, 0, 0, 0, 0, 0, 305, 1, 0, 0, 0, 0, 0, 0, 0, 0, 0, 0, 0, 0, 0, 0, 0, 0, 0, 0, 0, 0, 0, '0.000000', '0.000000', '0.000000', 0, 0, -1, 0, 0, 0, 4, 0, 0, 0, 0, 0, 0, 0, 0, 0, 0, 0, 0, 0, 0, 0, 0, 0, 0, 0, 0, 'Nobody', 'Nobody', 0, 0, 0, 'Nobody', 'None', 0, 0, 0, 0, 0, 0, 0, 0, 0, 0, 0, 0, 0, 0, 0, 0, 0, 'Nobody', '0', 0, 0, 0, 0, 0, ''),
(94, 'Mark_Livingstone', '5E7C7E9F40D17D361F5C0AFEFD66FCE4D36211549E051DC47862373F9DBB0EBA42DC2AA1080C709F58C960F27AD8260683FFC6D393CF06F844B3951C273F23E4', 1, 0, '0', 0, 0, 0, 0, 0, '81.106.76.194', 1, 1, 1, 25, 101, '1982.209472', '-1748.329345', '12.980779', '89.997001', 0, 0, 0, 0, 255, 0, 0, 0, 0, 0, 0, 0, 0, 0, '0.000000', 5000, 100, 0, 0, 0, 0, '100.000000', '0.000000', 0, 0, 0, 0, 0, 0, 0, 0, 0, 0, 0, 0, -1, -1, -1, 0, 0, 0, 0, 0, 0, 0, 0, 0, 0, 0, 0, 0, 0, 0, 0, 0, 0, 0, 0, 0, 291, 1, 0, 0, 0, 0, 0, 0, 0, 0, 0, 0, 0, 0, 0, 0, 0, 0, 0, 0, 0, 0, 0, '0.000000', '0.000000', '0.000000', 0, 0, -1, 0, 0, 0, 4, 0, 0, 0, 0, 0, 0, 0, 0, 0, 0, 0, 0, 0, 0, 0, 0, 0, 0, 0, 0, 'Nobody', 'Nobody', 0, 0, 0, 'Nobody', 'None', 0, 0, 2, 0, 0, 0, 0, 0, 0, 0, 0, 0, 0, 0, 0, 0, 0, 'Nobody', '0', 0, 0, 0, 0, 0, ''),
(95, 'Dante_Fernsed', 'F8B109CCF425282184C74CB3BEEA059AE1464544BF1AD31C9035CE864A699331437398E329A30B6E7423A75B3EDAFAE32F80034213334389B708DF2FA2580CCB', 1, 0, '0', 0, 0, 0, 0, 0, '174.100.46.118', 1, 1, 1, 34, 101, '1563.784667', '-2310.727539', '13.550940', '4.130431', 0, 0, 0, 0, 255, 0, 0, 0, 0, 0, 0, 0, 0, 0, '0.000000', 5000, 100, 0, 0, 0, 0, '100.000000', '0.000000', 0, 0, 0, 0, 0, 0, 0, 0, 0, 0, 0, 0, -1, -1, -1, 0, 0, 0, 0, 0, 0, 0, 0, 0, 0, 0, 0, 0, 0, 0, 0, 0, 0, 0, 0, 0, 182, 1, 0, 0, 0, 0, 0, 0, 0, 0, 0, 0, 0, 0, 0, 0, 0, 0, 0, 0, 0, 0, 0, '0.000000', '0.000000', '0.000000', 0, 0, -1, 0, 0, 0, 4, 0, 0, 0, 0, 0, 0, 0, 0, 0, 0, 0, 0, 0, 0, 0, 0, 0, 0, 0, 0, 'Nobody', 'Nobody', 0, 0, 0, 'Nobody', 'None', 0, 0, 0, 0, 0, 0, 0, 0, 0, 0, 0, 0, 0, 0, 0, 0, 0, 'Nobody', '0', 0, 0, 0, 0, 0, ''),
(96, 'Tyler_Durdon', 'A6E30A5D1108D264AC8EF9D0661C12C584C02E8FD9E76605953069DD81E83AC1FF069957232FC266F62135961A6A94CD7C8B5A8DAB6E99114EC810E7A8162EB1', 1, 0, '0', 0, 0, 0, 0, 0, '78.69.41.13', 1, 1, 1, 18, 240, '1536.838012', '-1717.623657', '13.546875', '2.827569', 0, 0, 0, 0, 255, 0, 0, 0, 0, 0, 0, 0, 0, 0, '0.000000', 5000, 100, 0, 0, 0, 0, '98.000000', '0.000000', 0, 0, 0, 0, 0, 0, 0, 0, 0, 0, 0, 0, -1, -1, -1, 0, 0, 0, 0, 0, 0, 0, 0, 0, 0, 0, 0, 0, 0, 0, 0, 0, 0, 0, 0, 0, 697, 3, 0, 0, 0, 0, 0, 0, 0, 0, 0, 0, 0, 0, 0, 0, 0, 0, 0, 0, 0, 0, 0, '0.000000', '0.000000', '0.000000', 0, 0, -1, 0, 0, 0, 4, 0, 0, 0, 0, 0, 0, 0, 0, 0, 0, 0, 0, 0, 0, 0, 0, 0, 0, 0, 0, 'Nobody', 'Nobody', 0, 0, 0, 'Nobody', 'None', 0, 0, 0, 0, 0, 0, 0, 0, 0, 0, 0, 0, 0, 0, 0, 0, 0, 'Nobody', 'Daniel_Williams', 0, 0, 0, 0, 0, ''),
(97, 'Cudi_Pierce', '633DF19CF8596240BD60CC19C94837BC8F31408422E71CB44BAAC7B19B866314C82D26A37B557A6D989FE0D91F134DEA33D06F6E22B4C4BF109A39E7A8708AD4', 1, 0, '0', 0, 0, 0, 0, 0, '114.76.189.122', 1, 1, 1, 21, 101, '2485.879638', '-1687.998413', '13.115207', '255.160369', 0, 0, 0, 0, 255, 0, 0, 0, 0, 0, 0, 0, 0, 0, '0.000000', 5000, 100, 0, 0, 0, 0, '100.000000', '0.000000', 0, 0, 0, 0, 0, 0, 0, 0, 0, 0, 0, 0, -1, -1, -1, 0, 0, 0, 0, 0, 0, 0, 0, 0, 0, 0, 0, 0, 0, 0, 0, 0, 0, 0, 0, 0, 403, 1, 0, 0, 0, 0, 0, 0, 0, 0, 0, 0, 0, 0, 0, 0, 0, 0, 0, 0, 0, 0, 0, '0.000000', '0.000000', '0.000000', 0, 0, -1, 0, 0, 0, 4, 0, 0, 0, 0, 0, 0, 0, 0, 0, 0, 0, 0, 0, 0, 0, 0, 0, 0, 0, 0, 'Nobody', 'Nobody', 0, 0, 0, 'Nobody', 'None', 0, 0, 0, 0, 0, 0, 0, 0, 0, 0, 0, 0, 0, 0, 0, 0, 0, 'Nobody', '0', 0, 0, 0, 0, 0, ''),
(98, 'Sammy_Gravano', '44F2D1B3F745DDE920FD76088B358B61E4CEF9D2E1776C20E50AF8F68456331E848B4CFA9CB1FAB5D59CF34739BA8F5709C613BEF759CCF215E48797D7B4AF56', 3, 0, '0', 0, 0, 0, 0, 0, '178.28.43.161', 1, 1, 1, 19, 29, '2082.470214', '-1277.211669', '26.796817', '297.872467', 1, 0, 0, 0, 0, 0, 0, 1, 0, 0, 0, 0, 0, 0, '0.000000', 5050, 305, 0, 0, 0, 0, '37.000000', '0.000000', 0, 0, 0, 0, 1, 0, 0, 0, 0, 0, 0, 0, -1, -1, -1, 0, 0, 0, 0, 0, 0, 0, 0, 0, 0, 0, 0, 0, 0, 0, 0, 0, 0, 0, 0, 0, 1158, 2, 0, 0, 0, 0, 0, 0, 0, 0, 0, 0, 0, 0, 0, 0, 0, 0, 0, 0, 0, 0, 0, '0.000000', '0.000000', '0.000000', 0, 0, -1, 0, 0, 0, 4, 0, 0, 0, 0, 0, 0, 0, 0, 0, 0, 0, 0, 0, 0, 0, 0, 0, 0, 0, 0, 'Nobody', 'Nobody', 0, 0, 0, 'Nobody', 'None', 0, 0, 0, 0, 0, 0, 0, 0, 0, 0, 0, 0, 0, 0, 0, 0, 0, 'Nobody', '0', 0, 0, 0, 0, 0, ''),
(99, 'Carmen_Milano', '1B1AAD4BBDF2EFD6CC5613E97B8F9517D138963171C9E37C6D21218BE77087AD449B4AED13BCCF8A180E9506D711BEC37047930B8404BF46AD2194DD9DF4C769', 1, 0, '0', 0, 0, 0, 0, 0, '193.150.251.146', 1, 1, 1, 28, 101, '2212.610107', '-1730.569946', '-80.000000', '0.999950', 0, 0, 0, 0, 255, 0, 0, 0, 0, 0, 0, 0, 0, 0, '0.000000', 5000, 100, 0, 0, 0, 0, '100.000000', '0.000000', 0, 0, 0, 0, 0, 0, 0, 0, 0, 0, 0, 0, -1, -1, -1, 0, 0, 0, 0, 0, 0, 0, 0, 0, 0, 0, 0, 0, 0, 0, 0, 0, 0, 0, 0, 0, 62, 1, 0, 0, 0, 0, 0, 0, 0, 0, 0, 0, 0, 0, 0, 0, 0, 0, 0, 0, 0, 0, 0, '0.000000', '0.000000', '0.000000', 0, 0, -1, 0, 0, 0, 4, 0, 0, 0, 0, 0, 0, 0, 0, 0, 0, 0, 0, 0, 0, 0, 0, 0, 0, 0, 0, 'Nobody', 'Nobody', 0, 0, 0, 'Nobody', 'None', 0, 0, 0, 0, 0, 0, 0, 0, 0, 0, 0, 0, 0, 0, 0, 0, 0, 'Nobody', 'Carmen_Milano', 0, 0, 0, 0, 0, ''),
(100, 'Sam_Biondo', '1B1AAD4BBDF2EFD6CC5613E97B8F9517D138963171C9E37C6D21218BE77087AD449B4AED13BCCF8A180E9506D711BEC37047930B8404BF46AD2194DD9DF4C769', 2, 0, '0', 0, 0, 0, 0, 0, '193.150.251.146', 1, 1, 1, 28, 101, '2086.977783', '-1280.583496', '25.497674', '0.999950', 0, 0, 0, 0, 255, 0, 0, 0, 8, 0, 0, 0, 0, 0, '0.000000', 5000, 100, 0, 0, 0, 0, '99.000000', '0.000000', 0, 0, 0, 0, 0, 0, 0, 0, 0, 0, 0, 0, -1, -1, -1, 0, 0, 0, 0, 0, 0, 0, 0, 0, 0, 0, 0, 0, 0, 0, 0, 0, 0, 0, 0, 0, 2469, 6, 1, 0, 0, 0, 0, 0, 0, 0, 0, 0, 0, 0, 0, 0, 0, 0, 0, 0, 0, 0, 0, '0.000000', '0.000000', '0.000000', 0, 0, -1, 0, 0, 0, 4, 0, 0, 0, 0, 0, 0, 0, 0, 0, 0, 0, 0, 0, 0, 0, 0, 0, 0, 0, 0, 'Nobody', 'Nobody', 0, 0, 0, 'Nobody', 'None', 0, 0, 0, 0, 0, 0, 0, 0, 0, 0, 0, 0, 0, 0, 0, 0, 0, 'Nobody', '0', 0, 0, 0, 0, 0, ''),
(101, 'Tyrone_Stacks', '4A1A7E4753330F867714B29D84BC96AED07C7A1CF3821F294C4BD2F0289382B8EE40E5F404FCF45A21489B7C227799165A8081AAF8BB21188E40C051BD9A5D7B', 1, 0, '0', 0, 0, 0, 0, 0, '70.79.71.22', 1, 1, 1, 25, 101, '2648.412109', '-1662.582275', '12.242555', '45.146148', 0, 0, 0, 1, 255, 0, 0, 0, 0, 0, 0, 0, 0, 0, '0.000000', 5000, 100, 0, 0, 0, 0, '98.000000', '0.000000', 0, 0, 0, 0, 1, 1, 0, 0, 0, 0, 0, 0, -1, -1, -1, 0, 0, 0, 0, 0, 0, 0, 0, 0, 0, 0, 0, 0, 0, 0, 0, 0, 0, 0, 0, 0, 187, 0, 0, 0, 0, 0, 0, 0, 0, 0, 0, 0, 0, 0, 0, 0, 0, 0, 0, 0, 0, 0, 0, '0.000000', '0.000000', '0.000000', 0, 0, -1, 0, 0, 0, 4, 0, 0, 0, 0, 0, 0, 0, 0, 0, 0, 0, 0, 0, 0, 0, 0, 0, 0, 0, 0, 'Nobody', 'Nobody', 0, 0, 0, 'Nobody', 'None', 0, 0, 0, 0, 0, 0, 0, 0, 0, 0, 0, 0, 0, 0, 0, 0, 0, 'Nobody', '0', 0, 0, 0, 0, 0, ''),
(102, 'Peter_Burke', '30B7DDC444034A3DB7503915746E98E4560CB4E5530D791CB32BC6C3E204B4463CD4A08DA0F919EDC38BE6E2B7924AF5DD7F9F7737836035CA09FE1BA672AB1E', 1, 0, '0', 0, 0, 0, 0, 0, '69.140.131.197', 1, 1, 1, 23, 101, '1798.577880', '-2342.115234', '13.484619', '64.583557', 0, 0, 0, 0, 255, 0, 0, 0, 0, 0, 0, 0, 0, 0, '0.000000', 5000, 100, 0, 0, 0, 0, '100.000000', '0.000000', 0, 0, 0, 0, 1, 0, 0, 0, 0, 0, 0, 0, -1, -1, -1, 0, 0, 0, 0, 0, 0, 0, 0, 0, 0, 0, 0, 0, 0, 0, 0, 0, 0, 0, 0, 0, 95, 1, 0, 0, 0, 0, 0, 0, 0, 0, 0, 0, 0, 0, 0, 0, 0, 0, 0, 0, 0, 0, 0, '0.000000', '0.000000', '0.000000', 0, 0, -1, 0, 0, 0, 4, 0, 0, 0, 0, 0, 0, 0, 0, 0, 0, 0, 0, 0, 0, 0, 0, 0, 0, 0, 0, 'Nobody', 'Nobody', 0, 0, 0, 'Nobody', 'None', 0, 0, 0, 0, 0, 0, 0, 0, 0, 0, 0, 0, 0, 0, 0, 0, 0, 'Nobody', '0', 0, 0, 0, 0, 0, ''),
(103, 'Jake_Guzik', 'FE191515BC74AD11054946C7A3C334F0B77D4244FB108D241436F15E8757ED6210F052A7511980F80AF0B225F886BEC330A0CEF81371250E7ED50AC590BCAB43', 10, 0, '0', 0, 0, 0, 0, 0, '41.226.109.137', 1, 1, 1, 25, 110, '1507.747192', '-1733.629760', '13.382812', '128.280395', 5, 0, 1316, 0, 255, 0, 0, 0, 6, 0, 0, 0, 0, 0, '0.000000', 2257, 1580, 0, 0, 0, 0, '95.000000', '30.000000', 25, 0, 1, 188200, 1, 0, 0, 0, 3, 0, 0, 9, -1, -1, -1, 0, 0, 0, 0, 0, 0, 0, 0, 0, 0, 0, 0, 0, 43, 0, 0, 0, 0, 0, 0, 0, 9945, 4, 0, 0, 0, 0, 0, 0, 0, 0, 0, 0, 0, 0, 0, 0, 0, 0, 0, 0, 0, 0, 5563, '2190.759033', '-1831.878173', '14.647472', 0, 0, 10, 1, 0, 0, 4, 0, 0, 0, 0, 0, 0, 0, 0, 0, 0, 0, 0, 1, 0, 0, 0, 0, 0, 0, 0, 'Nobody', 'Nobody', 0, 0, 0, 'Nobody', 'None', 0, 0, 0, 0, 0, 0, 0, 0, 0, 0, 0, 0, 0, 0, 0, 0, 0, 'Nobody', '0', 0, 0, 0, 0, 0, ''),
(104, 'Algis_Salvatore', 'AE13F997698D4F7D5458B314B6329DC4DD238211C351F845A34E5E5151BBC6A5429C85FCCDA9A0DE7EF1BDDFC01E61AA573ADFBDC9E9D7BBB49B7934EC5FF4E2', 1, 0, '0', 0, 0, 0, 0, 0, '88.216.54.74', 1, 1, 1, 23, 101, '1711.039672', '-1862.052612', '13.172928', '89.998489', 0, 0, 0, 0, 255, 0, 0, 0, 0, 0, 0, 0, 0, 0, '0.000000', 5000, 100, 0, 0, 0, 0, '100.000000', '0.000000', 0, 0, 0, 0, 0, 0, 0, 0, 0, 0, 0, 0, -1, -1, -1, 0, 0, 0, 0, 0, 0, 0, 0, 0, 0, 0, 0, 0, 0, 0, 0, 0, 0, 0, 0, 0, 51, 0, 0, 0, 0, 0, 0, 0, 0, 0, 0, 0, 0, 0, 0, 0, 0, 0, 0, 0, 0, 0, 0, '0.000000', '0.000000', '0.000000', 0, 0, -1, 0, 0, 0, 4, 0, 0, 0, 0, 0, 0, 0, 0, 0, 0, 0, 0, 0, 0, 0, 0, 0, 0, 0, 0, 'Nobody', 'Nobody', 0, 0, 0, 'Nobody', 'None', 0, 0, 0, 0, 0, 0, 0, 0, 0, 0, 0, 0, 0, 0, 0, 0, 0, 'Nobody', '0', 0, 0, 0, 0, 0, ''),
(105, 'Dariuz_Blogiz', 'A0300A005A9C105A202F5ECCD3D25CA915BDD4AE1A4AF69FF36C299847873144850125217C089BDCED92C854B3FDC79384E4B1D952B01EC68AF3E55B292F0380', 1, 0, '0', 0, 0, 0, 0, 0, '5.20.44.71', 1, 1, 1, 90, 101, '1560.988159', '-2319.019042', '13.130895', '87.730857', 0, 0, 0, 0, 255, 0, 0, 0, 0, 0, 0, 0, 0, 0, '0.000000', 5000, 100, 0, 0, 0, 0, '100.000000', '0.000000', 0, 0, 0, 0, 0, 0, 0, 0, 0, 0, 0, 0, -1, -1, -1, 0, 0, 0, 0, 0, 0, 0, 0, 0, 0, 0, 0, 0, 0, 0, 0, 0, 0, 0, 0, 0, 35, 0, 0, 0, 0, 0, 0, 0, 0, 0, 0, 0, 0, 0, 0, 0, 0, 0, 0, 0, 0, 0, 0, '0.000000', '0.000000', '0.000000', 0, 0, -1, 0, 0, 0, 4, 0, 0, 0, 0, 0, 0, 0, 0, 0, 0, 0, 0, 0, 0, 0, 0, 0, 0, 0, 0, 'Nobody', 'Nobody', 0, 0, 0, 'Nobody', 'None', 0, 0, 0, 0, 0, 0, 0, 0, 0, 0, 0, 0, 0, 0, 0, 0, 0, 'Nobody', 'Dariuz_Blogiz', 0, 0, 0, 0, 0, ''),
(106, 'Jennifer_Hawthorne', '6CDFE7C8C70ED1DEF4DE838F9C37D6250325BEA821E9CB1212D7594C0F2D14029C76E26FF80041A4D738CDDCFC1AB6269CB9AF90CBADDB2FC201D163F09F4F8C', 1, 0, '0', 0, 0, 0, 0, 0, '94.120.216.33', 1, 1, 2, 25, 55, '1599.713623', '-2311.818603', '13.932264', '91.991020', 0, 0, 0, 0, 255, 0, 0, 0, 0, 0, 0, 0, 0, 0, '0.000000', 5000, 100, 0, 0, 0, 0, '100.000000', '0.000000', 0, 0, 0, 0, 1, 0, 0, 0, 0, 0, 0, 0, -1, -1, -1, 0, 0, 0, 0, 0, 0, 0, 0, 0, 0, 0, 0, 0, 0, 0, 0, 0, 0, 0, 0, 0, 21, 0, 0, 0, 0, 0, 0, 0, 0, 0, 0, 0, 0, 0, 0, 0, 0, 0, 0, 0, 0, 0, 0, '0.000000', '0.000000', '0.000000', 0, 0, -1, 0, 0, 0, 4, 0, 0, 0, 0, 0, 0, 0, 0, 0, 0, 0, 0, 0, 0, 0, 0, 0, 0, 0, 0, 'Nobody', 'Nobody', 0, 0, 0, 'Nobody', 'None', 0, 0, 0, 0, 0, 0, 0, 0, 0, 0, 0, 0, 0, 0, 0, 0, 0, 'Nobody', '0', 0, 0, 0, 0, 0, ''),
(107, 'Paco_Lawson', '85952914477E72206E6D056E59460B4670C73F486D59669D345012E9BCCF7F38607DF48A4C759C4A8341D093BA5872187D0D427350FA4FD7A0291AB11BD9992F', 1, 0, '0', 0, 0, 0, 0, 0, '109.104.203.34', 1, 1, 1, 23, 101, '1606.147460', '-2323.246337', '13.382812', '84.320991', 0, 0, 0, 0, 255, 0, 0, 0, 0, 0, 0, 0, 0, 0, '0.000000', 5000, 100, 0, 0, 0, 0, '100.000000', '0.000000', 0, 0, 0, 0, 1, 1, 0, 0, 0, 0, 0, 0, -1, -1, -1, 0, 0, 0, 0, 0, 0, 0, 0, 0, 0, 0, 0, 0, 0, 0, 0, 0, 0, 0, 0, 0, 26, 0, 0, 0, 0, 0, 0, 0, 0, 0, 0, 0, 0, 0, 0, 0, 0, 0, 0, 0, 0, 0, 0, '0.000000', '0.000000', '0.000000', 0, 0, -1, 0, 0, 0, 4, 0, 0, 0, 0, 0, 0, 0, 0, 0, 0, 0, 0, 0, 0, 0, 0, 0, 0, 0, 0, 'Nobody', 'Nobody', 0, 0, 0, 'Nobody', 'None', 0, 0, 0, 0, 0, 0, 0, 0, 0, 0, 0, 0, 0, 0, 0, 0, 0, 'Nobody', '0', 0, 0, 0, 0, 0, ''),
(108, 'Logan_Ace', '03D1F2A7427BE0A08A27B91ACCBE78D5681CD4E77B19DCB6EFB51147685594699C64895681E6CF18695724F2875B2677A3E9C972E223CC0329561EAB5A0D97E1', 1, 0, '0', 0, 0, 0, 0, 0, '2.24.101.236', 1, 1, 1, 21, 101, '1706.687133', '-2257.018310', '12.948625', '99.513717', 0, 0, 0, 0, 255, 0, 0, 0, 0, 0, 0, 0, 0, 0, '0.000000', 5000, 100, 0, 0, 0, 0, '100.000000', '0.000000', 0, 0, 0, 0, 1, 0, 0, 0, 0, 0, 0, 0, -1, -1, -1, 0, 0, 0, 0, 0, 0, 0, 0, 0, 0, 0, 0, 0, 0, 0, 0, 0, 0, 0, 0, 0, 107, 0, 0, 0, 0, 0, 0, 0, 0, 0, 0, 0, 0, 0, 0, 0, 0, 0, 0, 0, 0, 0, 0, '0.000000', '0.000000', '0.000000', 0, 0, -1, 0, 0, 0, 4, 0, 0, 0, 0, 0, 0, 0, 0, 0, 0, 0, 0, 0, 0, 0, 0, 0, 0, 0, 0, 'Nobody', 'Nobody', 0, 0, 0, 'Nobody', 'None', 0, 0, 0, 0, 0, 0, 0, 0, 0, 0, 0, 0, 0, 0, 0, 0, 0, 'Nobody', '0', 0, 0, 0, 0, 0, ''),
(109, 'Victor_Mogilevich', 'A8B5CBD4AB7AB71C1D936787DC1FDE90BA74AE454D2A3CBC5B4EC5AD5F55A14C6A5B4E33B30CFE03CBB97D05B01E0BC51EE89D5D979CDEEA839729241A067A55', 1, 0, '0', 0, 0, 1, 0, 0, '109.65.180.4', 1, 1, 1, 32, 101, '1139.918701', '-2388.166259', '10.797464', '89.998558', 0, 0, 0, 0, 255, 0, 0, 0, 0, 0, 0, 0, 0, 0, '0.000000', 5000, 100, 0, 0, 0, 0, '100.000000', '0.000000', 0, 0, 0, 0, 1, 0, 0, 0, 0, 0, 0, 0, -1, -1, -1, 0, 0, 0, 0, 0, 0, 0, 0, 0, 0, 0, 0, 0, 0, 0, 0, 0, 0, 0, 0, 0, 115, 0, 0, 0, 0, 0, 0, 0, 0, 0, 0, 0, 0, 0, 0, 0, 0, 0, 0, 0, 0, 0, 0, '0.000000', '0.000000', '0.000000', 0, 0, -1, 0, 0, 0, 4, 0, 0, 0, 0, 0, 0, 0, 0, 0, 0, 0, 1, 0, 0, 0, 0, 0, 0, 0, 0, 'Nobody', 'Nobody', 0, 0, 0, 'Nobody', 'None', 0, 0, 0, 0, 0, 0, 0, 0, 0, 0, 0, 0, 0, 0, 0, 0, 0, 'Nobody', '0', 0, 0, 0, 0, 0, ''),
(110, 'Herald_Groove', '98C4F63F259C8AD2267B244C75F0AB64ED56D07CB669C7D53124FE27D50BCC548C81543D513AFE6FF41F7BB17CE75B535D78B4174201A8E85EAE6C49EBD6BE96', 1, 0, '0', 0, 0, 0, 0, 0, '31.11.103.187', 1, 1, 1, 42, 101, '361.685241', '172.537780', '1008.382812', '77.206214', 0, 0, 0, 0, 255, 0, 0, 0, 0, 0, 0, 0, 0, 0, '0.000000', 5000, 100, 0, 0, 0, 0, '100.000000', '0.000000', 0, 0, 0, 0, 0, 0, 0, 0, 0, 0, 0, 0, -1, -1, -1, 3, 0, 0, 0, 0, 0, 0, 0, 0, 0, 0, 0, 0, 0, 0, 0, 0, 0, 0, 0, 0, 234, 0, 0, 0, 0, 0, 0, 0, 0, 0, 0, 0, 0, 0, 0, 0, 0, 0, 0, 0, 0, 0, 0, '0.000000', '0.000000', '0.000000', 0, 0, -1, 0, 0, 0, 4, 0, 0, 0, 0, 0, 0, 0, 0, 0, 0, 0, 0, 0, 0, 0, 0, 0, 0, 0, 0, 'Nobody', 'Nobody', 0, 0, 0, 'Nobody', 'None', 0, 0, 0, 0, 0, 0, 0, 0, 0, 0, 0, 0, 0, 0, 0, 0, 0, 'Nobody', '0', 0, 0, 0, 0, 0, ''),
(111, 'Wilson_Njeim', '9936809AA93468963A466324DF0BEEF1058BF5ED165DB51333FC06555CFE78380A571834FFA1633B774F8D335A237AEE143DC8F3C9B74202484A6CF502B95C0E', 1, 0, '0', 0, 0, 0, 0, 0, '122.107.75.102', 1, 1, 1, 21, 101, '1478.699707', '-1747.269897', '14.983417', '353.297912', 0, 0, 0, 0, 255, 0, 0, 0, 0, 0, 0, 0, 0, 0, '0.000000', 5000, 100, 0, 0, 0, 0, '100.000000', '0.000000', 0, 0, 0, 0, 0, 0, 0, 0, 0, 0, 0, 0, -1, -1, -1, 0, 0, 0, 0, 0, 0, 0, 0, 0, 0, 0, 0, 0, 0, 0, 0, 0, 0, 0, 0, 0, 114, 0, 0, 0, 0, 0, 0, 0, 0, 0, 0, 0, 0, 0, 0, 0, 0, 0, 0, 0, 0, 0, 0, '0.000000', '0.000000', '0.000000', 0, 0, -1, 0, 0, 0, 4, 0, 0, 0, 0, 0, 0, 0, 0, 0, 0, 0, 0, 0, 0, 0, 0, 0, 0, 0, 0, 'Nobody', 'Nobody', 0, 0, 0, 'Nobody', 'None', 0, 0, 0, 0, 0, 0, 0, 0, 0, 0, 0, 0, 0, 0, 0, 0, 0, 'Nobody', '0', 0, 0, 0, 0, 0, ''),
(112, 'Rafael_Garlan', '350D4BF453C8F9FDC68387A72DFB7D2F7717E73F924E03D8F2FED72FAA4272EBBACA19B389F3B5017B8AB22C9014DBDB2FFC506CC42761A779A3AE5D0E283440', 1, 0, '0', 0, 0, 0, 0, 0, '112.203.21.66', 1, 1, 1, 25, 101, '2485.905761', '-1670.597656', '13.335947', '80.127510', 0, 0, 0, 0, 255, 0, 0, 0, 0, 0, 0, 0, 0, 0, '0.000000', 5000, 100, 0, 0, 0, 0, '100.000000', '0.000000', 0, 0, 0, 0, 0, 0, 0, 0, 0, 0, 0, 0, -1, -1, -1, 0, 0, 0, 0, 0, 0, 0, 0, 0, 0, 0, 0, 0, 0, 0, 0, 0, 0, 0, 0, 0, 121, 0, 0, 0, 0, 0, 0, 0, 0, 0, 0, 0, 0, 0, 0, 0, 0, 0, 0, 0, 0, 0, 0, '0.000000', '0.000000', '0.000000', 0, 0, -1, 0, 0, 0, 4, 0, 0, 0, 0, 0, 0, 0, 0, 0, 0, 0, 0, 0, 0, 0, 0, 0, 0, 0, 0, 'Nobody', 'Nobody', 0, 0, 0, 'Nobody', 'None', 0, 0, 0, 0, 0, 0, 0, 0, 0, 0, 0, 0, 0, 0, 0, 0, 0, 'Nobody', '0', 0, 0, 0, 0, 0, ''),
(113, 'Smash_Roster', '36C35836961161C26F85E363239D733AB5CF23D47544179E4B26E8AC3F69FC5596BBA2283C3BEBD6A8115CC59628126DE6ECEA4C50235AB2F406C1C031369FFC', 1, 0, '0', 0, 0, 0, 0, 0, '95.15.121.106', 1, 1, 1, 21, 101, '1828.411987', '-1589.437255', '13.145225', '89.998123', 0, 0, 0, 0, 255, 0, 0, 0, 0, 0, 0, 0, 0, 0, '0.000000', 5000, 100, 0, 0, 0, 0, '100.000000', '0.000000', 0, 0, 0, 0, 0, 0, 0, 0, 0, 0, 0, 0, -1, -1, -1, 0, 0, 0, 0, 0, 0, 0, 0, 0, 0, 0, 0, 0, 0, 0, 0, 0, 0, 0, 0, 0, 102, 0, 0, 0, 0, 0, 0, 0, 0, 0, 0, 0, 0, 0, 0, 0, 0, 0, 0, 0, 0, 0, 0, '0.000000', '0.000000', '0.000000', 0, 0, -1, 0, 0, 0, 4, 0, 0, 0, 0, 0, 0, 0, 0, 0, 0, 0, 0, 0, 0, 0, 0, 0, 0, 0, 0, 'Nobody', 'Nobody', 0, 0, 0, 'Nobody', 'None', 0, 0, 0, 0, 0, 0, 0, 0, 0, 0, 0, 0, 0, 0, 0, 0, 0, 'Nobody', 'Smash_Roster', 0, 0, 0, 0, 0, ''),
(114, 'Robert_Perl', '36C35836961161C26F85E363239D733AB5CF23D47544179E4B26E8AC3F69FC5596BBA2283C3BEBD6A8115CC59628126DE6ECEA4C50235AB2F406C1C031369FFC', 3, 0, '0', 0, 0, 0, 0, 0, '95.15.121.106', 1, 1, 1, 31, 28, '823.377624', '-1823.330078', '12.379146', '349.148651', 1, 0, 0, 0, 255, 0, 0, 0, 6, 0, 0, 0, 0, 0, '0.000000', 3425, 254, 0, 0, 0, 0, '29.000000', '0.000000', 0, 0, 0, 0, 1, 0, 0, 0, 0, 0, 0, 0, -1, -1, -1, 0, 0, 0, 0, 0, 0, 0, 0, 0, 0, 0, 0, 0, 0, 0, 0, 0, 0, 0, 0, 0, 1070, 2, 0, 0, 0, 0, 0, 0, 0, 0, 0, 0, 0, 0, 0, 0, 0, 0, 0, 0, 0, 0, 0, '0.000000', '0.000000', '0.000000', 0, 0, -1, 0, 0, 0, 4, 0, 0, 0, 0, 0, 0, 0, 0, 0, 0, 0, 0, 0, 0, 0, 0, 0, 0, 0, 0, 'Nobody', 'Nobody', 0, 0, 0, 'Nobody', 'None', 0, 0, 0, 0, 0, 0, 0, 0, 0, 0, 0, 0, 0, 0, 0, 0, 0, 'Nobody', 'Robert_Perl', 0, 0, 0, 0, 0, ''),
(115, 'Taylor_Wilson', '547C74A73290F47803C4BE1872857B66E16B6195638BFA7996ABBBA4B9D706D2C816E3D4CF651935A21B71A37A136342B9A7110180EF3B52D8CEE74636C7793B', 4, 0, '0', 0, 0, 0, 0, 0, '92.19.89.52', 1, 1, 1, 27, 101, '1529.599975', '-1691.199951', '13.382812', '183.101165', 1, 0, 0, 0, 255, 0, 0, 0, 8, 0, 0, 0, 0, 0, '0.000000', 5000, 292, 0, 0, 0, 0, '100.000000', '17.000000', 0, 0, 0, 0, 1, 0, 0, 0, 0, 0, 0, 0, -1, -1, -1, 0, 0, 0, 0, 0, 0, 0, 0, 0, 0, 0, 0, 0, 0, 0, 0, 0, 0, 0, 0, 0, 5256, 4, 0, 0, 0, 0, 0, 0, 0, 0, 0, 0, 0, 0, 0, 0, 0, 0, 0, 0, 0, 0, 0, '0.000000', '0.000000', '0.000000', 0, 0, -1, 0, 0, 0, 4, 0, 0, 0, 0, 0, 0, 0, 0, 0, 0, 0, 0, 0, 0, 0, 0, 0, 0, 0, 0, 'Nobody', 'Nobody', 0, 0, 0, 'Nobody', 'None', 0, 0, 0, 0, 0, 0, 0, 0, 0, 0, 0, 0, 0, 0, 0, 0, 0, 'Nobody', 'Taylor_Wilson', 0, 0, 0, 0, 0, ''),
(116, 'Martin_Reynolds', '547C74A73290F47803C4BE1872857B66E16B6195638BFA7996ABBBA4B9D706D2C816E3D4CF651935A21B71A37A136342B9A7110180EF3B52D8CEE74636C7793B', 1, 0, '0', 0, 0, 0, 0, 0, '78.146.96.36', 1, 1, 1, 35, 101, '2657.557617', '-2398.333496', '13.224894', '177.381301', 0, 0, 0, 0, 255, 0, 0, 0, 0, 0, 0, 0, 0, 0, '0.000000', 5000, 100, 0, 0, 0, 0, '100.000000', '0.000000', 0, 0, 0, 0, 1, 0, 0, 0, 0, 0, 0, 0, -1, -1, -1, 0, 0, 0, 0, 0, 0, 0, 0, 0, 0, 0, 0, 0, 0, 0, 0, 0, 0, 0, 0, 0, 527, 1, 0, 0, 0, 0, 0, 0, 0, 0, 0, 0, 0, 0, 0, 0, 0, 0, 0, 0, 0, 0, 0, '0.000000', '0.000000', '0.000000', 0, 0, -1, 0, 0, 0, 4, 0, 0, 0, 0, 0, 0, 0, 0, 0, 0, 0, 1, 0, 0, 0, 0, 0, 0, 0, 0, 'Nobody', 'Nobody', 0, 0, 0, 'Nobody', 'None', 0, 0, 7, 0, 0, 0, 0, 0, 0, 0, 0, 0, 0, 0, 0, 0, 0, 'Nobody', 'Taylor_Wilson', 0, 0, 0, 0, 0, ''),
(117, 'Vladimir_Borshka', '13BB14938ED6708CDDDCACC2D4AD1EEEC1C344572DAD1F190A8E1EDBB2BEC17FD68A151EC9035F4BB0C2432813DAC29993DB78DF58789FD51415A57F5A59CE18', 3, 0, '0', 0, 0, 0, 0, 0, '85.103.133.162', 1, 1, 1, 23, 19, '823.920837', '-1822.770874', '12.373638', '208.058609', 1, 0, 0, 0, 255, 0, 0, 0, 0, 0, 0, 0, 0, 0, '0.000000', 3750, 223, 0, 0, 0, 0, '81.000000', '0.000000', 0, 0, 0, 0, 1, 0, 0, 0, 0, 0, 0, 0, -1, -1, -1, 0, 0, 0, 0, 0, 0, 0, 0, 0, 0, 0, 0, 0, 0, 0, 0, 0, 0, 0, 0, 0, 1052, 2, 1, 0, 0, 0, 0, 0, 0, 0, 0, 0, 0, 0, 0, 0, 0, 0, 0, 0, 0, 0, 0, '0.000000', '0.000000', '0.000000', 0, 0, -1, 0, 0, 0, 4, 0, 0, 0, 0, 0, 0, 0, 0, 0, 0, 0, 0, 0, 0, 0, 0, 0, 0, 0, 0, 'Nobody', 'Nobody', 0, 0, 0, 'Nobody', 'None', 0, 0, 0, 0, 0, 0, 0, 0, 0, 0, 0, 0, 0, 0, 0, 0, 0, 'Nobody', 'Vladimir_Borshka', 0, 0, 0, 0, 0, ''),
(118, 'Vincent_Molwy', 'FE191515BC74AD11054946C7A3C334F0B77D4244FB108D241436F15E8757ED6210F052A7511980F80AF0B225F886BEC330A0CEF81371250E7ED50AC590BCAB43', 1, 0, '0', 0, 0, 0, 0, 0, '41.230.0.194', 1, 1, 1, 23, 101, '1663.100585', '-2107.869384', '13.145607', '91.970176', 0, 0, 0, 0, 255, 0, 0, 0, 0, 0, 0, 0, 0, 0, '0.000000', 5000, 100, 0, 0, 0, 0, '100.000000', '0.000000', 0, 0, 0, 0, 0, 0, 0, 0, 0, 0, 0, 0, -1, -1, -1, 0, 0, 0, 0, 0, 0, 0, 0, 0, 0, 0, 0, 0, 0, 0, 0, 0, 0, 0, 0, 0, 48, 0, 0, 0, 0, 0, 0, 0, 0, 0, 0, 0, 0, 0, 0, 0, 0, 0, 0, 0, 0, 0, 0, '0.000000', '0.000000', '0.000000', 0, 0, -1, 0, 0, 0, 4, 0, 0, 0, 0, 0, 0, 0, 0, 0, 0, 0, 0, 0, 0, 0, 0, 0, 0, 0, 0, 'Nobody', 'Nobody', 0, 0, 0, 'Nobody', 'None', 0, 0, 0, 0, 0, 0, 0, 0, 0, 0, 0, 0, 0, 0, 0, 0, 0, 'Nobody', 'Wayne_Cristian', 0, 0, 0, 0, 0, ''),
(119, 'Will_Leon', 'E7EE1711C2BBA82D9CC4AC22FC84209E31A86861C9B634826E4B1C57D9E7CD0AEA852D86F37FB10924A67BD99D2D6D547BE15DFB13A3B8C77DF31257EEBCA86A', 3, 0, '0', 0, 0, 0, 0, 0, '85.195.47.175', 1, 1, 1, 20, 120, '1416.070800', '-1248.160644', '13.546875', '285.510131', 1, 0, 0, 0, 255, 0, 0, 0, 4, 0, 0, 0, 0, 0, '0.000000', 6185, 264, 0, 0, 0, 0, '100.000000', '0.000000', 0, 0, 0, 0, 1, 0, 0, 0, 0, 0, 0, 0, -1, -1, -1, 0, 0, 3, 5772, 0, 0, 0, 0, 0, 0, 0, 0, 0, 0, 0, 0, 0, 0, 0, 0, 0, 1482, 1, 0, 0, 0, 0, 0, 0, 0, 0, 0, 0, 0, 0, 0, 0, 0, 0, 0, 0, 0, 0, 0, '0.000000', '0.000000', '0.000000', 0, 0, -1, 0, 0, 0, 4, 0, 0, 0, 0, 0, 0, 0, 0, 0, 0, 0, 0, 0, 0, 0, 0, 0, 0, 0, 0, 'Nobody', 'Nobody', 0, 0, 0, 'Joe Adonis', 'Bög', 0, 0, 3, 0, 0, 0, 0, 0, 0, 0, 0, 0, 0, 0, 0, 0, 0, 'Nobody', 'Joe_Adonis', 0, 0, 0, 0, 0, 'Non-RP name, needs to be changed - Joe Adonis (13/12/2012)'),
(120, 'Matthew_Williamson', '621E928E662A8F462DD31122D410CFC5539A64EA94B1917182E504CF5BE9C8FD02EA41790A84FD9D9F091C756A985807EE557A004397D3E7DDD18BDBB67CC5A3', 7, 0, '0', 0, 0, 0, 0, 0, '2.105.19.194', 1, 1, 1, 32, 3, '1356.136474', '-1575.128295', '13.511247', '271.171966', 3, 0, 1007, 0, 255, 9, 0, 1, 9, 0, 0, 0, 0, 0, '0.000000', 4367, 1123, 0, 0, 0, 0, '95.000000', '0.000000', 0, 0, 0, 0, 1, 1, 0, 0, 0, 10, 0, 0, -1, -1, -1, 0, 0, 0, 0, 0, 0, 0, 0, 0, 0, 0, 0, 0, 0, 0, 46, 0, 0, 0, 0, 0, 6240, 4, 0, 0, 0, 0, 0, 0, 0, 0, 0, 0, 0, 0, 0, 0, 0, 0, 0, 0, 0, 0, 0, '0.000000', '0.000000', '0.000000', 0, 0, -1, 0, 0, 0, 4, 0, 0, 0, 0, 0, 0, 0, 0, 0, 0, 0, 1, 1, 0, 0, 0, 0, 1, 0, 0, 'Nobody', 'Nobody', 0, 0, 0, 'Nobody', 'None', 0, 0, 0, 0, 0, 0, 0, 0, 0, 0, 0, 0, 0, 0, 0, 0, 0, 'Nobody', '0', 0, 0, 0, 0, 0, ''),
(121, 'Hi_Im_New', '69E2056288AD58B436E5C809BB72095D41DA4EC085E629254FE46C387537D7847E83F4079FD85E0028745E86E509BDDC8E43A322B86D113DC07EB2D058C91B1E', 1, 0, '0', 0, 0, 0, 0, 0, '92.251.33.34', 1, 1, 1, 21, 101, '1569.764160', '-2337.073730', '13.540008', '103.121246', 0, 0, 0, 0, 255, 0, 0, 0, 0, 0, 0, 0, 0, 0, '0.000000', 5000, 100, 0, 0, 0, 0, '100.000000', '0.000000', 0, 0, 0, 0, 0, 0, 0, 0, 0, 0, 0, 0, -1, -1, -1, 0, 0, 0, 0, 0, 0, 0, 0, 0, 0, 0, 0, 0, 0, 0, 0, 0, 0, 0, 0, 0, 29, 1, 0, 0, 0, 0, 0, 0, 0, 0, 0, 0, 0, 0, 0, 0, 0, 0, 0, 0, 0, 0, 0, '0.000000', '0.000000', '0.000000', 0, 0, -1, 0, 0, 0, 4, 0, 0, 0, 0, 0, 0, 0, 0, 0, 0, 0, 0, 0, 0, 0, 0, 0, 0, 0, 0, 'Nobody', 'Nobody', 0, 0, 0, 'Nobody', 'None', 0, 0, 0, 0, 0, 0, 0, 0, 0, 0, 0, 0, 0, 0, 0, 0, 0, 'Nobody', '0', 0, 0, 0, 0, 0, ''),
(122, 'Jordan_Wilson', '47BC7546F66F2DA4EBBA62298E72B11C8F58C5BB41974B479512777F54EC1E5C616084A7FBBD1E1DDA00581F22EBD59DDB486E999FEE574141384EE6DAC42AD0', 1, 0, '0', 0, 0, 0, 0, 0, '2.127.33.235', 1, 1, 1, 34, 101, '372.487274', '170.306945', '1008.389343', '326.598571', 0, 0, 0, 0, 255, 0, 0, 0, 0, 0, 0, 0, 0, 0, '0.000000', 5000, 100, 0, 0, 0, 0, '100.000000', '0.000000', 0, 0, 0, 0, 0, 0, 0, 0, 0, 0, 0, 0, -1, -1, -1, 3, 0, 0, 0, 0, 0, 0, 0, 0, 0, 0, 0, 0, 0, 0, 0, 0, 0, 0, 0, 0, 159, 0, 0, 0, 0, 0, 0, 0, 0, 0, 0, 0, 0, 0, 0, 0, 0, 0, 0, 0, 0, 0, 0, '0.000000', '0.000000', '0.000000', 0, 0, -1, 0, 0, 0, 4, 0, 0, 0, 0, 0, 0, 0, 0, 0, 0, 0, 0, 0, 0, 0, 0, 0, 0, 0, 0, 'Nobody', 'Nobody', 0, 0, 0, 'Nobody', 'None', 0, 0, 0, 0, 0, 0, 0, 0, 0, 0, 0, 0, 0, 0, 0, 0, 0, 'Nobody', '0', 0, 0, 0, 0, 0, ''),
(123, 'Dony_Berger', '0E99355935A4390C58E1C9AF4B3EEF887B3C12CEF1C9F28D278EB39280ECFD24F2FF27962E764B4639C8B856D881A73E5B82FC40DC050F28F63FF08FAF7A1BF6', 1, 0, '0', 0, 0, 0, 0, 0, '92.37.95.129', 1, 1, 1, 22, 101, '1528.954589', '-1241.024169', '14.515209', '267.124084', 0, 0, 0, 0, 255, 0, 0, 0, 0, 0, 0, 0, 0, 0, '0.000000', 5000, 100, 0, 0, 0, 0, '100.000000', '0.000000', 0, 0, 0, 0, 0, 0, 0, 0, 0, 0, 0, 0, -1, -1, -1, 0, 0, 0, 0, 0, 0, 0, 0, 0, 0, 0, 0, 0, 0, 0, 0, 0, 0, 0, 0, 0, 212, 0, 0, 0, 0, 0, 0, 0, 0, 0, 0, 0, 0, 0, 0, 0, 0, 0, 0, 0, 0, 0, 0, '0.000000', '0.000000', '0.000000', 0, 0, -1, 0, 0, 0, 4, 0, 0, 0, 0, 0, 0, 0, 0, 0, 0, 0, 0, 0, 0, 0, 0, 0, 0, 0, 0, 'Nobody', 'Nobody', 0, 0, 0, 'Nobody', 'None', 0, 0, 0, 0, 0, 0, 0, 0, 0, 0, 0, 0, 0, 0, 0, 0, 0, 'Nobody', '0', 0, 0, 0, 0, 0, ''),
(124, 'Manuel_Mancini', '81DDA9883A55800C6C4AD9B96FA8A897CE4CE20C34101A633A19AE815222710EC2B3504B56321016B441D008869D20CEF0BD697752AA4C88A9F29B9DD9BC823D', 1, 0, '0', 0, 0, 0, 0, 0, '68.144.203.146', 1, 1, 1, 22, 101, '2345.512451', '-1181.930175', '1031.968750', '218.226318', 0, 0, 0, 0, 255, 0, 0, 0, 6, 0, 0, 0, 0, 0, '0.000000', 5000, 100, 0, 0, 0, 0, '100.000000', '0.000000', 0, 0, 0, 0, 0, 0, 0, 0, 0, 0, 0, 0, -1, -1, -1, 5, 0, 0, 0, 0, 0, 0, 0, 0, 0, 0, 0, 0, 0, 0, 0, 0, 0, 0, 0, 0, 247, 0, 0, 0, 0, 0, 0, 0, 0, 0, 0, 0, 0, 0, 0, 0, 0, 0, 0, 0, 0, 0, 0, '0.000000', '0.000000', '0.000000', 0, 0, -1, 0, 0, 0, 4, 0, 0, 0, 0, 0, 0, 0, 0, 0, 0, 0, 0, 0, 0, 0, 0, 0, 0, 0, 0, 'Nobody', 'Nobody', 0, 0, 0, 'Nobody', 'None', 0, 0, 0, 0, 0, 0, 0, 0, 0, 0, 0, 0, 0, 0, 0, 0, 0, 'Nobody', '0', 0, 0, 0, 0, 0, ''),
(125, 'Zed_Lee', '66198519820BBDB16E92C69BAF337266BBE5EFFF7FD057CDFDF15DE119731DF7D7432F0099D2581E31E15713F4D3B361E24FA91F1B0751963EF1515B0CAF5893', 1, 0, '0', 0, 0, 0, 0, 0, '85.195.47.175', 1, 0, 1, 18, 119, '2212.610107', '-1730.569946', '-80.000000', '0.999950', 0, 0, 0, 0, 255, 0, 0, 0, 0, 0, 0, 0, 0, 0, '0.000000', 5000, 100, 0, 0, 0, 0, '100.000000', '0.000000', 0, 0, 0, 0, 1, 0, 0, 0, 0, 0, 0, 0, -1, -1, -1, 0, 0, 0, 0, 0, 0, 0, 0, 0, 0, 0, 0, 0, 0, 0, 0, 0, 0, 0, 0, 0, 12, 0, 0, 0, 0, 0, 0, 0, 0, 0, 0, 0, 0, 0, 0, 0, 0, 0, 0, 0, 0, 0, 0, '0.000000', '0.000000', '0.000000', 0, 0, -1, 0, 0, 0, 4, 0, 0, 0, 0, 0, 0, 0, 0, 0, 0, 0, 1, 0, 0, 0, 0, 0, 0, 0, 0, 'Nobody', 'Nobody', 0, 0, 0, 'Nobody', 'None', 0, 0, 0, 0, 0, 0, 0, 0, 0, 0, 0, 0, 0, 0, 0, 0, 0, 'Nobody', '0', 0, 0, 0, 0, 0, ''),
(126, 'Jaime_Amatong', 'DF2D847CF39F45D49B896790FC47AFD5FBBAF67E5EAFD687430B2E4A25E77AFCD9393694120E2A2372E55C2A41E8B8B6CE95803499558E72613EC0008B891914', 1, 0, '0', 0, 0, 0, 0, 0, '121.54.49.14', 1, 1, 1, 19, 101, '1559.232177', '-1781.752685', '13.144273', '90.514175', 0, 0, 0, 0, 255, 0, 0, 0, 0, 0, 0, 0, 0, 0, '0.000000', 5000, 100, 0, 0, 0, 0, '100.000000', '0.000000', 0, 0, 0, 0, 0, 0, 0, 0, 0, 0, 0, 0, -1, -1, -1, 0, 0, 0, 0, 0, 0, 0, 0, 0, 0, 0, 0, 0, 0, 0, 0, 0, 0, 0, 0, 0, 108, 0, 0, 0, 0, 0, 0, 0, 0, 0, 0, 0, 0, 0, 0, 0, 0, 0, 0, 0, 0, 0, 0, '0.000000', '0.000000', '0.000000', 0, 0, -1, 0, 0, 0, 4, 0, 0, 0, 0, 0, 0, 0, 0, 0, 0, 0, 0, 0, 0, 0, 0, 0, 0, 0, 0, 'Nobody', 'Nobody', 0, 0, 0, 'Nobody', 'None', 0, 0, 0, 0, 0, 0, 0, 0, 0, 0, 0, 0, 0, 0, 0, 0, 0, 'Nobody', '0', 0, 0, 0, 0, 0, ''),
(127, 'Chris_Orson', '88D8931DE21F4847349105CBB6D4C8B35AAB248FC5A9CBD1E9C4978858E1B439EEA6583FF4216C4A630B7CA6FB9EB675B94B10BC37F9C18A7D27502D3BB81373', 1, 0, '0', 0, 0, 0, 0, 0, '176.13.205.67', 1, 0, 1, 25, 119, '2212.610107', '-1730.569946', '-80.000000', '0.999950', 0, 0, 0, 0, 255, 0, 0, 0, 0, 0, 0, 0, 0, 0, '0.000000', 5000, 100, 0, 0, 0, 0, '100.000000', '0.000000', 0, 0, 0, 0, 0, 0, 0, 0, 0, 0, 0, 0, -1, -1, -1, 0, 0, 0, 0, 0, 0, 0, 0, 0, 0, 0, 0, 0, 0, 0, 0, 0, 0, 0, 0, 0, 13, 0, 0, 0, 0, 0, 0, 0, 0, 0, 0, 0, 0, 0, 0, 0, 0, 0, 0, 0, 0, 0, 0, '0.000000', '0.000000', '0.000000', 0, 0, -1, 0, 0, 0, 4, 0, 0, 0, 0, 0, 0, 0, 0, 0, 0, 0, 0, 0, 0, 0, 0, 0, 0, 0, 0, 'Nobody', 'Nobody', 0, 0, 0, 'Nobody', 'None', 0, 0, 0, 0, 0, 0, 0, 0, 0, 0, 0, 0, 0, 0, 0, 0, 0, 'Nobody', '0', 0, 0, 0, 0, 0, ''),
(128, 'Aaron_Railton', '03CE7DC86AE1E14AB5E6A7698A39DFB4B8765C51D8EA691936D8877F3FA671B4041AA6B8356C2CE597F0C3825673102A58AF904925E9FD0F1C3D93A664C509AE', 1, 0, '0', 0, 0, 0, 0, 0, '86.179.82.102', 1, 0, 2, 0, 55, '1560.798095', '-1673.851318', '-44.772926', '0.999950', 0, 0, 0, 0, 255, 0, 0, 0, 0, 0, 0, 0, 0, 0, '0.000000', 5000, 100, 0, 0, 0, 0, '100.000000', '0.000000', 0, 0, 0, 0, 1, 0, 0, 0, 0, 0, 0, 0, -1, -1, -1, 0, 70707, 0, 0, 0, 0, 0, 0, 0, 0, 0, 0, 0, 0, 0, 0, 0, 0, 0, 0, 0, 6, 0, 0, 0, 0, 0, 0, 0, 0, 0, 0, 0, 0, 0, 0, 0, 0, 0, 0, 0, 0, 0, 0, '0.000000', '0.000000', '0.000000', 0, 0, -1, 0, 0, 0, 4, 0, 0, 0, 0, 0, 0, 0, 0, 0, 0, 0, 0, 0, 0, 0, 0, 0, 0, 0, 0, 'Nobody', 'Nobody', 0, 0, 0, 'Nobody', 'None', 0, 0, 0, 0, 0, 0, 0, 0, 0, 0, 0, 0, 0, 0, 0, 0, 0, 'Nobody', '0', 0, 0, 0, 0, 0, ''),
(129, 'James_Morrison', '976E17D43C9C9D35C78908D012991B03FA34E8FBF42FA496931E9E8B69E49B861EC7ABB86E94079A7340790449C162BA233B093B4D6D0E224779E552B262C1C1', 1, 0, '0', 0, 0, 0, 0, 0, '79.180.151.241', 1, 0, 1, 0, 299, '1560.798095', '-1673.851318', '-10.193675', '0.999950', 0, 0, 0, 0, 255, 0, 0, 0, 0, 0, 0, 0, 0, 0, '0.000000', 5000, 100, 0, 0, 0, 0, '100.000000', '0.000000', 0, 0, 0, 0, 1, 0, 0, 0, 0, 0, 0, 0, -1, -1, -1, 0, 70707, 0, 0, 0, 0, 0, 0, 0, 0, 0, 0, 0, 0, 0, 0, 0, 0, 0, 0, 0, 1, 0, 0, 0, 0, 0, 0, 0, 0, 0, 0, 0, 0, 0, 0, 0, 0, 0, 0, 0, 0, 0, 0, '0.000000', '0.000000', '0.000000', 0, 0, -1, 0, 0, 0, 4, 0, 0, 0, 0, 0, 0, 0, 0, 0, 0, 0, 0, 0, 0, 0, 0, 0, 0, 0, 0, 'Nobody', 'Nobody', 0, 0, 0, 'Nobody', 'None', 0, 0, 0, 0, 0, 0, 0, 0, 0, 0, 0, 0, 0, 0, 0, 0, 0, 'Nobody', '0', 0, 0, 0, 0, 0, ''),
(130, 'Fabio', '85A925227F78400ACDF49173457A8440DD88DB76613B320B51A8A1C2C31391D014A2F720BCD5E40DE6B27565F461AE2AFE0054CC837FA242A2698456A3D29E92', 1, 0, '0', 0, 0, 0, 0, 0, '188.79.133.51', 1, 0, 1, 24, 119, '1545.119018', '-1675.165893', '13.559739', '0.999950', 0, 0, 0, 0, 255, 0, 0, 0, 0, 0, 0, 0, 0, 0, '0.000000', 5000, 100, 0, 0, 0, 0, '100.000000', '0.000000', 0, 0, 0, 0, 0, 0, 0, 0, 0, 0, 0, 0, -1, -1, -1, 0, 0, 0, 0, 0, 0, 0, 0, 0, 0, 0, 0, 0, 0, 0, 0, 0, 0, 0, 0, 0, 12, 0, 0, 0, 0, 0, 0, 0, 0, 0, 0, 0, 0, 0, 0, 0, 0, 0, 0, 0, 0, 0, 0, '0.000000', '0.000000', '0.000000', 0, 0, -1, 0, 0, 0, 4, 0, 0, 0, 0, 0, 0, 0, 0, 0, 0, 0, 0, 0, 0, 0, 0, 0, 0, 0, 0, 'Nobody', 'Nobody', 0, 0, 0, 'Nobody', 'None', 0, 0, 0, 0, 0, 0, 0, 0, 0, 0, 0, 0, 0, 0, 0, 0, 0, 'Nobody', '0', 0, 0, 0, 0, 0, 'Non-RP name, needs to be changed - Jack Smith (9/12/2012)'),
(131, 'Alex_Johnson', '51BDA43F6F3A141E154047803CDDA897E72BD996343AF19E5BE6D313B5177BACAD0F0371EF1F1429A78EDDCC03626E1C5840B4D4E3EE36B6BA37CC07B163F990', 1, 0, '0', 0, 0, 1, 0, 0, '182.189.74.169', 1, 1, 1, 16, 101, '1550.502929', '-1706.647949', '6.218750', '10.650075', 0, 0, 0, 0, 255, 0, 0, 0, 0, 0, 0, 0, 0, 0, '0.000000', 5000, 100, 0, 0, 0, 0, '100.000000', '0.000000', 0, 0, 0, 0, 0, 0, 0, 0, 0, 0, 0, 0, -1, -1, -1, 0, 0, 0, 0, 0, 0, 0, 0, 0, 0, 0, 0, 0, 0, 0, 0, 0, 0, 0, 0, 0, 289, 1, 0, 0, 0, 0, 0, 0, 0, 0, 0, 0, 0, 0, 0, 0, 0, 0, 0, 0, 0, 0, 0, '0.000000', '0.000000', '0.000000', 0, 0, -1, 0, 0, 0, 4, 0, 0, 0, 0, 0, 0, 0, 0, 0, 0, 0, 0, 0, 0, 0, 0, 0, 0, 0, 0, 'Nobody', 'Nobody', 0, 0, 0, 'Nobody', 'None', 0, 0, 0, 0, 0, 0, 0, 0, 0, 0, 0, 0, 0, 0, 0, 0, 0, 'Nobody', '0', 0, 0, 0, 0, 0, ''),
(132, 'James_Dawson', '097489F95B07031764ED34D231B6C4C1095FEFBB3BCD87F6BA0F07216B4A18FA981C5F3D9BA1A9FE487C3EE456EABB73C7F403589A73E9D9A7736568539AE125', 1, 0, '0', 0, 0, 0, 0, 0, '86.58.66.135', 1, 1, 1, 27, 101, '2063.488281', '-1910.604858', '13.546875', '347.088226', 0, 0, 0, 0, 255, 0, 0, 0, 0, 0, 0, 0, 0, 0, '0.000000', 5000, 100, 0, 0, 0, 0, '98.000000', '0.000000', 0, 0, 0, 0, 0, 0, 0, 0, 0, 0, 0, 0, -1, -1, -1, 0, 0, 0, 0, 0, 0, 0, 0, 0, 0, 0, 0, 0, 0, 0, 0, 0, 0, 0, 0, 0, 183, 0, 0, 0, 0, 0, 0, 0, 0, 0, 0, 0, 0, 0, 0, 0, 0, 0, 0, 0, 0, 0, 0, '0.000000', '0.000000', '0.000000', 0, 0, -1, 0, 0, 0, 4, 0, 0, 0, 0, 0, 0, 0, 0, 0, 0, 0, 1, 0, 0, 0, 0, 0, 0, 0, 0, 'Nobody', 'Nobody', 0, 0, 0, 'Nobody', 'None', 0, 0, 0, 0, 0, 0, 0, 0, 0, 0, 0, 0, 0, 0, 0, 0, 0, 'Nobody', '0', 0, 0, 0, 0, 0, ''),
(133, 'Tony_Fabio', '85A925227F78400ACDF49173457A8440DD88DB76613B320B51A8A1C2C31391D014A2F720BCD5E40DE6B27565F461AE2AFE0054CC837FA242A2698456A3D29E92', 2, 0, '0', 0, 0, 0, 0, 0, '188.79.133.51', 1, 1, 1, 24, 101, '2229.357666', '-1725.082031', '13.554743', '77.781211', 1, 0, 0, 0, 255, 0, 0, 0, 0, 0, 0, 0, 0, 0, '0.000000', 5000, 284, 0, 0, 0, 0, '93.000000', '0.000000', 0, 0, 0, 0, 0, 0, 0, 0, 0, 0, 0, 0, -1, -1, -1, 0, 0, 0, 0, 0, 0, 0, 0, 0, 0, 0, 0, 0, 0, 0, 0, 0, 0, 0, 0, 0, 970, 2, 0, 0, 0, 0, 0, 0, 0, 0, 0, 0, 0, 0, 0, 0, 0, 0, 0, 0, 0, 0, 0, '0.000000', '0.000000', '0.000000', 0, 0, -1, 0, 0, 0, 4, 0, 0, 0, 0, 0, 0, 0, 0, 0, 0, 0, 0, 0, 0, 0, 0, 0, 0, 0, 0, 'Nobody', 'Nobody', 0, 0, 0, 'Nobody', 'None', 0, 0, 0, 0, 0, 0, 0, 0, 0, 0, 0, 0, 0, 0, 0, 0, 0, 'Nobody', '0', 0, 0, 0, 0, 0, ''),
(134, 'Azzy_Kings', 'FF42FCC3532FFDBD26FB28EC787B327FB72C695769BD33DA19BF7EF87B1C5B727F9A0F025D871D03B6E8CA83D539B98F68D5E8EBAA63B289C5A994AFB6CDF4B6', 1, 0, '0', 0, 0, 0, 0, 0, '99.247.124.159', 1, 1, 1, 21, 101, '1543.271850', '-1686.479125', '13.553446', '72.128051', 0, 0, 0, 0, 255, 0, 0, 0, 0, 0, 0, 0, 0, 0, '0.000000', 5000, 100, 0, 0, 0, 0, '69.000000', '0.000000', 0, 0, 0, 0, 1, 0, 0, 0, 0, 0, 0, 0, -1, -1, -1, 0, 0, 0, 0, 0, 0, 0, 0, 0, 0, 0, 0, 0, 0, 0, 0, 0, 0, 0, 0, 0, 238, 0, 0, 0, 0, 0, 0, 0, 0, 0, 0, 0, 0, 0, 0, 0, 0, 0, 0, 0, 0, 0, 0, '0.000000', '0.000000', '0.000000', 0, 0, -1, 0, 0, 0, 4, 0, 0, 0, 0, 0, 0, 0, 0, 0, 0, 0, 0, 0, 0, 0, 0, 0, 0, 0, 0, 'Nobody', 'Nobody', 0, 0, 0, 'Nobody', 'None', 0, 0, 0, 0, 0, 0, 0, 0, 0, 0, 0, 0, 0, 0, 0, 0, 0, 'Nobody', '0', 0, 0, 0, 0, 0, ''),
(135, 'Tyrone_Broxton', '670B0BFE4B3E48B79462E0F8CF9DCE4C3B4DD73C268CA8A72D0767DA41A21DACD6113955972C5EC5BB0F20394AE190C6B337F2D4E3EA41026E3B3CC305457A6D', 1, 0, '0', 0, 0, 0, 0, 0, '89.136.116.62', 1, 1, 1, 18, 101, '2149.918701', '-1733.792846', '13.544795', '2.436786', 0, 0, 1404, 0, 255, 0, 0, 0, 0, 0, 0, 0, 0, 0, '0.000000', 3909, 100, 0, 0, 0, 0, '120.000000', '0.000000', 0, 0, 0, 0, 1, 0, 0, 0, 0, 10, 1, 0, -1, -1, -1, 0, 0, 0, 0, 0, 0, 0, 0, 0, 0, 0, 0, 0, 0, 0, 0, 0, 0, 0, 0, 0, 243, 1, 0, 0, 0, 0, 0, 0, 0, 0, 0, 0, 0, 0, 0, 0, 0, 0, 0, 0, 0, 0, 0, '0.000000', '0.000000', '0.000000', 0, 0, -1, 0, 0, 0, 4, 0, 0, 0, 0, 0, 0, 0, 0, 0, 0, 0, 1, 1, 0, 0, 0, 0, 0, 0, 0, 'Nobody', 'Nobody', 0, 0, 0, 'Nobody', 'None', 0, 0, 0, 0, 0, 0, 0, 0, 0, 0, 0, 0, 0, 0, 0, 0, 0, 'Nobody', '0', 0, 0, 0, 0, 0, ''),
(136, 'Laz_Santiago', '4CE7E88946BB786BE0F068F11DC2D385A06D67F4AA36EC02B9AC2C751565547C3AA954EDF823B542A4655546C3DB29ACC49EF93A6CBA5618E5F50507C056DB66', 1, 0, '0', 0, 0, 1, 0, 0, '58.109.84.62', 1, 1, 1, 21, 101, '1570.838867', '-2330.288085', '13.537545', '187.457885', 0, 0, 0, 0, 255, 0, 0, 0, 0, 0, 0, 0, 0, 0, '0.000000', 5000, 100, 0, 0, 0, 0, '100.000000', '0.000000', 0, 0, 0, 0, 1, 0, 0, 0, 0, 0, 0, 0, -1, -1, -1, 0, 0, 0, 0, 0, 0, 0, 0, 0, 0, 0, 0, 0, 0, 0, 0, 0, 0, 0, 0, 0, 58, 0, 0, 0, 0, 0, 0, 0, 0, 0, 0, 0, 0, 0, 0, 0, 0, 0, 0, 0, 0, 0, 0, '0.000000', '0.000000', '0.000000', 0, 0, -1, 0, 0, 0, 4, 0, 0, 0, 0, 0, 0, 0, 0, 0, 0, 0, 1, 0, 0, 0, 0, 0, 0, 0, 0, 'Nobody', 'Nobody', 0, 0, 0, 'Nobody', 'None', 0, 0, 0, 0, 0, 0, 0, 0, 0, 0, 0, 0, 0, 0, 0, 0, 0, 'Nobody', '0', 0, 0, 0, 0, 0, ''),
(137, 'Erwin_Sjutels', '3BFC49C2C54A8C5EAE234B78A794B07EBFCC0ABA50EAE579629CCB6A303E26FBAAAE440E7653EB8F52406926AED935F52B1D3A0F5BF75806D3E84BA402EF8B88', 1, 0, '0', 0, 0, 0, 0, 0, '77.38.133.4', 1, 0, 1, 0, 299, '1560.798095', '-1673.851318', '6.820899', '0.999950', 0, 0, 0, 0, 255, 0, 0, 0, 0, 0, 0, 0, 0, 0, '0.000000', 5000, 100, 0, 0, 0, 0, '100.000000', '0.000000', 0, 0, 0, 0, 1, 0, 0, 0, 0, 0, 0, 0, -1, -1, -1, 0, 70707, 0, 0, 0, 0, 0, 0, 0, 0, 0, 0, 0, 0, 0, 0, 0, 0, 0, 0, 0, 1, 0, 0, 0, 0, 0, 0, 0, 0, 0, 0, 0, 0, 0, 0, 0, 0, 0, 0, 0, 0, 0, 0, '0.000000', '0.000000', '0.000000', 0, 0, -1, 0, 0, 0, 4, 0, 0, 0, 0, 0, 0, 0, 0, 0, 0, 0, 0, 0, 0, 0, 0, 0, 0, 0, 0, 'Nobody', 'Nobody', 0, 0, 0, 'Nobody', 'None', 0, 0, 0, 0, 0, 0, 0, 0, 0, 0, 0, 0, 0, 0, 0, 0, 0, 'Nobody', '0', 0, 0, 0, 0, 0, ''),
(138, 'Fiona_Legan', '8E29F8C42C82AD9E03166BB61DAE34B86FD2F2966819A30569082C823096EB8A7585B9C89BC8038978ECB881B07A340E3AF938AA1C3CE240615429E64BECFFC1', 1, 0, '0', 0, 0, 0, 0, 0, '109.182.147.155', 1, 1, 2, 21, 55, '251.259109', '66.269851', '1003.640625', '25.307270', 0, 0, 0, 0, 255, 0, 0, 0, 0, 0, 0, 0, 0, 0, '0.000000', 2250, 100, 0, 0, 0, 0, '98.000000', '0.000000', 0, 0, 0, 0, 1, 1, 0, 0, 0, 0, 0, 0, -1, -1, -1, 6, 20002, 0, 0, 0, 0, 0, 0, 0, 0, 0, 0, 0, 0, 0, 0, 0, 0, 0, 0, 0, 580, 4, 0, 0, 0, 0, 0, 0, 0, 0, 0, 0, 0, 0, 0, 0, 0, 0, 0, 0, 0, 0, 0, '0.000000', '0.000000', '0.000000', 0, 0, -1, 0, 0, 0, 4, 0, 0, 0, 0, 0, 0, 0, 0, 0, 0, 0, 0, 1, 0, 0, 0, 0, 0, 0, 0, 'Nobody', 'Nobody', 0, 0, 0, 'Nobody', 'None', 0, 0, 0, 0, 0, 0, 0, 0, 0, 0, 0, 0, 0, 0, 0, 0, 0, 'Nobody', 'Lyla_MacKing', 0, 0, 0, 0, 0, ''),
(139, 'Roberto_Roster', '36C35836961161C26F85E363239D733AB5CF23D47544179E4B26E8AC3F69FC5596BBA2283C3BEBD6A8115CC59628126DE6ECEA4C50235AB2F406C1C031369FFC', 1, 0, '0', 0, 0, 0, 0, 0, '95.15.86.102', 1, 1, 1, 15, 101, '1336.902221', '-1577.229248', '12.963238', '90.180519', 0, 0, 0, 0, 255, 0, 0, 0, 0, 0, 0, 0, 0, 0, '0.000000', 5000, 100, 0, 0, 0, 0, '100.000000', '0.000000', 0, 0, 0, 0, 0, 0, 0, 0, 0, 0, 0, 0, -1, -1, -1, 0, 0, 0, 0, 0, 0, 0, 0, 0, 0, 0, 0, 0, 0, 0, 0, 0, 0, 0, 0, 0, 94, 0, 0, 0, 0, 0, 0, 0, 0, 0, 0, 0, 0, 0, 0, 0, 0, 0, 0, 0, 0, 0, 0, '0.000000', '0.000000', '0.000000', 0, 0, -1, 0, 0, 0, 4, 0, 0, 0, 0, 0, 0, 0, 0, 0, 0, 0, 0, 0, 0, 0, 0, 0, 0, 0, 0, 'Nobody', 'Nobody', 0, 0, 0, 'Nobody', 'None', 0, 0, 0, 0, 0, 0, 0, 0, 0, 0, 0, 0, 0, 0, 0, 0, 0, 'Nobody', '0', 0, 0, 0, 0, 0, ''),
(140, 'Jimmy_Manson', '5AFB1F576D5AD31F3A57A6F5718E24F2DD32CDCE48147A5E9343CF7628ACE3CAA8F3D56078393339038B6FCA9666C20E51CBFFF7140FE64A1ACF038F6E5A4CBF', 7, 0, '0', 0, 0, 0, 0, 0, '41.177.195.74', 1, 1, 1, 19, 291, '265.901184', '77.934577', '1001.039062', '266.372436', 3, 0, 1123, 0, 255, 0, 0, 0, 9, 0, 0, 0, 0, 0, '0.000000', 2096, 1087, 0, 2, 1, 0, '100.000000', '0.000000', 0, 0, 1, 1, 1, 1, 0, 0, 3, 0, 0, 10, -1, -1, -1, 6, 20002, 1, 8, 0, 0, 0, 0, 0, 0, 0, 0, 0, 0, 0, 0, 0, 0, 0, 0, 0, 2272, 1, 0, 0, 0, 0, 0, 0, 0, 0, 0, 0, 0, 0, 0, 0, 0, 0, 0, 0, 0, 0, 0, '0.000000', '0.000000', '0.000000', 0, 0, -1, 0, 0, 0, 4, 0, 0, 0, 0, 0, 0, 0, 0, 0, 0, 0, 0, 0, 0, 0, 0, 0, 0, 0, 0, 'Nobody', 'Nobody', 0, 0, 0, 'Nobody', 'None', 0, 0, 11, 0, 0, 0, 0, 0, 0, 0, 0, 0, 0, 0, 0, 0, 0, 'Nobody', '0', 0, 0, 0, 0, 0, ''),
(141, 'Ign_Black', 'EB05B0BCBC31A72290B7409BCC7E465A22DD534C8963A995DA66FF46FA905D580FC96F82BF74C7A46FEEC310A8D5674BF5F46C0854BEFA5524FD7A44402D7023', 1, 0, '0', 0, 0, 0, 0, 0, '197.224.123.109', 1, 1, 1, 12, 101, '1561.621459', '-2325.896728', '13.549202', '91.955924', 0, 0, 0, 0, 255, 0, 0, 0, 0, 0, 0, 0, 0, 0, '0.000000', 5000, 100, 0, 0, 0, 0, '100.000000', '0.000000', 0, 0, 0, 0, 1, 1, 0, 0, 0, 0, 0, 0, -1, -1, -1, 0, 0, 0, 0, 0, 0, 0, 0, 0, 0, 0, 0, 0, 0, 0, 0, 0, 0, 0, 0, 0, 45, 0, 0, 0, 0, 0, 0, 0, 0, 0, 0, 0, 0, 0, 0, 0, 0, 0, 0, 0, 0, 0, 0, '0.000000', '0.000000', '0.000000', 0, 0, -1, 0, 0, 0, 4, 0, 0, 0, 0, 0, 0, 0, 0, 0, 0, 0, 0, 0, 0, 0, 0, 0, 0, 0, 0, 'Nobody', 'Nobody', 0, 0, 0, 'Nobody', 'None', 0, 0, 0, 0, 0, 0, 0, 0, 0, 0, 0, 0, 0, 0, 0, 0, 0, 'Nobody', '0', 0, 0, 0, 0, 0, 'Non-RP name, needs to be changed - Jack Smith (10/12/2012)'),
(142, 'Mihail_Freeman', '21D5CB651222C347EA1284C0ACF162000B4D3E34766F0D00312E3480F633088822809B6A54BA7EDFA17E8FCB5713F8912EE3A218DD98D88C38BBF611B1B1ED2B', 1, 0, '0', 0, 0, 0, 0, 0, '158.58.244.100', 1, 1, 1, 18, 101, '1365.787109', '-1280.594360', '13.546875', '181.748214', 0, 0, 0, 0, 255, 0, 0, 0, 0, 0, 0, 0, 0, 0, '0.000000', 5000, 100, 0, 0, 0, 0, '97.000000', '0.000000', 0, 0, 0, 0, 1, 0, 0, 0, 0, 0, 0, 0, -1, -1, -1, 0, 0, 0, 0, 0, 0, 0, 0, 0, 0, 0, 0, 0, 0, 0, 0, 0, 0, 0, 0, 0, 185, 0, 0, 0, 0, 0, 0, 0, 0, 0, 0, 0, 0, 0, 0, 0, 0, 0, 0, 0, 0, 0, 0, '0.000000', '0.000000', '0.000000', 0, 0, -1, 0, 0, 0, 4, 0, 0, 0, 0, 0, 0, 0, 0, 0, 0, 0, 0, 0, 0, 0, 0, 0, 0, 0, 0, 'Nobody', 'Nobody', 0, 0, 0, 'Nobody', 'None', 0, 0, 0, 0, 0, 0, 0, 0, 0, 0, 0, 0, 0, 0, 0, 0, 0, 'Nobody', '0', 0, 0, 0, 0, 0, ''),
(143, 'Gazza_McShannock', '3F0EBE44B8AB936B6104F0504B2A0FE421A870401DC64296F480CBF3D6388AABF6FEBD225E6CBAA429CA0D717FA47DEF56024687E26B956EB732AF67D3AC7C25', 1, 0, '0', 0, 0, 0, 0, 0, '82.7.127.114', 1, 1, 1, 12, 101, '193.600311', '1803.649291', '1618.536132', '178.597503', 0, 0, 0, 0, 255, 0, 0, 0, 6, 0, 0, 0, 0, 0, '0.000000', 4642, 100, 0, 0, 0, 0, '100.000000', '0.000000', 0, 0, 0, 0, 1, 0, 0, 0, 0, 0, 0, 0, -1, -1, -1, 69, 696969, 3, 499, 0, 0, 0, 0, 0, 0, 0, 0, 0, 0, 0, 0, 0, 0, 0, 0, 0, 933, 3, 0, 0, 0, 0, 0, 0, 0, 0, 0, 0, 0, 0, 0, 0, 0, 0, 0, 0, 0, 0, 0, '0.000000', '0.000000', '0.000000', 0, 0, -1, 0, 0, 0, 4, 0, 0, 0, 0, 0, 0, 0, 0, 0, 0, 0, 0, 1, 0, 0, 0, 0, 0, 0, 0, 'Nobody', 'Nobody', 0, 0, 0, 'Nathan Rowers', 'Non Rp hit, Shortcuts, M', 0, 0, 0, 0, 0, 0, 0, 0, 0, 0, 0, 0, 0, 0, 0, 0, 0, 'Nobody', '0', 0, 0, 0, 0, 0, ''),
(144, 'Kevin_Bolt', '0571936BE3D33568831FFAAE588E0092724063C280968621597193CA4CFF2D04825A21731908DFC68AC7AF63DA3C93BDC4F3FCB3B3462EC434D31B624B968A8D', 1, 0, '0', 0, 0, 0, 0, 0, '188.238.189.128', 1, 1, 1, 26, 101, '2099.281005', '-1792.002685', '13.169355', '89.997367', 0, 0, 0, 0, 255, 0, 0, 0, 0, 0, 0, 0, 0, 0, '0.000000', 5000, 100, 0, 0, 0, 0, '100.000000', '0.000000', 0, 0, 0, 0, 0, 0, 1, 0, 0, 0, 0, 0, -1, -1, -1, 0, 0, 0, 0, 0, 0, 0, 0, 0, 0, 0, 0, 0, 0, 0, 0, 0, 0, 0, 0, 0, 84, 0, 0, 0, 0, 0, 0, 0, 0, 0, 0, 0, 0, 0, 0, 0, 0, 0, 0, 0, 0, 0, 0, '0.000000', '0.000000', '0.000000', 0, 0, -1, 0, 0, 0, 4, 0, 0, 0, 0, 0, 0, 0, 0, 0, 0, 0, 1, 0, 0, 0, 0, 0, 0, 0, 0, 'Nobody', 'Nobody', 0, 0, 0, 'Nobody', 'None', 0, 0, 0, 0, 0, 0, 0, 0, 0, 0, 0, 0, 0, 0, 0, 0, 0, 'Nobody', '0', 0, 0, 0, 0, 0, ''),
(145, 'David_Leo', '9F6AA5BED1BD4C2D8060889678E4BBBC60E7C67247D58E939F77795AAADA4D727F260D69CCCC18B49341C556ECE3BF07AA535E0AE180EF0CDA1B3404B0024BCC', 1, 0, '0', 0, 0, 0, 0, 0, '85.253.92.161', 1, 1, 1, 24, 249, '1537.094604', '-1669.423828', '13.110215', '31.571590', 0, 0, 0, 0, 255, 0, 0, 0, 0, 0, 0, 0, 0, 0, '0.000000', 3650, 100, 0, 0, 0, 0, '95.000000', '0.000000', 0, 0, 1, 188200, 1, 0, 0, 0, 0, 0, 0, 0, -1, -1, -1, 0, 0, 0, 0, 0, 0, 0, 0, 0, 0, 0, 0, 0, 0, 0, 0, 0, 0, 0, 0, 0, 1932, 4, 0, 0, 0, 0, 0, 0, 0, 0, 0, 0, 0, 0, 0, 0, 0, 0, 0, 0, 0, 0, 0, '0.000000', '0.000000', '0.000000', 0, 0, -1, 0, 0, 0, 4, 0, 0, 0, 0, 0, 0, 0, 0, 0, 0, 0, 0, 1, 0, 0, 0, 0, 0, 0, 0, 'Nobody', 'Nobody', 0, 0, 0, 'Nobody', 'None', 0, 0, 0, 0, 0, 0, 0, 0, 0, 0, 0, 0, 0, 0, 0, 0, 0, 'Nobody', '0', 0, 0, 0, 0, 0, ''),
(146, 'Wayne_Crisitan', '99A9D2BA774AF4B5D98B5C7139B2B18F1A70A7A282FA27AC2D1CCCF5281788DE00408B158C5B84BC8652632299C6FE2BAC17A24CA322C14194D8EB80147498E9', 1, 0, '0', 0, 0, 0, 0, 0, '41.233.206.12', 1, 1, 1, 26, 101, '1926.032348', '-2151.616943', '13.145206', '89.997673', 0, 0, 0, 0, 255, 0, 0, 0, 0, 0, 0, 0, 0, 0, '0.000000', 5000, 100, 0, 0, 0, 0, '100.000000', '0.000000', 0, 0, 0, 0, 1, 1, 0, 0, 0, 0, 0, 0, -1, -1, -1, 0, 0, 0, 0, 0, 0, 0, 0, 0, 0, 0, 0, 0, 0, 0, 0, 0, 0, 0, 0, 0, 87, 0, 0, 0, 0, 0, 0, 0, 0, 0, 0, 0, 0, 0, 0, 0, 0, 0, 0, 0, 0, 0, 0, '0.000000', '0.000000', '0.000000', 0, 0, -1, 0, 0, 0, 4, 0, 0, 0, 0, 0, 0, 0, 0, 0, 0, 0, 0, 0, 0, 0, 0, 0, 0, 0, 0, 'Nobody', 'Nobody', 0, 0, 0, 'Nobody', 'None', 0, 0, 0, 0, 0, 0, 0, 0, 0, 0, 0, 0, 0, 0, 0, 0, 0, 'Nobody', '0', 0, 0, 0, 0, 0, ''),
(147, 'Ahmed_Ibrahim', '53E710FAC3AE80D5E761031888FE538091694D8F45E2EC047F44AE26D9F3B2B7D5DB0F260E2F12CDEF04933C43E0C4C225DD0435F093A67506FBFC1E2ED84D55', 1, 0, '0', 0, 0, 0, 0, 0, '41.69.143.146', 1, 1, 1, 21, 101, '1189.059692', '-1290.846923', '13.148009', '265.296051', 0, 0, 1430, 0, 255, 0, 0, 0, 0, 0, 0, 0, 0, 0, '0.000000', 4950, 100, 0, 0, 0, 0, '37.000000', '0.000000', 0, 0, 0, 0, 1, 1, 0, 0, 0, 0, 0, 0, -1, -1, -1, 0, 0, 0, 0, 0, 0, 0, 0, 0, 0, 0, 0, 0, 0, 0, 0, 0, 0, 0, 0, 0, 1037, 3, 0, 0, 0, 0, 0, 0, 0, 0, 0, 0, 0, 0, 0, 0, 0, 0, 0, 0, 0, 0, 0, '0.000000', '0.000000', '0.000000', 0, 0, -1, 0, 0, 0, 4, 0, 0, 0, 0, 0, 0, 0, 0, 0, 0, 0, 0, 0, 0, 0, 0, 0, 0, 0, 0, 'Nobody', 'Nobody', 0, 0, 0, 'Nobody', 'None', 0, 0, 0, 0, 0, 0, 0, 0, 0, 0, 0, 0, 0, 0, 0, 0, 0, 'Nobody', '0', 0, 0, 0, 0, 0, '');
INSERT INTO `players` (`ID`, `Username`, `Password`, `Level`, `AdminLevel`, `AdminName`, `BanAppealer`, `Donator`, `Banned`, `Permabanned`, `Disabled`, `LastIP`, `Registered`, `Tutorial`, `Sex`, `Age`, `Skin`, `PosX`, `PosY`, `PosZ`, `PosR`, `ConnectTime`, `Respect`, `PhoneNumber`, `Warnings`, `Gang`, `Faction`, `Leader`, `Rank`, `Job`, `Job2`, `Mask`, `MaskID`, `MaskUse`, `UpgradePoints`, `SpawnArmor`, `Cash`, `Bank`, `Insurance`, `Crimes`, `Arrested`, `WantedLevel`, `Health`, `Armor`, `Pot`, `Crack`, `Radio`, `RadioFreq`, `Phonebook`, `Dice`, `CDPlayer`, `Materials`, `Rope`, `Cigars`, `Sprunk`, `Spraycan`, `House`, `House2`, `Renting`, `Interior`, `VirtualWorld`, `Jailed`, `JailTime`, `Gun0`, `Gun1`, `Gun2`, `Gun3`, `Gun4`, `Gun5`, `Gun6`, `Gun7`, `Gun8`, `Gun9`, `Gun10`, `Gun11`, `Ammo0`, `Ammo1`, `Ammo2`, `Ammo3`, `Ammo4`, `Paycheck`, `PayReady`, `Hospital`, `DetSkill`, `FishSkill`, `LawSkill`, `SexSkill`, `DrugsSkill`, `SmugglerSkill`, `ArmsSkill`, `MechSkill`, `BoxSkill`, `TruckSkill`, `CarSkill`, `LawyerTime`, `LawyerFreeTime`, `DrugsTime`, `MechTime`, `SexTime`, `CarTime`, `Fishes`, `BiggestFish`, `pWEXists`, `pWX`, `pWY`, `pWZ`, `pWVW`, `pWInt`, `pWValue`, `pWSeeds`, `Wins`, `Loses`, `FightingStyle`, `Screwdriver`, `Smslog`, `Wristwatch`, `Tire`, `Firstaid`, `Rccam`, `Receiver`, `GPS`, `Sweep`, `SweepLeft`, `Bugged`, `OnDuty`, `CarLic`, `FlyLic`, `BoatLic`, `FishLic`, `GunLic`, `Division`, `TicketTime`, `HeadValue`, `ContractBy`, `ContractDetail`, `Bombs`, `CHits`, `FHits`, `PrisonedBy`, `PrisonReason`, `AcceptReport`, `TrashReport`, `Accent`, `NewMuted`, `NewMutedTotal`, `AdMuted`, `AdMutedTotal`, `ReportMuted`, `ReportMutedTotal`, `ReportMutedTime`, `Speedo`, `GCMuted`, `GCMutedTime`, `CallsAccepted`, `PatientsDelivered`, `TriageTime`, `Married`, `MarriedTo`, `ReferredBy`, `RefTokens`, `RefTokensOffline`, `Helper`, `GangMod`, `LiveBanned`, `Flag`) VALUES
(148, 'Lone_W', '7EA9208D01ABBE96DF248B9BD3156AC747970B403B719239F04CE52297A4602B5B759A868A98BE2AAB379C4A997B5AE705F5B79846E93EBCB19AE5ED608E79C9', 1, 0, '0', 0, 0, 0, 0, 0, '117.192.14.136', 1, 1, 1, 19, 101, '1562.519042', '-2210.828857', '13.546875', '21.492835', 0, 0, 0, 0, 255, 0, 0, 0, 0, 0, 0, 0, 0, 0, '0.000000', 5000, 100, 0, 0, 0, 0, '100.000000', '0.000000', 0, 0, 0, 0, 1, 0, 0, 0, 0, 0, 0, 0, -1, -1, -1, 0, 0, 0, 0, 0, 0, 0, 0, 0, 0, 0, 0, 0, 0, 0, 0, 0, 0, 0, 0, 0, 78, 0, 0, 0, 0, 0, 0, 0, 0, 0, 0, 0, 0, 0, 0, 0, 0, 0, 0, 0, 0, 0, 0, '0.000000', '0.000000', '0.000000', 0, 0, -1, 0, 0, 0, 4, 0, 0, 0, 0, 0, 0, 0, 0, 0, 0, 0, 1, 0, 0, 0, 0, 0, 0, 0, 0, 'Nobody', 'Nobody', 0, 0, 0, 'Nobody', 'None', 0, 0, 0, 0, 0, 0, 0, 0, 0, 0, 0, 0, 0, 0, 0, 0, 0, 'Nobody', '0', 0, 0, 0, 0, 0, ''),
(149, 'David_Locke', 'B9BDA12210D9DB9F1B5DFDAC87D096B882D892FF3A71D8BD30CE2A398059B02226BB1E5E5B15A537CEA52E013F2CA70FBD4B4EBC1093A51C2E78FD5ECA437AEA', 1, 0, '0', 0, 0, 0, 0, 0, '174.101.184.228', 1, 1, 1, 22, 101, '1564.563720', '-2218.767089', '13.149018', '337.658447', 0, 0, 0, 0, 255, 0, 0, 0, 0, 0, 0, 0, 0, 0, '0.000000', 5000, 100, 0, 0, 0, 0, '82.000000', '0.000000', 0, 0, 0, 0, 1, 0, 0, 0, 0, 0, 0, 0, -1, -1, -1, 0, 0, 0, 0, 0, 0, 0, 0, 0, 0, 0, 0, 0, 0, 0, 0, 0, 0, 0, 0, 0, 83, 0, 0, 0, 0, 0, 0, 0, 0, 0, 0, 0, 0, 0, 0, 0, 0, 0, 0, 0, 0, 0, 0, '0.000000', '0.000000', '0.000000', 0, 0, -1, 0, 0, 0, 4, 0, 0, 0, 0, 0, 0, 0, 0, 0, 0, 0, 0, 0, 0, 0, 0, 0, 0, 0, 0, 'Nobody', 'Nobody', 0, 0, 0, 'Nobody', 'None', 0, 0, 0, 0, 0, 0, 0, 0, 0, 0, 0, 0, 0, 0, 0, 0, 0, 'Nobody', '0', 0, 0, 0, 0, 0, ''),
(150, 'Carl_Johnson', 'FD9D94340DBD72C11B37EBB0D2A19B4D05E00FD78E4E2CE8923B9EA3A54E900DF181CFB112A8A73228D1F3551680E2AD9701A4FCFB248FA7FA77B95180628BB2', 1, 6, '0', 0, 0, 0, 0, 0, '217.210.224.18', 1, 1, 1, 32, 101, '2530.903808', '-2083.701416', '13.546875', '122.827598', 0, 0, 0, 0, 255, 0, 0, 0, 0, 0, 0, 0, 0, 0, '0.000000', 5000, 100, 0, 0, 0, 0, '100.000000', '0.000000', 0, 0, 0, 0, 0, 0, 0, 0, 0, 0, 0, 0, -1, -1, -1, 0, 0, 0, 0, 0, 0, 0, 0, 0, 0, 0, 0, 0, 0, 0, 0, 0, 0, 0, 0, 0, 47, 0, 0, 0, 0, 0, 0, 0, 0, 0, 0, 0, 0, 0, 0, 0, 0, 0, 0, 0, 0, 0, 0, '0.000000', '0.000000', '0.000000', 0, 0, -1, 0, 0, 0, 4, 0, 0, 0, 0, 0, 0, 0, 0, 0, 0, 0, 0, 0, 0, 0, 0, 0, 0, 0, 0, 'Nobody', 'Nobody', 0, 0, 0, 'Nobody', 'None', 0, 0, 0, 0, 0, 0, 0, 0, 0, 0, 0, 0, 0, 0, 0, 0, 0, 'Nobody', '0', 0, 0, 0, 0, 0, ''),
(151, 'Justin_Shane', '614ADA1229FF7BB4F2B89D45463B26C7C4382913C750B6DC15482E09A6E89EBC691D8E8A87D91247D58B829024313D8E0BCEE250F24C54722CAB8B3D811A0112', 2, 0, '0', 0, 0, 0, 0, 0, '213.114.205.121', 1, 1, 1, 28, 101, '210.062957', '1803.612182', '1609.984863', '148.683685', 1, 0, 0, 0, 255, 0, 0, 0, 0, 0, 0, 0, 0, 0, '0.000000', 5000, 347, 0, 0, 0, 0, '100.000000', '0.000000', 0, 0, 0, 0, 0, 0, 0, 0, 0, 0, 0, 0, -1, -1, -1, 69, 696969, 3, 595, 0, 0, 0, 0, 0, 0, 0, 0, 0, 0, 0, 0, 0, 0, 0, 0, 0, 71, 1, 0, 0, 0, 0, 0, 0, 0, 0, 0, 0, 0, 0, 0, 0, 0, 0, 0, 0, 0, 0, 0, '0.000000', '0.000000', '0.000000', 0, 0, -1, 0, 0, 0, 4, 0, 0, 0, 0, 0, 0, 0, 0, 0, 0, 0, 0, 0, 0, 0, 0, 0, 0, 0, 0, 'Nobody', 'Nobody', 0, 0, 0, 'Mike Bishop', 'Troling in /report', 0, 0, 0, 0, 0, 0, 0, 0, 0, 0, 0, 0, 0, 0, 0, 0, 0, 'Nobody', 'David_Herling', 0, 0, 0, 0, 0, ''),
(152, 'Carlos_Vega', '9958340B5F0C574137168D4CB1A4849774E33BDE21343CFD79293499C693ED00B439AA5C4FEE182156CD62D7D8ECC84BDF987740E9EEBC27CC7F74AEC46A7628', 1, 0, '0', 0, 0, 0, 0, 0, '90.191.106.250', 1, 1, 1, 25, 121, '1836.447509', '-1852.553710', '12.990518', '246.034027', 0, 0, 0, 0, 255, 0, 0, 0, 0, 0, 0, 0, 0, 0, '0.000000', 4250, 100, 0, 0, 0, 0, '100.000000', '0.000000', 0, 0, 0, 0, 1, 0, 0, 0, 0, 0, 0, 0, -1, -1, -1, 0, 0, 0, 0, 0, 0, 0, 0, 0, 0, 0, 0, 0, 0, 0, 0, 0, 0, 0, 0, 0, 242, 1, 0, 0, 0, 0, 0, 0, 0, 0, 0, 0, 0, 0, 0, 0, 0, 0, 0, 0, 0, 0, 0, '0.000000', '0.000000', '0.000000', 0, 0, -1, 0, 0, 0, 4, 0, 0, 0, 0, 0, 0, 0, 0, 0, 0, 0, 0, 1, 0, 0, 0, 0, 0, 0, 0, 'Nobody', 'Nobody', 0, 0, 0, 'Nobody', 'None', 0, 0, 0, 0, 0, 0, 0, 0, 0, 0, 0, 0, 0, 0, 0, 0, 0, 'Nobody', '0', 0, 0, 0, 0, 0, ''),
(153, 'Timothy_Phillips', '5A3E31F15FAB547AB8BD41F1F725584B923421698A50A73C167B3D784F2B73EC25E6B3AA321E560B62D3ADB0B949D16F3C7C4E052F345F47E4EA1B73ECFA5432', 1, 0, '0', 0, 0, 0, 0, 0, '188.246.86.218', 1, 1, 1, 27, 101, '1283.242675', '-1137.574096', '23.656250', '84.096763', 0, 0, 0, 0, 255, 0, 0, 0, 0, 0, 0, 0, 0, 0, '0.000000', 5000, 100, 0, 0, 0, 0, '100.000000', '0.000000', 0, 0, 0, 0, 1, 0, 0, 0, 0, 0, 0, 0, -1, -1, -1, 0, 0, 0, 0, 0, 0, 0, 0, 0, 0, 0, 0, 0, 0, 0, 0, 0, 0, 0, 0, 0, 112, 1, 0, 0, 0, 0, 0, 0, 0, 0, 0, 0, 0, 0, 0, 0, 0, 0, 0, 0, 0, 0, 0, '0.000000', '0.000000', '0.000000', 0, 0, -1, 0, 0, 0, 4, 0, 0, 0, 0, 0, 0, 0, 0, 0, 0, 0, 0, 0, 0, 0, 0, 0, 0, 0, 0, 'Nobody', 'Nobody', 0, 0, 0, 'Nobody', 'None', 0, 0, 0, 0, 0, 0, 0, 0, 0, 0, 0, 0, 0, 0, 0, 0, 0, 'Nobody', '0', 0, 0, 0, 0, 0, ''),
(154, 'Tufan_Thugz', 'DA8AAA6B4D04271A4EA5AC24E1E03E814E181C27E2D6C68AAB75F2B9A500448D4C37B7E7F61B38ED86FAC70FBB017A8C39E9CDA2EFAFBBDA5DBBEE9A70DFCFF7', 1, 0, '0', 0, 0, 0, 0, 0, '85.138.247.246', 1, 1, 1, 21, 101, '207.524230', '1807.192382', '1618.535888', '306.553131', 0, 0, 0, 0, 255, 0, 0, 0, 0, 0, 0, 0, 0, 0, '0.000000', 5000, 100, 0, 0, 0, 0, '100.000000', '0.000000', 0, 0, 0, 0, 0, 0, 0, 0, 0, 0, 0, 0, -1, -1, -1, 69, 696969, 3, 585, 0, 0, 0, 0, 0, 0, 0, 0, 0, 0, 0, 0, 0, 0, 0, 0, 0, 78, 0, 0, 0, 0, 0, 0, 0, 0, 0, 0, 0, 0, 0, 0, 0, 0, 0, 0, 0, 0, 0, 0, '0.000000', '0.000000', '0.000000', 0, 0, -1, 0, 0, 0, 4, 0, 0, 0, 0, 0, 0, 0, 0, 0, 0, 0, 0, 0, 0, 0, 0, 0, 0, 0, 0, 'Nobody', 'Nobody', 0, 0, 0, 'Mike Bishop', 'Bunny jumping', 0, 0, 0, 0, 0, 0, 0, 0, 0, 0, 0, 0, 0, 0, 0, 0, 0, 'Nobody', '0', 0, 0, 0, 0, 0, 'Non-RP name, needs to be changed - Mike Bishop (12/12/2012)'),
(155, 'Francesco_Verusco', '808AE94033405D773DF2AFB028DD782331FAACA0C9A3558B4D48CD1E525416B83FB4A05F4E2598DCDD7375312B2FDCD8518B1BD0F7C6F1C959ABAA1C32745CEA', 1, 0, '0', 0, 0, 0, 0, 0, '78.55.242.43', 1, 1, 1, 24, 120, '1555.467651', '-1675.637329', '16.195312', '87.915748', 0, 0, 1043, 0, 255, 0, 0, 0, 5, 0, 0, 0, 0, 0, '0.000000', 3379, 100, 0, 0, 0, 0, '73.000000', '0.000000', 0, 0, 1, 35, 1, 1, 0, 0, 6, 10, 1, 10, -1, -1, -1, 0, 0, 0, 0, 0, 0, 0, 0, 0, 0, 0, 0, 0, 43, 0, 0, 0, 0, 0, 0, 0, 864, 3, 0, 0, 0, 0, 0, 0, 0, 0, 0, 0, 0, 0, 0, 0, 0, 0, 0, 0, 0, 0, 0, '0.000000', '0.000000', '0.000000', 0, 0, -1, 0, 0, 0, 4, 0, 0, 0, 0, 0, 0, 0, 0, 0, 0, 0, 0, 0, 0, 0, 0, 0, 0, 0, 0, 'Nobody', 'Nobody', 0, 0, 0, 'Nobody', 'None', 0, 0, 0, 0, 0, 0, 0, 0, 0, 0, 0, 0, 0, 0, 0, 0, 0, 'Nobody', '0', 0, 0, 0, 0, 0, ''),
(156, 'Ashir_Mittal', '9541DAB8CDE1452E859AB560E9082D84D4D12D984FFC6CA746D8441A3FE2490E7DE2C5A5959528C4408EAAECAA7E0404EB6113AC83640EE40FF3C3E1375286F1', 1, 0, '0', 0, 0, 0, 0, 0, '14.139.242.99', 1, 1, 1, 19, 101, '2524.114013', '-2094.469726', '13.546875', '127.085678', 0, 0, 1067, 0, 255, 0, 0, 0, 8, 0, 0, 0, 0, 0, '0.000000', 5446, 100, 0, 0, 0, 0, '98.000000', '0.000000', 0, 0, 0, 0, 1, 0, 0, 0, 0, 0, 0, 0, -1, -1, -1, 0, 0, 0, 0, 0, 0, 0, 0, 0, 0, 0, 0, 0, 0, 0, 0, 0, 0, 0, 0, 0, 1016, 4, 0, 0, 0, 0, 0, 0, 0, 0, 0, 0, 1, 0, 0, 0, 0, 0, 0, 0, 0, 0, 0, '0.000000', '0.000000', '0.000000', 0, 0, -1, 0, 0, 0, 4, 0, 0, 0, 0, 0, 0, 0, 0, 0, 0, 0, 0, 0, 0, 0, 0, 0, 0, 0, 0, 'Nobody', 'Nobody', 0, 0, 0, 'Nobody', 'None', 0, 0, 0, 0, 0, 0, 0, 0, 0, 0, 0, 0, 0, 0, 0, 0, 0, 'Nobody', 'Jhonny_Harris', 0, 0, 0, 0, 0, ''),
(157, 'Scott_Mazda', 'D35C31EF7FF7C1F4004AEDFA9ABEE101F6EB9C5C408AA5F60742B53E6B52547225C1379AB3F269C477EEF2502DECCDAC1E62106F0856C38FE8202A942701BF27', 1, 0, '0', 0, 0, 0, 0, 0, '77.251.147.144', 1, 1, 1, 18, 46, '2266.107421', '-1661.853515', '15.217027', '261.923095', 0, 0, 0, 0, 255, 0, 0, 0, 0, 0, 0, 0, 0, 0, '0.000000', 4750, 100, 0, 0, 0, 0, '98.000000', '0.000000', 0, 0, 0, 0, 1, 0, 0, 0, 0, 0, 0, 0, -1, -1, -1, 0, 0, 0, 0, 0, 0, 0, 0, 0, 0, 0, 0, 0, 0, 0, 0, 0, 0, 0, 0, 0, 213, 1, 0, 0, 0, 0, 0, 0, 0, 0, 0, 0, 0, 0, 0, 0, 0, 0, 0, 0, 0, 0, 0, '0.000000', '0.000000', '0.000000', 0, 0, -1, 0, 0, 0, 4, 0, 0, 0, 0, 0, 0, 0, 0, 0, 0, 0, 0, 0, 0, 0, 0, 0, 0, 0, 0, 'Nobody', 'Nobody', 0, 0, 0, 'Nobody', 'None', 0, 0, 0, 0, 0, 0, 0, 0, 0, 0, 0, 0, 0, 0, 0, 0, 0, 'Nobody', '0', 0, 0, 0, 0, 0, ''),
(158, 'Naymore_Brallace', 'DF827CEFE69018B19F27D1E1AC05B6E7EEC871762930FF888F97C870A2EF2F43F8C605631C249E835966E2BD71C860756B7A8F6085A3C3986BA47FCAB322FE33', 1, 0, '0', 0, 0, 0, 0, 0, '213.93.161.53', 1, 1, 1, 21, 101, '1532.617431', '-1695.052490', '12.980834', '91.524711', 0, 0, 0, 0, 255, 0, 0, 0, 0, 0, 0, 0, 0, 0, '0.000000', 5000, 100, 0, 0, 0, 0, '100.000000', '0.000000', 0, 0, 0, 0, 1, 0, 0, 0, 0, 0, 0, 0, -1, -1, -1, 0, 0, 0, 0, 0, 0, 0, 0, 0, 0, 0, 0, 0, 0, 0, 0, 0, 0, 0, 0, 0, 143, 0, 0, 0, 0, 0, 0, 0, 0, 0, 0, 0, 0, 0, 0, 0, 0, 0, 0, 0, 0, 0, 0, '0.000000', '0.000000', '0.000000', 0, 0, -1, 0, 0, 0, 4, 0, 0, 0, 0, 0, 0, 0, 0, 0, 0, 0, 0, 0, 0, 0, 0, 0, 0, 0, 0, 'Nobody', 'Nobody', 0, 0, 0, 'Nobody', 'None', 0, 0, 0, 0, 0, 0, 0, 0, 0, 0, 0, 0, 0, 0, 0, 0, 0, 'Nobody', '0', 0, 0, 0, 0, 0, ''),
(159, 'Xx_LasVegaS_xX', 'FC691A07F056E212E3281DC20B190AA84E62D834C54A91B782ED3F6D1A6D731E7320A236264B366F82C037A1FA5435E5ADEF7ACE9EA041CB14C4ACB0D610B57F', 1, 0, '0', 0, 0, 0, 0, 0, '81.235.32.253', 1, 1, 1, 20, 101, '1206.989746', '-1286.867431', '13.382812', '52.831672', 0, 0, 0, 0, 255, 0, 0, 0, 0, 0, 0, 0, 0, 0, '0.000000', 5000, 100, 0, 0, 0, 0, '100.000000', '0.000000', 0, 0, 0, 0, 1, 0, 0, 0, 0, 0, 0, 0, -1, -1, -1, 0, 0, 0, 0, 0, 0, 0, 0, 0, 0, 0, 0, 0, 0, 0, 0, 0, 0, 0, 0, 0, 397, 3, 0, 0, 0, 0, 0, 0, 0, 0, 0, 0, 0, 0, 0, 0, 0, 0, 0, 0, 0, 0, 0, '0.000000', '0.000000', '0.000000', 0, 0, -1, 0, 0, 0, 4, 0, 0, 0, 0, 0, 0, 0, 0, 0, 0, 0, 0, 0, 0, 0, 0, 0, 0, 0, 0, 'Nobody', 'Nobody', 0, 0, 0, 'Nobody', 'None', 0, 0, 0, 0, 0, 0, 0, 0, 0, 0, 0, 0, 0, 0, 0, 0, 0, 'Nobody', '0', 0, 0, 0, 0, 0, 'Xx LasVegaS xX may have hacked their armor. - Server (14/12/2012)'),
(160, 'Michael_Finch', '6403BEDEAB6D8EF83440E4773969ACB603EC5462A2605CD719F93CD5DCF47E4A5D7246CDF6C7A8A2588F6E3BC5CB799CD84F7C5F65B5927AFB60429F72E959C4', 1, 0, '0', 0, 0, 0, 0, 0, '84.50.13.157', 1, 0, 1, 21, 119, '2212.610107', '-1730.569946', '-80.000000', '0.999950', 0, 0, 0, 0, 255, 0, 0, 0, 0, 0, 0, 0, 0, 0, '0.000000', 5000, 100, 0, 0, 0, 0, '100.000000', '0.000000', 0, 0, 0, 0, 1, 0, 0, 0, 0, 0, 0, 0, -1, -1, -1, 0, 0, 0, 0, 0, 0, 0, 0, 0, 0, 0, 0, 0, 0, 0, 0, 0, 0, 0, 0, 0, 17, 0, 0, 0, 0, 0, 0, 0, 0, 0, 0, 0, 0, 0, 0, 0, 0, 0, 0, 0, 0, 0, 0, '0.000000', '0.000000', '0.000000', 0, 0, -1, 0, 0, 0, 4, 0, 0, 0, 0, 0, 0, 0, 0, 0, 0, 0, 1, 0, 0, 0, 0, 0, 0, 0, 0, 'Nobody', 'Nobody', 0, 0, 0, 'Nobody', 'None', 0, 0, 0, 0, 0, 0, 0, 0, 0, 0, 0, 0, 0, 0, 0, 0, 0, 'Nobody', '0', 0, 0, 0, 0, 0, ''),
(161, 'Wayne_Lee', '8FF2EF3652FB0E705F036079FBFDEB982042F6BDD58E22CE0745BC2BFAFB06A1B0BF27888E25BE3E6345C8CC730E910B14620C733A6EF3A76AAD92C6C53F0530', 1, 0, '0', 0, 0, 0, 0, 0, '41.226.109.137', 1, 1, 1, 24, 101, '1311.964477', '-1725.661376', '13.048112', '222.610733', 0, 0, 0, 0, 255, 0, 0, 0, 0, 0, 0, 0, 0, 0, '0.000000', 3119, 100, 0, 0, 0, 0, '100.000000', '0.000000', 0, 0, 0, 0, 1, 0, 0, 0, 0, 0, 0, 0, -1, -1, -1, 0, 0, 0, 0, 0, 0, 0, 0, 0, 0, 0, 0, 0, 0, 0, 0, 0, 0, 0, 0, 0, 570, 1, 0, 0, 0, 0, 0, 0, 0, 0, 0, 0, 0, 0, 0, 0, 0, 0, 0, 0, 0, 0, 0, '0.000000', '0.000000', '0.000000', 0, 0, -1, 0, 0, 0, 4, 0, 0, 0, 0, 0, 0, 0, 0, 0, 0, 0, 1, 0, 0, 0, 0, 0, 0, 0, 0, 'Nobody', 'Nobody', 0, 0, 0, 'Nobody', 'None', 0, 0, 0, 0, 0, 0, 0, 0, 0, 0, 0, 0, 0, 0, 0, 0, 0, 'Nobody', 'Jake_Guzik', 0, 0, 0, 0, 0, '');

-- --------------------------------------------------------

--
-- Tabellstruktur `playervehicles`
--

CREATE TABLE IF NOT EXISTS `playervehicles` (
  `ID` int(11) NOT NULL AUTO_INCREMENT,
  `Owner` int(12) NOT NULL DEFAULT '0',
  `PosX` varchar(32) NOT NULL DEFAULT '0.0',
  `PosY` varchar(32) NOT NULL DEFAULT '0.0',
  `PosZ` varchar(32) NOT NULL DEFAULT '0.0',
  `PosAngle` varchar(32) NOT NULL DEFAULT '0.0',
  `ModelID` int(11) NOT NULL DEFAULT '0',
  `LockType` int(2) NOT NULL DEFAULT '0',
  `Locked` int(2) NOT NULL DEFAULT '0',
  `PaintJob` int(4) NOT NULL DEFAULT '-1',
  `Color1` int(4) NOT NULL DEFAULT '-1',
  `Color2` int(4) NOT NULL DEFAULT '-1',
  `Price` int(11) NOT NULL DEFAULT '0',
  `Ticket` int(11) NOT NULL DEFAULT '0',
  `Weapon0` int(4) NOT NULL DEFAULT '0',
  `Weapon1` int(4) NOT NULL DEFAULT '0',
  `Weapon2` int(4) NOT NULL DEFAULT '0',
  `WepUpgrade` int(4) NOT NULL DEFAULT '0',
  `Fuel` varchar(32) NOT NULL,
  `Impound` int(4) NOT NULL DEFAULT '0',
  `Spawned` int(4) NOT NULL DEFAULT '0',
  `Disabled` int(4) NOT NULL DEFAULT '0',
  `NumPlate` varchar(32) NOT NULL DEFAULT '',
  `Mod0` int(4) NOT NULL DEFAULT '0',
  `Mod1` int(4) NOT NULL DEFAULT '0',
  `Mod2` int(4) NOT NULL DEFAULT '0',
  `Mod3` int(4) NOT NULL DEFAULT '0',
  `Mod4` int(4) NOT NULL DEFAULT '0',
  `Mod5` int(4) NOT NULL DEFAULT '0',
  `Mod6` int(4) NOT NULL DEFAULT '0',
  `Mod7` int(4) NOT NULL DEFAULT '0',
  `Mod8` int(4) NOT NULL DEFAULT '0',
  `Mod9` int(4) NOT NULL DEFAULT '0',
  `Mod10` int(4) NOT NULL DEFAULT '0',
  `Mod11` int(4) NOT NULL DEFAULT '0',
  `Mod12` int(4) NOT NULL DEFAULT '0',
  `Mod13` int(4) NOT NULL DEFAULT '0',
  `Mod14` int(4) NOT NULL DEFAULT '0',
  PRIMARY KEY (`ID`)
) ENGINE=InnoDB  DEFAULT CHARSET=latin1 AUTO_INCREMENT=62 ;

--
-- Dumpning av Data i tabell `playervehicles`
--

INSERT INTO `playervehicles` (`ID`, `Owner`, `PosX`, `PosY`, `PosZ`, `PosAngle`, `ModelID`, `LockType`, `Locked`, `PaintJob`, `Color1`, `Color2`, `Price`, `Ticket`, `Weapon0`, `Weapon1`, `Weapon2`, `WepUpgrade`, `Fuel`, `Impound`, `Spawned`, `Disabled`, `NumPlate`, `Mod0`, `Mod1`, `Mod2`, `Mod3`, `Mod4`, `Mod5`, `Mod6`, `Mod7`, `Mod8`, `Mod9`, `Mod10`, `Mod11`, `Mod12`, `Mod13`, `Mod14`) VALUES
(18, 38, '1431.418701', '-884.668884', '50.280799', '33.918834', 522, 2, 1, 0, 1, 1, 0, 0, 0, 0, 0, 0, '', 0, 0, 0, '', 0, 0, 0, 0, 0, 0, 0, 0, 0, 0, 0, 0, 0, 0, 0),
(22, 32, '2102.399658', '-1272.007690', '25.532705', '359.047149', 579, 2, 0, -1, 0, 0, 0, 0, 30, 0, 0, 0, '', 0, 0, 0, '', 0, 0, 0, 0, 0, 0, 0, 0, 0, 0, 0, 0, 0, 0, 0),
(23, 35, '2477.239501', '-2109.559570', '13.383417', '277.295410', 560, 2, 0, -1, 45, 45, 0, 0, 0, 0, 0, 0, '', 0, 0, 0, '', 0, 0, 0, 0, 0, 0, 0, 0, 0, 0, 0, 0, 0, 0, 0),
(25, 39, '1504.710083', '-1737.782470', '13.169015', '267.286132', 451, 2, 1, -1, 70, 102, 500000, 0, 0, 0, 0, 0, '', 0, 0, 0, '', 0, 0, 0, 0, 0, 0, 0, 1074, 0, 0, 0, 0, 0, 0, 0),
(27, 74, '2460.841308', '-2109.706054', '13.213392', '9.894824', 468, 1, 1, -1, 35, 2, 0, 0, 0, 0, 0, 0, '', 0, 0, 0, '', 0, 0, 0, 0, 0, 0, 0, 0, 0, 0, 0, 0, 0, 0, 0),
(28, 53, '1863.784179', '-1606.581542', '13.175024', '270.381469', 542, 2, 0, -1, 0, 0, 0, 0, 0, 0, 0, 0, '', 0, 0, 0, '', 1014, 0, 0, 0, 0, 1010, 0, 1074, 0, 1087, 0, 0, 0, 0, 0),
(29, 52, '2127.300048', '-1117.400024', '25.200000', '254.100006', 462, 1, 1, -1, 21, 36, 2800, 0, 0, 0, 0, 0, '', 0, 0, 0, '', 0, 0, 0, 0, 0, 0, 0, 0, 0, 0, 0, 0, 0, 0, 0),
(30, 55, '2127.300048', '-1117.400024', '25.200000', '254.100006', 462, 0, 0, -1, 114, 102, 2800, 0, 0, 0, 0, 0, '', 0, 0, 0, '', 0, 0, 0, 0, 0, 0, 0, 0, 0, 0, 0, 0, 0, 0, 0),
(31, 67, '2169.672851', '-1811.699096', '13.226609', '356.593292', 468, 0, 0, -1, 6, 6, 5000, 0, 23, 0, 0, 0, '', 0, 0, 0, '', 0, 0, 0, 0, 0, 0, 0, 0, 0, 0, 0, 0, 0, 0, 0),
(32, 45, '1589.010375', '-1671.220581', '5.561995', '166.251724', 468, 2, 1, -1, 45, 92, 6250, 0, 0, 0, 0, 0, '', 0, 0, 0, '', 0, 0, 0, 0, 0, 0, 0, 0, 0, 0, 0, 0, 0, 0, 0),
(33, 31, '2236.039062', '-1639.140136', '15.386787', '342.653930', 507, 2, 0, -1, 0, 0, 25600, 0, 31, 0, 0, 0, '', 0, 0, 0, '{814F00}Röva', 0, 0, 0, 0, 0, 0, 0, 0, 0, 0, 0, 0, 0, 0, 0),
(34, 36, '1012.745422', '-661.633666', '120.665115', '215.848220', 463, 2, 1, -1, 73, 28, 24820, 0, 0, 0, 0, 0, '', 0, 0, 0, '', 0, 0, 0, 0, 0, 0, 0, 0, 0, 0, 0, 0, 0, 0, 0),
(35, 67, '2156.165527', '-1793.848754', '13.315115', '274.421813', 567, 0, 0, -1, 6, 6, 5000, 0, 30, 0, 0, 0, '', 0, 0, 0, '', 0, 0, 0, 0, 0, 0, 0, 0, 0, 0, 0, 0, 0, 0, 0),
(36, 36, '1007.575561', '-664.488098', '120.813156', '29.459114', 468, 2, 1, -1, 110, 25, 5000, 0, 0, 0, 0, 0, '', 0, 0, 0, '', 0, 0, 0, 0, 0, 0, 0, 0, 0, 0, 0, 0, 0, 0, 0),
(37, 36, '1008.835205', '-664.163208', '120.715599', '28.361997', 522, 2, 1, -1, 0, 0, 5000, 0, 0, 0, 0, 0, '', 0, 0, 0, '', 0, 0, 0, 0, 0, 0, 0, 0, 0, 0, 0, 0, 0, 0, 0),
(39, 31, '1049.873779', '-1289.018432', '13.007596', '125.827430', 463, 2, 0, -1, 10, 10, 24820, 0, 30, 25, 0, 2, '', 0, 0, 0, '', 0, 0, 0, 0, 0, 0, 0, 0, 0, 0, 0, 0, 0, 0, 0),
(40, 119, '2127.300048', '-1117.400024', '25.200000', '254.100006', 468, 0, 0, -1, 119, 3, 6250, 0, 0, 0, 0, 0, '', 0, 0, 0, '', 0, 0, 0, 0, 0, 0, 0, 0, 0, 0, 0, 0, 0, 0, 0),
(41, 44, '2473.469238', '-1063.710449', '66.731758', '162.945510', 439, 2, 1, -1, 75, 38, 16500, 0, 22, 0, 0, 0, '', 0, 0, 0, '', 1001, 0, 0, 1007, 1013, 1010, 0, 1074, 0, 1087, 0, 0, 0, 0, 1007),
(42, 32, '1050.362182', '-1287.618774', '13.035900', '104.525260', 463, 2, 1, -1, 3, 3, 31025, 0, 0, 0, 0, 0, '', 0, 0, 0, '', 0, 0, 0, 0, 0, 0, 0, 0, 0, 0, 0, 0, 0, 0, 0),
(43, 36, '1551.582519', '-1616.136718', '12.940829', '353.650543', 461, 0, 0, -1, 22, 110, 21916, 0, 0, 0, 0, 0, '', 0, 0, 0, '', 0, 0, 0, 0, 0, 0, 0, 0, 0, 0, 0, 0, 0, 0, 0),
(44, 36, '1012.895812', '-660.696655', '120.672073', '206.699203', 521, 0, 0, -1, 0, 0, 0, 0, 0, 0, 0, 0, '', 0, 0, 0, '', 0, 0, 0, 0, 0, 0, 0, 0, 0, 0, 0, 0, 0, 0, 0),
(46, 60, '2133.056640', '-1756.984863', '13.087529', '91.282974', 541, 2, 0, -1, 0, 0, 0, 0, 0, 0, 0, 0, '', 0, 0, 0, '{0B006F}OmersCar', 0, 0, 0, 0, 0, 0, 0, 1076, 0, 1087, 0, 0, 0, 0, 0),
(47, 36, '1543.916625', '-1612.344116', '13.355707', '92.653060', 434, 2, 1, -1, 0, 0, 0, 0, 0, 0, 0, 0, '', 0, 0, 0, '', 0, 0, 0, 0, 0, 0, 0, 0, 0, 0, 0, 0, 0, 0, 0),
(48, 60, '296.474822', '-1154.016845', '80.486160', '313.049194', 461, 2, 1, -1, 118, 79, 21916, 0, 0, 0, 0, 0, '', 0, 0, 0, '{FF51F1}OmersCar', 0, 0, 0, 0, 0, 0, 0, 0, 0, 0, 0, 0, 0, 0, 0),
(51, 40, '287.171203', '-1156.298950', '80.742477', '222.769027', 402, 1, 0, -1, 0, 0, 32000, 0, 0, 0, 0, 0, '', 0, 0, 0, '{000000}ACU-P 37', 0, 0, 0, 0, 0, 0, 0, 1085, 0, 0, 0, 0, 0, 0, 0),
(52, 35, '1050.187133', '-1293.241210', '12.990932', '132.494796', 463, 2, 1, -1, 83, 83, 31025, 0, 0, 0, 0, 0, '', 0, 0, 0, '', 0, 0, 0, 0, 0, 0, 0, 0, 0, 0, 0, 0, 0, 0, 0),
(53, 138, '2127.300048', '-1117.400024', '25.200000', '254.100006', 468, 0, 0, -1, 90, 87, 6250, 0, 0, 0, 0, 0, '', 0, 0, 0, '', 0, 0, 0, 0, 0, 0, 0, 0, 0, 0, 0, 0, 0, 0, 0),
(54, 45, '1537.265625', '-1679.792846', '12.937171', '186.990737', 463, 2, 1, -1, 6, 0, 31025, 0, 0, 0, 0, 0, '', 0, 0, 0, '', 0, 0, 0, 0, 0, 0, 0, 0, 0, 0, 0, 0, 0, 0, 0),
(55, 48, '1054.950195', '-1295.732421', '13.152351', '1.500000', 463, 2, 0, -1, 11, 11, 0, 0, 0, 0, 0, 0, '', 0, 0, 0, '', 0, 0, 0, 0, 0, 0, 0, 0, 0, 0, 0, 0, 0, 0, 0),
(56, 44, '2482.585693', '-1062.318969', '66.375915', '247.910812', 463, 2, 0, -1, 17, 80, 31025, 0, 23, 0, 0, 0, '', 0, 0, 0, '', 0, 0, 0, 0, 0, 0, 0, 0, 0, 0, 0, 0, 0, 0, 0),
(57, 31, '1504.714721', '-1738.460327', '13.546875', '102.936897', 409, 2, 0, -1, 0, 0, 0, 0, 0, 0, 0, 0, '', 0, 0, 0, '', 0, 0, 0, 0, 0, 0, 0, 0, 0, 0, 0, 0, 0, 0, 0),
(58, 37, '2134.152832', '-1482.894165', '23.368286', '183.013702', 463, 2, 1, -1, 0, 3, 31025, 0, 0, 0, 0, 0, '', 0, 0, 0, '', 0, 0, 0, 0, 0, 0, 0, 0, 0, 0, 0, 0, 0, 0, 0),
(59, 103, '2165.239990', '-1813.562133', '13.216011', '1.500000', 468, 0, 0, -1, 6, 83, 6250, 0, 0, 0, 0, 0, '', 0, 0, 0, '', 0, 0, 0, 0, 0, 0, 0, 0, 0, 0, 0, 0, 0, 0, 0),
(60, 103, '2164.260986', '-1805.261596', '13.240319', '1.500000', 567, 0, 0, -1, 6, 6, 0, 0, 23, 0, 0, 0, '', 0, 0, 0, '', 0, 0, 0, 0, 0, 0, 0, 0, 0, 0, 0, 0, 0, 0, 0),
(61, 67, '2165.439697', '-1789.244628', '13.253734', '179.893463', 536, 0, 0, -1, 6, 6, 0, 0, 0, 0, 0, 0, '', 0, 0, 0, '', 0, 0, 0, 0, 0, 0, 0, 0, 0, 0, 0, 0, 0, 0, 0);

-- --------------------------------------------------------

--
-- Tabellstruktur `punishments`
--

CREATE TABLE IF NOT EXISTS `punishments` (
  `punID` int(12) NOT NULL AUTO_INCREMENT,
  `punIssuedTo` int(12) NOT NULL DEFAULT '65535',
  `punIssuer` int(12) NOT NULL DEFAULT '65535',
  `punText` varchar(128) NOT NULL,
  `punType` int(2) NOT NULL DEFAULT '0',
  PRIMARY KEY (`punID`)
) ENGINE=InnoDB DEFAULT CHARSET=latin1 AUTO_INCREMENT=1 ;

-- --------------------------------------------------------

--
-- Tabellstruktur `toys`
--

CREATE TABLE IF NOT EXISTS `toys` (
  `ID` int(11) NOT NULL AUTO_INCREMENT,
  `Owner` int(6) NOT NULL DEFAULT '0',
  `ModelID` int(11) NOT NULL DEFAULT '0',
  `Bone` int(4) NOT NULL DEFAULT '0',
  `PosX` varchar(32) NOT NULL,
  `PosY` varchar(32) NOT NULL,
  `PosZ` varchar(32) NOT NULL,
  `RotX` varchar(32) NOT NULL,
  `RotY` varchar(32) NOT NULL,
  `RotZ` varchar(32) NOT NULL,
  `ScaX` varchar(32) NOT NULL,
  `ScaY` varchar(32) NOT NULL,
  `ScaZ` varchar(32) NOT NULL,
  PRIMARY KEY (`ID`)
) ENGINE=InnoDB  DEFAULT CHARSET=latin1 AUTO_INCREMENT=164 ;

--
-- Dumpning av Data i tabell `toys`
--

INSERT INTO `toys` (`ID`, `Owner`, `ModelID`, `Bone`, `PosX`, `PosY`, `PosZ`, `RotX`, `RotY`, `RotZ`, `ScaX`, `ScaY`, `ScaZ`) VALUES
(30, 22, 19142, 1, '-0.025000', '0.059999', '0.001000', '0.000000', '0.000000', '0.000000', '1.345000', '1.475000', '1.106999'),
(32, 28, 3044, 2, '-0.037000', '0.005998', '-0.006000', '164.000045', '-5.199997', '-7.000000', '0.982999', '0.952997', '0.944000'),
(37, 22, 19079, 1, '0.309999', '-0.057000', '0.170999', '0.000000', '0.000000', '0.000000', '1.000000', '1.000000', '1.000000'),
(48, 28, 1210, 5, '0.310000', '0.115998', '0.003998', '-31.699977', '-99.200057', '0.000000', '1.000000', '1.000000', '1.000000'),
(52, 22, 19036, 2, '0.094999', '0.016999', '-0.003999', '88.999977', '93.099983', '3.900000', '0.961999', '1.000000', '1.000000'),
(61, 30, 3044, 2, '0.000000', '0.000000', '0.000000', '0.000000', '0.000000', '0.000000', '1.000000', '1.000000', '1.000000'),
(62, 30, 3027, 2, '0.000000', '0.000000', '0.000000', '0.000000', '0.000000', '0.000000', '1.000000', '1.000000', '1.000000'),
(63, 35, 3027, 2, '0.060998', '-0.064998', '0.072994', '-75.299964', '28.299997', '35.900005', '1.000000', '1.000000', '1.000000'),
(64, 35, 3044, 2, '-0.063997', '0.017999', '-0.042998', '-153.199966', '-11.399991', '1.500000', '1.000000', '1.000000', '1.000000'),
(65, 32, 3044, 2, '-0.051993', '-0.010998', '-0.013996', '172.699981', '7.599964', '-0.700002', '1.000000', '1.000000', '1.000000'),
(66, 32, 1210, 5, '0.322999', '0.106999', '-0.017999', '0.000000', '-87.799987', '0.000000', '1.000000', '1.000000', '1.000000'),
(67, 35, 1210, 5, '0.305997', '0.089993', '-0.014000', '-22.200008', '-104.100021', '0.399998', '1.000000', '1.000000', '1.000000'),
(69, 31, 1210, 5, '0.300998', '0.082000', '-0.014000', '0.000000', '-93.099998', '0.000000', '1.000000', '1.000000', '1.000000'),
(70, 31, 19065, 2, '0.132990', '0.013000', '0.000000', '88.900009', '101.400009', '1.499997', '1.090999', '1.180997', '1.075999'),
(71, 53, 18962, 2, '0.131999', '0.012000', '0.000000', '0.000000', '0.000000', '0.000000', '1.000000', '1.000000', '1.000000'),
(72, 37, 19066, 2, '0.119998', '0.036997', '0.004999', '-11.400026', '89.900001', '105.299995', '1.362998', '0.983999', '1.154996'),
(73, 45, 19161, 2, '0.092000', '0.000000', '0.000000', '-3.799997', '-3.999998', '-15.299983', '1.000000', '0.996001', '1.000000'),
(75, 45, 19142, 1, '-0.006000', '0.055996', '0.000000', '-0.999997', '-4.099997', '0.000000', '1.309998', '1.228999', '1.131996'),
(80, 68, 18938, 2, '0.112999', '0.024000', '0.001999', '0.000000', '0.000000', '0.000000', '0.885999', '1.062000', '1.252000'),
(81, 65, 18893, 1, '0.000000', '0.000000', '90.000000', '180.000000', '90.000000', '1.000000', '1.000000', '1.000000', '0.000000'),
(84, 65, 18920, 2, '0.100000', '0.035000', '0.000000', '90.000000', '180.000000', '90.000000', '1.000000', '1.000000', '1.000000'),
(85, 65, 19085, 2, '0.000000', '0.000000', '0.000000', '0.000000', '0.000000', '0.000000', '1.000000', '1.000000', '1.000000'),
(86, 67, 18912, 2, '0.100000', '0.035000', '0.000000', '90.000000', '180.000000', '90.000000', '1.000000', '1.000000', '1.000000'),
(90, 93, 371, 1, '0.074000', '-0.086998', '0.028000', '108.799995', '76.100006', '-140.900024', '1.000000', '1.000000', '1.000000'),
(94, 45, 19347, 1, '0.218998', '0.151996', '0.137997', '-81.000030', '13.900011', '-178.600036', '1.000000', '1.000000', '1.000000'),
(98, 44, 18645, 2, '0.059000', '0.020997', '0.004999', '87.999908', '82.699981', '23.100032', '1.000000', '1.000000', '1.273998'),
(99, 36, 19347, 8, '-0.095999', '0.114996', '-0.102995', '-92.799964', '-2.299998', '55.099971', '1.000000', '1.000000', '1.000000'),
(100, 36, 19138, 2, '0.091999', '0.028000', '-0.001000', '90.000000', '90.000000', '0.000000', '1.000000', '1.000000', '1.000000'),
(101, 36, 19142, 1, '0.075998', '0.032999', '0.000000', '0.000000', '0.000000', '0.000000', '1.000000', '1.000000', '1.000000'),
(103, 45, 19064, 2, '0.140999', '0.041997', '0.001999', '90.200019', '119.000000', '0.000000', '1.322000', '1.064998', '1.260998'),
(106, 32, 19036, 2, '0.084995', '0.050999', '-0.007000', '0.000000', '95.599922', '86.499954', '1.029999', '1.285997', '1.162999'),
(111, 31, 371, 1, '0.018997', '-0.105999', '-0.012996', '7.199995', '90.200019', '-8.099998', '1.000000', '1.000000', '1.000000'),
(112, 32, 371, 1, '0.000000', '-0.135995', '-0.014999', '5.099997', '89.999984', '-4.099997', '1.000000', '1.000000', '1.000000'),
(113, 67, 1210, 4, '0.858999', '-0.019997', '-0.014999', '-47.999996', '-96.099998', '42.399997', '1.000000', '1.095999', '1.000000'),
(114, 114, 18919, 2, '0.100000', '0.035000', '0.000000', '90.000000', '180.000000', '90.000000', '1.000000', '1.000000', '1.000000'),
(116, 114, 18962, 2, '0.160999', '0.000000', '0.000000', '0.000000', '0.000000', '0.000000', '1.000000', '1.000000', '1.000000'),
(117, 36, 19140, 2, '0.899999', '0.000000', '0.349999', '90.000000', '90.000000', '0.000000', '1.000000', '1.000000', '1.000000'),
(118, 36, 19099, 2, '0.154999', '0.008999', '0.004999', '0.000000', '0.000000', '0.000000', '1.000000', '1.000000', '1.000000'),
(119, 117, 3044, 2, '0.101000', '0.050000', '0.002000', '-2.899999', '15.199995', '-160.099914', '1.000000', '1.000000', '1.000000'),
(120, 114, 3044, 2, '-0.057999', '0.004000', '-0.038000', '176.599975', '-1.199999', '2.800000', '1.000000', '1.000000', '1.000000'),
(121, 37, 19006, 2, '0.100997', '0.054999', '-0.001999', '90.000000', '90.000000', '0.000000', '1.000000', '1.000000', '1.000000'),
(123, 117, 3027, 2, '-0.001000', '0.098999', '-0.012999', '110.099983', '176.199783', '66.799934', '1.000000', '1.000000', '1.000000'),
(126, 37, 19349, 2, '0.074997', '0.122997', '0.030998', '78.000015', '12.199975', '-102.000022', '1.000000', '1.000000', '1.000000'),
(127, 117, 18899, 2, '0.150000', '0.006999', '0.000000', '90.000000', '180.000000', '90.000000', '1.000000', '1.000000', '1.000000'),
(129, 117, 18915, 2, '0.100000', '0.035000', '0.000000', '90.000000', '180.000000', '90.000000', '1.000000', '1.000000', '1.000000'),
(130, 36, 19100, 2, '0.152998', '0.006998', '-0.005998', '0.000000', '0.000000', '0.000000', '1.000000', '1.000000', '1.000000'),
(131, 103, 18910, 18, '0.150000', '0.000000', '0.000000', '90.000000', '180.000000', '90.000000', '1.000000', '1.000000', '1.000000'),
(132, 31, 18977, 2, '0.086000', '0.000000', '0.000000', '86.800010', '81.500000', '2.499994', '1.000000', '1.000000', '1.000000'),
(135, 31, 19422, 2, '0.046999', '0.009998', '0.000000', '82.099990', '-0.199999', '-89.699981', '1.075000', '1.021999', '1.000000'),
(138, 40, 19421, 2, '0.051998', '0.014999', '-0.004999', '91.200088', '0.000000', '-87.700004', '1.080999', '1.000000', '1.000000'),
(139, 40, 19352, 2, '0.106999', '0.000000', '0.000000', '-86.699958', '95.299942', '0.000000', '1.161998', '1.041000', '1.500000'),
(141, 40, 1210, 5, '0.312999', '0.084999', '0.000000', '0.000000', '-92.399963', '1.899999', '1.000000', '1.000000', '1.000000'),
(143, 40, 19022, 2, '0.087999', '0.030998', '0.000000', '90.599983', '81.900047', '2.400000', '1.000000', '1.076997', '1.085000'),
(144, 38, 19421, 2, '-0.097000', '-0.013999', '0.012000', '-82.900032', '46.599987', '-92.300048', '1.000000', '0.982999', '0.934000'),
(146, 40, 19142, 1, '0.071998', '0.061999', '0.000000', '0.000000', '0.000000', '0.000000', '1.000000', '1.333999', '1.006000'),
(147, 45, 19022, 2, '0.108998', '0.064998', '0.002000', '89.400016', '87.099967', '-0.499998', '1.000000', '1.065999', '1.500000'),
(151, 40, 19141, 2, '0.101998', '0.000000', '0.002999', '-0.500000', '0.000000', '-1.199998', '1.187999', '1.113999', '1.149999'),
(152, 40, 18637, 1, '0.000000', '-0.100000', '0.152998', '86.999969', '-1.399999', '-89.099990', '1.000000', '1.000000', '1.000000'),
(154, 32, 18645, 2, '0.052999', '0.021996', '0.001000', '84.599952', '84.499992', '-3.500000', '1.089993', '0.936999', '1.027994'),
(156, 140, 19317, 1, '0.199000', '-0.118998', '0.025000', '0.000000', '39.000000', '0.000000', '1.000000', '1.000000', '1.000000'),
(157, 140, 18945, 2, '0.166998', '0.000000', '0.000000', '0.000000', '0.000000', '0.000000', '1.000000', '1.000000', '1.000000'),
(158, 140, 19035, 2, '0.107998', '0.046999', '0.004000', '90.000000', '90.000000', '0.000000', '1.000000', '1.000000', '1.000000'),
(160, 140, 19351, 2, '0.027999', '0.112000', '0.000000', '0.000000', '0.000000', '11.900000', '1.000000', '1.000000', '1.000000'),
(161, 140, 3027, 2, '0.007000', '0.082998', '0.003998', '-107.200012', '0.299998', '-1.699998', '1.000000', '1.000000', '1.000000'),
(163, 35, 18920, 2, '0.082998', '0.035000', '-0.006000', '90.000000', '180.000000', '90.000000', '1.083999', '1.000000', '1.000000');
--
-- Databas: `information_schema`
--
CREATE DATABASE `information_schema` DEFAULT CHARACTER SET utf8 COLLATE utf8_general_ci;
USE `information_schema`;

-- --------------------------------------------------------

--
-- Tabellstruktur `CHARACTER_SETS`
--

CREATE TEMPORARY TABLE `CHARACTER_SETS` (
  `CHARACTER_SET_NAME` varchar(32) NOT NULL DEFAULT '',
  `DEFAULT_COLLATE_NAME` varchar(32) NOT NULL DEFAULT '',
  `DESCRIPTION` varchar(60) NOT NULL DEFAULT '',
  `MAXLEN` bigint(3) NOT NULL DEFAULT '0'
) ENGINE=MEMORY DEFAULT CHARSET=utf8;

--
-- Dumpning av Data i tabell `CHARACTER_SETS`
--

INSERT INTO `CHARACTER_SETS` (`CHARACTER_SET_NAME`, `DEFAULT_COLLATE_NAME`, `DESCRIPTION`, `MAXLEN`) VALUES
('big5', 'big5_chinese_ci', 'Big5 Traditional Chinese', 2),
('dec8', 'dec8_swedish_ci', 'DEC West European', 1),
('cp850', 'cp850_general_ci', 'DOS West European', 1),
('hp8', 'hp8_english_ci', 'HP West European', 1),
('koi8r', 'koi8r_general_ci', 'KOI8-R Relcom Russian', 1),
('latin1', 'latin1_swedish_ci', 'cp1252 West European', 1),
('latin2', 'latin2_general_ci', 'ISO 8859-2 Central European', 1),
('swe7', 'swe7_swedish_ci', '7bit Swedish', 1),
('ascii', 'ascii_general_ci', 'US ASCII', 1),
('ujis', 'ujis_japanese_ci', 'EUC-JP Japanese', 3),
('sjis', 'sjis_japanese_ci', 'Shift-JIS Japanese', 2),
('hebrew', 'hebrew_general_ci', 'ISO 8859-8 Hebrew', 1),
('tis620', 'tis620_thai_ci', 'TIS620 Thai', 1),
('euckr', 'euckr_korean_ci', 'EUC-KR Korean', 2),
('koi8u', 'koi8u_general_ci', 'KOI8-U Ukrainian', 1),
('gb2312', 'gb2312_chinese_ci', 'GB2312 Simplified Chinese', 2),
('greek', 'greek_general_ci', 'ISO 8859-7 Greek', 1),
('cp1250', 'cp1250_general_ci', 'Windows Central European', 1),
('gbk', 'gbk_chinese_ci', 'GBK Simplified Chinese', 2),
('latin5', 'latin5_turkish_ci', 'ISO 8859-9 Turkish', 1),
('armscii8', 'armscii8_general_ci', 'ARMSCII-8 Armenian', 1),
('utf8', 'utf8_general_ci', 'UTF-8 Unicode', 3),
('ucs2', 'ucs2_general_ci', 'UCS-2 Unicode', 2),
('cp866', 'cp866_general_ci', 'DOS Russian', 1),
('keybcs2', 'keybcs2_general_ci', 'DOS Kamenicky Czech-Slovak', 1),
('macce', 'macce_general_ci', 'Mac Central European', 1),
('macroman', 'macroman_general_ci', 'Mac West European', 1),
('cp852', 'cp852_general_ci', 'DOS Central European', 1),
('latin7', 'latin7_general_ci', 'ISO 8859-13 Baltic', 1),
('cp1251', 'cp1251_general_ci', 'Windows Cyrillic', 1),
('cp1256', 'cp1256_general_ci', 'Windows Arabic', 1),
('cp1257', 'cp1257_general_ci', 'Windows Baltic', 1),
('binary', 'binary', 'Binary pseudo charset', 1),
('geostd8', 'geostd8_general_ci', 'GEOSTD8 Georgian', 1),
('cp932', 'cp932_japanese_ci', 'SJIS for Windows Japanese', 2),
('eucjpms', 'eucjpms_japanese_ci', 'UJIS for Windows Japanese', 3);

-- --------------------------------------------------------

--
-- Tabellstruktur `COLLATIONS`
--

CREATE TEMPORARY TABLE `COLLATIONS` (
  `COLLATION_NAME` varchar(32) NOT NULL DEFAULT '',
  `CHARACTER_SET_NAME` varchar(32) NOT NULL DEFAULT '',
  `ID` bigint(11) NOT NULL DEFAULT '0',
  `IS_DEFAULT` varchar(3) NOT NULL DEFAULT '',
  `IS_COMPILED` varchar(3) NOT NULL DEFAULT '',
  `SORTLEN` bigint(3) NOT NULL DEFAULT '0'
) ENGINE=MEMORY DEFAULT CHARSET=utf8;

--
-- Dumpning av Data i tabell `COLLATIONS`
--

INSERT INTO `COLLATIONS` (`COLLATION_NAME`, `CHARACTER_SET_NAME`, `ID`, `IS_DEFAULT`, `IS_COMPILED`, `SORTLEN`) VALUES
('big5_chinese_ci', 'big5', 1, 'Yes', 'Yes', 1),
('big5_bin', 'big5', 84, '', 'Yes', 1),
('dec8_swedish_ci', 'dec8', 3, 'Yes', 'Yes', 1),
('dec8_bin', 'dec8', 69, '', 'Yes', 1),
('cp850_general_ci', 'cp850', 4, 'Yes', 'Yes', 1),
('cp850_bin', 'cp850', 80, '', 'Yes', 1),
('hp8_english_ci', 'hp8', 6, 'Yes', 'Yes', 1),
('hp8_bin', 'hp8', 72, '', 'Yes', 1),
('koi8r_general_ci', 'koi8r', 7, 'Yes', 'Yes', 1),
('koi8r_bin', 'koi8r', 74, '', 'Yes', 1),
('latin1_german1_ci', 'latin1', 5, '', 'Yes', 1),
('latin1_swedish_ci', 'latin1', 8, 'Yes', 'Yes', 1),
('latin1_danish_ci', 'latin1', 15, '', 'Yes', 1),
('latin1_german2_ci', 'latin1', 31, '', 'Yes', 2),
('latin1_bin', 'latin1', 47, '', 'Yes', 1),
('latin1_general_ci', 'latin1', 48, '', 'Yes', 1),
('latin1_general_cs', 'latin1', 49, '', 'Yes', 1),
('latin1_spanish_ci', 'latin1', 94, '', 'Yes', 1),
('latin2_czech_cs', 'latin2', 2, '', 'Yes', 4),
('latin2_general_ci', 'latin2', 9, 'Yes', 'Yes', 1),
('latin2_hungarian_ci', 'latin2', 21, '', 'Yes', 1),
('latin2_croatian_ci', 'latin2', 27, '', 'Yes', 1),
('latin2_bin', 'latin2', 77, '', 'Yes', 1),
('swe7_swedish_ci', 'swe7', 10, 'Yes', 'Yes', 1),
('swe7_bin', 'swe7', 82, '', 'Yes', 1),
('ascii_general_ci', 'ascii', 11, 'Yes', 'Yes', 1),
('ascii_bin', 'ascii', 65, '', 'Yes', 1),
('ujis_japanese_ci', 'ujis', 12, 'Yes', 'Yes', 1),
('ujis_bin', 'ujis', 91, '', 'Yes', 1),
('sjis_japanese_ci', 'sjis', 13, 'Yes', 'Yes', 1),
('sjis_bin', 'sjis', 88, '', 'Yes', 1),
('hebrew_general_ci', 'hebrew', 16, 'Yes', 'Yes', 1),
('hebrew_bin', 'hebrew', 71, '', 'Yes', 1),
('tis620_thai_ci', 'tis620', 18, 'Yes', 'Yes', 4),
('tis620_bin', 'tis620', 89, '', 'Yes', 1),
('euckr_korean_ci', 'euckr', 19, 'Yes', 'Yes', 1),
('euckr_bin', 'euckr', 85, '', 'Yes', 1),
('koi8u_general_ci', 'koi8u', 22, 'Yes', 'Yes', 1),
('koi8u_bin', 'koi8u', 75, '', 'Yes', 1),
('gb2312_chinese_ci', 'gb2312', 24, 'Yes', 'Yes', 1),
('gb2312_bin', 'gb2312', 86, '', 'Yes', 1),
('greek_general_ci', 'greek', 25, 'Yes', 'Yes', 1),
('greek_bin', 'greek', 70, '', 'Yes', 1),
('cp1250_general_ci', 'cp1250', 26, 'Yes', 'Yes', 1),
('cp1250_czech_cs', 'cp1250', 34, '', 'Yes', 2),
('cp1250_croatian_ci', 'cp1250', 44, '', 'Yes', 1),
('cp1250_bin', 'cp1250', 66, '', 'Yes', 1),
('cp1250_polish_ci', 'cp1250', 99, '', 'Yes', 1),
('gbk_chinese_ci', 'gbk', 28, 'Yes', 'Yes', 1),
('gbk_bin', 'gbk', 87, '', 'Yes', 1),
('latin5_turkish_ci', 'latin5', 30, 'Yes', 'Yes', 1),
('latin5_bin', 'latin5', 78, '', 'Yes', 1),
('armscii8_general_ci', 'armscii8', 32, 'Yes', 'Yes', 1),
('armscii8_bin', 'armscii8', 64, '', 'Yes', 1),
('utf8_general_ci', 'utf8', 33, 'Yes', 'Yes', 1),
('utf8_bin', 'utf8', 83, '', 'Yes', 1),
('utf8_unicode_ci', 'utf8', 192, '', 'Yes', 8),
('utf8_icelandic_ci', 'utf8', 193, '', 'Yes', 8),
('utf8_latvian_ci', 'utf8', 194, '', 'Yes', 8),
('utf8_romanian_ci', 'utf8', 195, '', 'Yes', 8),
('utf8_slovenian_ci', 'utf8', 196, '', 'Yes', 8),
('utf8_polish_ci', 'utf8', 197, '', 'Yes', 8),
('utf8_estonian_ci', 'utf8', 198, '', 'Yes', 8),
('utf8_spanish_ci', 'utf8', 199, '', 'Yes', 8),
('utf8_swedish_ci', 'utf8', 200, '', 'Yes', 8),
('utf8_turkish_ci', 'utf8', 201, '', 'Yes', 8),
('utf8_czech_ci', 'utf8', 202, '', 'Yes', 8),
('utf8_danish_ci', 'utf8', 203, '', 'Yes', 8),
('utf8_lithuanian_ci', 'utf8', 204, '', 'Yes', 8),
('utf8_slovak_ci', 'utf8', 205, '', 'Yes', 8),
('utf8_spanish2_ci', 'utf8', 206, '', 'Yes', 8),
('utf8_roman_ci', 'utf8', 207, '', 'Yes', 8),
('utf8_persian_ci', 'utf8', 208, '', 'Yes', 8),
('utf8_esperanto_ci', 'utf8', 209, '', 'Yes', 8),
('utf8_hungarian_ci', 'utf8', 210, '', 'Yes', 8),
('utf8_general_mysql500_ci', 'utf8', 223, '', 'Yes', 1),
('ucs2_general_ci', 'ucs2', 35, 'Yes', 'Yes', 1),
('ucs2_bin', 'ucs2', 90, '', 'Yes', 1),
('ucs2_unicode_ci', 'ucs2', 128, '', 'Yes', 8),
('ucs2_icelandic_ci', 'ucs2', 129, '', 'Yes', 8),
('ucs2_latvian_ci', 'ucs2', 130, '', 'Yes', 8),
('ucs2_romanian_ci', 'ucs2', 131, '', 'Yes', 8),
('ucs2_slovenian_ci', 'ucs2', 132, '', 'Yes', 8),
('ucs2_polish_ci', 'ucs2', 133, '', 'Yes', 8),
('ucs2_estonian_ci', 'ucs2', 134, '', 'Yes', 8),
('ucs2_spanish_ci', 'ucs2', 135, '', 'Yes', 8),
('ucs2_swedish_ci', 'ucs2', 136, '', 'Yes', 8),
('ucs2_turkish_ci', 'ucs2', 137, '', 'Yes', 8),
('ucs2_czech_ci', 'ucs2', 138, '', 'Yes', 8),
('ucs2_danish_ci', 'ucs2', 139, '', 'Yes', 8),
('ucs2_lithuanian_ci', 'ucs2', 140, '', 'Yes', 8),
('ucs2_slovak_ci', 'ucs2', 141, '', 'Yes', 8),
('ucs2_spanish2_ci', 'ucs2', 142, '', 'Yes', 8),
('ucs2_roman_ci', 'ucs2', 143, '', 'Yes', 8),
('ucs2_persian_ci', 'ucs2', 144, '', 'Yes', 8),
('ucs2_esperanto_ci', 'ucs2', 145, '', 'Yes', 8),
('ucs2_hungarian_ci', 'ucs2', 146, '', 'Yes', 8),
('ucs2_general_mysql500_ci', 'ucs2', 159, '', 'Yes', 1),
('cp866_general_ci', 'cp866', 36, 'Yes', 'Yes', 1),
('cp866_bin', 'cp866', 68, '', 'Yes', 1),
('keybcs2_general_ci', 'keybcs2', 37, 'Yes', 'Yes', 1),
('keybcs2_bin', 'keybcs2', 73, '', 'Yes', 1),
('macce_general_ci', 'macce', 38, 'Yes', 'Yes', 1),
('macce_bin', 'macce', 43, '', 'Yes', 1),
('macroman_general_ci', 'macroman', 39, 'Yes', 'Yes', 1),
('macroman_bin', 'macroman', 53, '', 'Yes', 1),
('cp852_general_ci', 'cp852', 40, 'Yes', 'Yes', 1),
('cp852_bin', 'cp852', 81, '', 'Yes', 1),
('latin7_estonian_cs', 'latin7', 20, '', 'Yes', 1),
('latin7_general_ci', 'latin7', 41, 'Yes', 'Yes', 1),
('latin7_general_cs', 'latin7', 42, '', 'Yes', 1),
('latin7_bin', 'latin7', 79, '', 'Yes', 1),
('cp1251_bulgarian_ci', 'cp1251', 14, '', 'Yes', 1),
('cp1251_ukrainian_ci', 'cp1251', 23, '', 'Yes', 1),
('cp1251_bin', 'cp1251', 50, '', 'Yes', 1),
('cp1251_general_ci', 'cp1251', 51, 'Yes', 'Yes', 1),
('cp1251_general_cs', 'cp1251', 52, '', 'Yes', 1),
('cp1256_general_ci', 'cp1256', 57, 'Yes', 'Yes', 1),
('cp1256_bin', 'cp1256', 67, '', 'Yes', 1),
('cp1257_lithuanian_ci', 'cp1257', 29, '', 'Yes', 1),
('cp1257_bin', 'cp1257', 58, '', 'Yes', 1),
('cp1257_general_ci', 'cp1257', 59, 'Yes', 'Yes', 1),
('binary', 'binary', 63, 'Yes', 'Yes', 1),
('geostd8_general_ci', 'geostd8', 92, 'Yes', 'Yes', 1),
('geostd8_bin', 'geostd8', 93, '', 'Yes', 1),
('cp932_japanese_ci', 'cp932', 95, 'Yes', 'Yes', 1),
('cp932_bin', 'cp932', 96, '', 'Yes', 1),
('eucjpms_japanese_ci', 'eucjpms', 97, 'Yes', 'Yes', 1),
('eucjpms_bin', 'eucjpms', 98, '', 'Yes', 1);

-- --------------------------------------------------------

--
-- Tabellstruktur `COLLATION_CHARACTER_SET_APPLICABILITY`
--

CREATE TEMPORARY TABLE `COLLATION_CHARACTER_SET_APPLICABILITY` (
  `COLLATION_NAME` varchar(32) NOT NULL DEFAULT '',
  `CHARACTER_SET_NAME` varchar(32) NOT NULL DEFAULT ''
) ENGINE=MEMORY DEFAULT CHARSET=utf8;

--
-- Dumpning av Data i tabell `COLLATION_CHARACTER_SET_APPLICABILITY`
--

INSERT INTO `COLLATION_CHARACTER_SET_APPLICABILITY` (`COLLATION_NAME`, `CHARACTER_SET_NAME`) VALUES
('big5_chinese_ci', 'big5'),
('big5_bin', 'big5'),
('dec8_swedish_ci', 'dec8'),
('dec8_bin', 'dec8'),
('cp850_general_ci', 'cp850'),
('cp850_bin', 'cp850'),
('hp8_english_ci', 'hp8'),
('hp8_bin', 'hp8'),
('koi8r_general_ci', 'koi8r'),
('koi8r_bin', 'koi8r'),
('latin1_german1_ci', 'latin1'),
('latin1_swedish_ci', 'latin1'),
('latin1_danish_ci', 'latin1'),
('latin1_german2_ci', 'latin1'),
('latin1_bin', 'latin1'),
('latin1_general_ci', 'latin1'),
('latin1_general_cs', 'latin1'),
('latin1_spanish_ci', 'latin1'),
('latin2_czech_cs', 'latin2'),
('latin2_general_ci', 'latin2'),
('latin2_hungarian_ci', 'latin2'),
('latin2_croatian_ci', 'latin2'),
('latin2_bin', 'latin2'),
('swe7_swedish_ci', 'swe7'),
('swe7_bin', 'swe7'),
('ascii_general_ci', 'ascii'),
('ascii_bin', 'ascii'),
('ujis_japanese_ci', 'ujis'),
('ujis_bin', 'ujis'),
('sjis_japanese_ci', 'sjis'),
('sjis_bin', 'sjis'),
('hebrew_general_ci', 'hebrew'),
('hebrew_bin', 'hebrew'),
('filename', 'filename'),
('tis620_thai_ci', 'tis620'),
('tis620_bin', 'tis620'),
('euckr_korean_ci', 'euckr'),
('euckr_bin', 'euckr'),
('koi8u_general_ci', 'koi8u'),
('koi8u_bin', 'koi8u'),
('gb2312_chinese_ci', 'gb2312'),
('gb2312_bin', 'gb2312'),
('greek_general_ci', 'greek'),
('greek_bin', 'greek'),
('cp1250_general_ci', 'cp1250'),
('cp1250_czech_cs', 'cp1250'),
('cp1250_croatian_ci', 'cp1250'),
('cp1250_bin', 'cp1250'),
('cp1250_polish_ci', 'cp1250'),
('gbk_chinese_ci', 'gbk'),
('gbk_bin', 'gbk'),
('latin5_turkish_ci', 'latin5'),
('latin5_bin', 'latin5'),
('armscii8_general_ci', 'armscii8'),
('armscii8_bin', 'armscii8'),
('utf8_general_ci', 'utf8'),
('utf8_bin', 'utf8'),
('utf8_unicode_ci', 'utf8'),
('utf8_icelandic_ci', 'utf8'),
('utf8_latvian_ci', 'utf8'),
('utf8_romanian_ci', 'utf8'),
('utf8_slovenian_ci', 'utf8'),
('utf8_polish_ci', 'utf8'),
('utf8_estonian_ci', 'utf8'),
('utf8_spanish_ci', 'utf8'),
('utf8_swedish_ci', 'utf8'),
('utf8_turkish_ci', 'utf8'),
('utf8_czech_ci', 'utf8'),
('utf8_danish_ci', 'utf8'),
('utf8_lithuanian_ci', 'utf8'),
('utf8_slovak_ci', 'utf8'),
('utf8_spanish2_ci', 'utf8'),
('utf8_roman_ci', 'utf8'),
('utf8_persian_ci', 'utf8'),
('utf8_esperanto_ci', 'utf8'),
('utf8_hungarian_ci', 'utf8'),
('utf8_general_mysql500_ci', 'utf8'),
('ucs2_general_ci', 'ucs2'),
('ucs2_bin', 'ucs2'),
('ucs2_unicode_ci', 'ucs2'),
('ucs2_icelandic_ci', 'ucs2'),
('ucs2_latvian_ci', 'ucs2'),
('ucs2_romanian_ci', 'ucs2'),
('ucs2_slovenian_ci', 'ucs2'),
('ucs2_polish_ci', 'ucs2'),
('ucs2_estonian_ci', 'ucs2'),
('ucs2_spanish_ci', 'ucs2'),
('ucs2_swedish_ci', 'ucs2'),
('ucs2_turkish_ci', 'ucs2'),
('ucs2_czech_ci', 'ucs2'),
('ucs2_danish_ci', 'ucs2'),
('ucs2_lithuanian_ci', 'ucs2'),
('ucs2_slovak_ci', 'ucs2'),
('ucs2_spanish2_ci', 'ucs2'),
('ucs2_roman_ci', 'ucs2'),
('ucs2_persian_ci', 'ucs2'),
('ucs2_esperanto_ci', 'ucs2'),
('ucs2_hungarian_ci', 'ucs2'),
('ucs2_general_mysql500_ci', 'ucs2'),
('cp866_general_ci', 'cp866'),
('cp866_bin', 'cp866'),
('keybcs2_general_ci', 'keybcs2'),
('keybcs2_bin', 'keybcs2'),
('macce_general_ci', 'macce'),
('macce_bin', 'macce'),
('macroman_general_ci', 'macroman'),
('macroman_bin', 'macroman'),
('cp852_general_ci', 'cp852'),
('cp852_bin', 'cp852'),
('latin7_estonian_cs', 'latin7'),
('latin7_general_ci', 'latin7'),
('latin7_general_cs', 'latin7'),
('latin7_bin', 'latin7'),
('cp1251_bulgarian_ci', 'cp1251'),
('cp1251_ukrainian_ci', 'cp1251'),
('cp1251_bin', 'cp1251'),
('cp1251_general_ci', 'cp1251'),
('cp1251_general_cs', 'cp1251'),
('cp1256_general_ci', 'cp1256'),
('cp1256_bin', 'cp1256'),
('cp1257_lithuanian_ci', 'cp1257'),
('cp1257_bin', 'cp1257'),
('cp1257_general_ci', 'cp1257'),
('binary', 'binary'),
('geostd8_general_ci', 'geostd8'),
('geostd8_bin', 'geostd8'),
('cp932_japanese_ci', 'cp932'),
('cp932_bin', 'cp932'),
('eucjpms_japanese_ci', 'eucjpms'),
('eucjpms_bin', 'eucjpms');

-- --------------------------------------------------------

--
-- Tabellstruktur `COLUMNS`
--

CREATE TEMPORARY TABLE `COLUMNS` (
  `TABLE_CATALOG` varchar(512) DEFAULT NULL,
  `TABLE_SCHEMA` varchar(64) NOT NULL DEFAULT '',
  `TABLE_NAME` varchar(64) NOT NULL DEFAULT '',
  `COLUMN_NAME` varchar(64) NOT NULL DEFAULT '',
  `ORDINAL_POSITION` bigint(21) unsigned NOT NULL DEFAULT '0',
  `COLUMN_DEFAULT` longtext,
  `IS_NULLABLE` varchar(3) NOT NULL DEFAULT '',
  `DATA_TYPE` varchar(64) NOT NULL DEFAULT '',
  `CHARACTER_MAXIMUM_LENGTH` bigint(21) unsigned DEFAULT NULL,
  `CHARACTER_OCTET_LENGTH` bigint(21) unsigned DEFAULT NULL,
  `NUMERIC_PRECISION` bigint(21) unsigned DEFAULT NULL,
  `NUMERIC_SCALE` bigint(21) unsigned DEFAULT NULL,
  `CHARACTER_SET_NAME` varchar(32) DEFAULT NULL,
  `COLLATION_NAME` varchar(32) DEFAULT NULL,
  `COLUMN_TYPE` longtext NOT NULL,
  `COLUMN_KEY` varchar(3) NOT NULL DEFAULT '',
  `EXTRA` varchar(27) NOT NULL DEFAULT '',
  `PRIVILEGES` varchar(80) NOT NULL DEFAULT '',
  `COLUMN_COMMENT` varchar(255) NOT NULL DEFAULT ''
) ENGINE=MyISAM DEFAULT CHARSET=utf8;

--
-- Dumpning av Data i tabell `COLUMNS`
--

INSERT INTO `COLUMNS` (`TABLE_CATALOG`, `TABLE_SCHEMA`, `TABLE_NAME`, `COLUMN_NAME`, `ORDINAL_POSITION`, `COLUMN_DEFAULT`, `IS_NULLABLE`, `DATA_TYPE`, `CHARACTER_MAXIMUM_LENGTH`, `CHARACTER_OCTET_LENGTH`, `NUMERIC_PRECISION`, `NUMERIC_SCALE`, `CHARACTER_SET_NAME`, `COLLATION_NAME`, `COLUMN_TYPE`, `COLUMN_KEY`, `EXTRA`, `PRIVILEGES`, `COLUMN_COMMENT`) VALUES
(NULL, 'information_schema', 'CHARACTER_SETS', 'CHARACTER_SET_NAME', 1, '', 'NO', 'varchar', 32, 96, NULL, NULL, 'utf8', 'utf8_general_ci', 'varchar(32)', '', '', 'select', ''),
(NULL, 'information_schema', 'CHARACTER_SETS', 'DEFAULT_COLLATE_NAME', 2, '', 'NO', 'varchar', 32, 96, NULL, NULL, 'utf8', 'utf8_general_ci', 'varchar(32)', '', '', 'select', ''),
(NULL, 'information_schema', 'CHARACTER_SETS', 'DESCRIPTION', 3, '', 'NO', 'varchar', 60, 180, NULL, NULL, 'utf8', 'utf8_general_ci', 'varchar(60)', '', '', 'select', ''),
(NULL, 'information_schema', 'CHARACTER_SETS', 'MAXLEN', 4, '0', 'NO', 'bigint', NULL, NULL, 19, 0, NULL, NULL, 'bigint(3)', '', '', 'select', ''),
(NULL, 'information_schema', 'COLLATIONS', 'COLLATION_NAME', 1, '', 'NO', 'varchar', 32, 96, NULL, NULL, 'utf8', 'utf8_general_ci', 'varchar(32)', '', '', 'select', ''),
(NULL, 'information_schema', 'COLLATIONS', 'CHARACTER_SET_NAME', 2, '', 'NO', 'varchar', 32, 96, NULL, NULL, 'utf8', 'utf8_general_ci', 'varchar(32)', '', '', 'select', ''),
(NULL, 'information_schema', 'COLLATIONS', 'ID', 3, '0', 'NO', 'bigint', NULL, NULL, 19, 0, NULL, NULL, 'bigint(11)', '', '', 'select', ''),
(NULL, 'information_schema', 'COLLATIONS', 'IS_DEFAULT', 4, '', 'NO', 'varchar', 3, 9, NULL, NULL, 'utf8', 'utf8_general_ci', 'varchar(3)', '', '', 'select', ''),
(NULL, 'information_schema', 'COLLATIONS', 'IS_COMPILED', 5, '', 'NO', 'varchar', 3, 9, NULL, NULL, 'utf8', 'utf8_general_ci', 'varchar(3)', '', '', 'select', ''),
(NULL, 'information_schema', 'COLLATIONS', 'SORTLEN', 6, '0', 'NO', 'bigint', NULL, NULL, 19, 0, NULL, NULL, 'bigint(3)', '', '', 'select', ''),
(NULL, 'information_schema', 'COLLATION_CHARACTER_SET_APPLICABILITY', 'COLLATION_NAME', 1, '', 'NO', 'varchar', 32, 96, NULL, NULL, 'utf8', 'utf8_general_ci', 'varchar(32)', '', '', 'select', ''),
(NULL, 'information_schema', 'COLLATION_CHARACTER_SET_APPLICABILITY', 'CHARACTER_SET_NAME', 2, '', 'NO', 'varchar', 32, 96, NULL, NULL, 'utf8', 'utf8_general_ci', 'varchar(32)', '', '', 'select', ''),
(NULL, 'information_schema', 'COLUMNS', 'TABLE_CATALOG', 1, NULL, 'YES', 'varchar', 512, 1536, NULL, NULL, 'utf8', 'utf8_general_ci', 'varchar(512)', '', '', 'select', ''),
(NULL, 'information_schema', 'COLUMNS', 'TABLE_SCHEMA', 2, '', 'NO', 'varchar', 64, 192, NULL, NULL, 'utf8', 'utf8_general_ci', 'varchar(64)', '', '', 'select', ''),
(NULL, 'information_schema', 'COLUMNS', 'TABLE_NAME', 3, '', 'NO', 'varchar', 64, 192, NULL, NULL, 'utf8', 'utf8_general_ci', 'varchar(64)', '', '', 'select', ''),
(NULL, 'information_schema', 'COLUMNS', 'COLUMN_NAME', 4, '', 'NO', 'varchar', 64, 192, NULL, NULL, 'utf8', 'utf8_general_ci', 'varchar(64)', '', '', 'select', ''),
(NULL, 'information_schema', 'COLUMNS', 'ORDINAL_POSITION', 5, '0', 'NO', 'bigint', NULL, NULL, 20, 0, NULL, NULL, 'bigint(21) unsigned', '', '', 'select', ''),
(NULL, 'information_schema', 'COLUMNS', 'COLUMN_DEFAULT', 6, NULL, 'YES', 'longtext', 4294967295, 4294967295, NULL, NULL, 'utf8', 'utf8_general_ci', 'longtext', '', '', 'select', ''),
(NULL, 'information_schema', 'COLUMNS', 'IS_NULLABLE', 7, '', 'NO', 'varchar', 3, 9, NULL, NULL, 'utf8', 'utf8_general_ci', 'varchar(3)', '', '', 'select', ''),
(NULL, 'information_schema', 'COLUMNS', 'DATA_TYPE', 8, '', 'NO', 'varchar', 64, 192, NULL, NULL, 'utf8', 'utf8_general_ci', 'varchar(64)', '', '', 'select', ''),
(NULL, 'information_schema', 'COLUMNS', 'CHARACTER_MAXIMUM_LENGTH', 9, NULL, 'YES', 'bigint', NULL, NULL, 20, 0, NULL, NULL, 'bigint(21) unsigned', '', '', 'select', ''),
(NULL, 'information_schema', 'COLUMNS', 'CHARACTER_OCTET_LENGTH', 10, NULL, 'YES', 'bigint', NULL, NULL, 20, 0, NULL, NULL, 'bigint(21) unsigned', '', '', 'select', ''),
(NULL, 'information_schema', 'COLUMNS', 'NUMERIC_PRECISION', 11, NULL, 'YES', 'bigint', NULL, NULL, 20, 0, NULL, NULL, 'bigint(21) unsigned', '', '', 'select', ''),
(NULL, 'information_schema', 'COLUMNS', 'NUMERIC_SCALE', 12, NULL, 'YES', 'bigint', NULL, NULL, 20, 0, NULL, NULL, 'bigint(21) unsigned', '', '', 'select', ''),
(NULL, 'information_schema', 'COLUMNS', 'CHARACTER_SET_NAME', 13, NULL, 'YES', 'varchar', 32, 96, NULL, NULL, 'utf8', 'utf8_general_ci', 'varchar(32)', '', '', 'select', ''),
(NULL, 'information_schema', 'COLUMNS', 'COLLATION_NAME', 14, NULL, 'YES', 'varchar', 32, 96, NULL, NULL, 'utf8', 'utf8_general_ci', 'varchar(32)', '', '', 'select', ''),
(NULL, 'information_schema', 'COLUMNS', 'COLUMN_TYPE', 15, NULL, 'NO', 'longtext', 4294967295, 4294967295, NULL, NULL, 'utf8', 'utf8_general_ci', 'longtext', '', '', 'select', ''),
(NULL, 'information_schema', 'COLUMNS', 'COLUMN_KEY', 16, '', 'NO', 'varchar', 3, 9, NULL, NULL, 'utf8', 'utf8_general_ci', 'varchar(3)', '', '', 'select', ''),
(NULL, 'information_schema', 'COLUMNS', 'EXTRA', 17, '', 'NO', 'varchar', 27, 81, NULL, NULL, 'utf8', 'utf8_general_ci', 'varchar(27)', '', '', 'select', ''),
(NULL, 'information_schema', 'COLUMNS', 'PRIVILEGES', 18, '', 'NO', 'varchar', 80, 240, NULL, NULL, 'utf8', 'utf8_general_ci', 'varchar(80)', '', '', 'select', ''),
(NULL, 'information_schema', 'COLUMNS', 'COLUMN_COMMENT', 19, '', 'NO', 'varchar', 255, 765, NULL, NULL, 'utf8', 'utf8_general_ci', 'varchar(255)', '', '', 'select', ''),
(NULL, 'information_schema', 'COLUMN_PRIVILEGES', 'GRANTEE', 1, '', 'NO', 'varchar', 81, 243, NULL, NULL, 'utf8', 'utf8_general_ci', 'varchar(81)', '', '', 'select', ''),
(NULL, 'information_schema', 'COLUMN_PRIVILEGES', 'TABLE_CATALOG', 2, NULL, 'YES', 'varchar', 512, 1536, NULL, NULL, 'utf8', 'utf8_general_ci', 'varchar(512)', '', '', 'select', ''),
(NULL, 'information_schema', 'COLUMN_PRIVILEGES', 'TABLE_SCHEMA', 3, '', 'NO', 'varchar', 64, 192, NULL, NULL, 'utf8', 'utf8_general_ci', 'varchar(64)', '', '', 'select', ''),
(NULL, 'information_schema', 'COLUMN_PRIVILEGES', 'TABLE_NAME', 4, '', 'NO', 'varchar', 64, 192, NULL, NULL, 'utf8', 'utf8_general_ci', 'varchar(64)', '', '', 'select', ''),
(NULL, 'information_schema', 'COLUMN_PRIVILEGES', 'COLUMN_NAME', 5, '', 'NO', 'varchar', 64, 192, NULL, NULL, 'utf8', 'utf8_general_ci', 'varchar(64)', '', '', 'select', ''),
(NULL, 'information_schema', 'COLUMN_PRIVILEGES', 'PRIVILEGE_TYPE', 6, '', 'NO', 'varchar', 64, 192, NULL, NULL, 'utf8', 'utf8_general_ci', 'varchar(64)', '', '', 'select', ''),
(NULL, 'information_schema', 'COLUMN_PRIVILEGES', 'IS_GRANTABLE', 7, '', 'NO', 'varchar', 3, 9, NULL, NULL, 'utf8', 'utf8_general_ci', 'varchar(3)', '', '', 'select', ''),
(NULL, 'information_schema', 'ENGINES', 'ENGINE', 1, '', 'NO', 'varchar', 64, 192, NULL, NULL, 'utf8', 'utf8_general_ci', 'varchar(64)', '', '', 'select', ''),
(NULL, 'information_schema', 'ENGINES', 'SUPPORT', 2, '', 'NO', 'varchar', 8, 24, NULL, NULL, 'utf8', 'utf8_general_ci', 'varchar(8)', '', '', 'select', ''),
(NULL, 'information_schema', 'ENGINES', 'COMMENT', 3, '', 'NO', 'varchar', 80, 240, NULL, NULL, 'utf8', 'utf8_general_ci', 'varchar(80)', '', '', 'select', ''),
(NULL, 'information_schema', 'ENGINES', 'TRANSACTIONS', 4, NULL, 'YES', 'varchar', 3, 9, NULL, NULL, 'utf8', 'utf8_general_ci', 'varchar(3)', '', '', 'select', ''),
(NULL, 'information_schema', 'ENGINES', 'XA', 5, NULL, 'YES', 'varchar', 3, 9, NULL, NULL, 'utf8', 'utf8_general_ci', 'varchar(3)', '', '', 'select', ''),
(NULL, 'information_schema', 'ENGINES', 'SAVEPOINTS', 6, NULL, 'YES', 'varchar', 3, 9, NULL, NULL, 'utf8', 'utf8_general_ci', 'varchar(3)', '', '', 'select', ''),
(NULL, 'information_schema', 'EVENTS', 'EVENT_CATALOG', 1, NULL, 'YES', 'varchar', 64, 192, NULL, NULL, 'utf8', 'utf8_general_ci', 'varchar(64)', '', '', 'select', ''),
(NULL, 'information_schema', 'EVENTS', 'EVENT_SCHEMA', 2, '', 'NO', 'varchar', 64, 192, NULL, NULL, 'utf8', 'utf8_general_ci', 'varchar(64)', '', '', 'select', ''),
(NULL, 'information_schema', 'EVENTS', 'EVENT_NAME', 3, '', 'NO', 'varchar', 64, 192, NULL, NULL, 'utf8', 'utf8_general_ci', 'varchar(64)', '', '', 'select', ''),
(NULL, 'information_schema', 'EVENTS', 'DEFINER', 4, '', 'NO', 'varchar', 77, 231, NULL, NULL, 'utf8', 'utf8_general_ci', 'varchar(77)', '', '', 'select', ''),
(NULL, 'information_schema', 'EVENTS', 'TIME_ZONE', 5, '', 'NO', 'varchar', 64, 192, NULL, NULL, 'utf8', 'utf8_general_ci', 'varchar(64)', '', '', 'select', ''),
(NULL, 'information_schema', 'EVENTS', 'EVENT_BODY', 6, '', 'NO', 'varchar', 8, 24, NULL, NULL, 'utf8', 'utf8_general_ci', 'varchar(8)', '', '', 'select', ''),
(NULL, 'information_schema', 'EVENTS', 'EVENT_DEFINITION', 7, NULL, 'NO', 'longtext', 4294967295, 4294967295, NULL, NULL, 'utf8', 'utf8_general_ci', 'longtext', '', '', 'select', ''),
(NULL, 'information_schema', 'EVENTS', 'EVENT_TYPE', 8, '', 'NO', 'varchar', 9, 27, NULL, NULL, 'utf8', 'utf8_general_ci', 'varchar(9)', '', '', 'select', ''),
(NULL, 'information_schema', 'EVENTS', 'EXECUTE_AT', 9, NULL, 'YES', 'datetime', NULL, NULL, NULL, NULL, NULL, NULL, 'datetime', '', '', 'select', ''),
(NULL, 'information_schema', 'EVENTS', 'INTERVAL_VALUE', 10, NULL, 'YES', 'varchar', 256, 768, NULL, NULL, 'utf8', 'utf8_general_ci', 'varchar(256)', '', '', 'select', ''),
(NULL, 'information_schema', 'EVENTS', 'INTERVAL_FIELD', 11, NULL, 'YES', 'varchar', 18, 54, NULL, NULL, 'utf8', 'utf8_general_ci', 'varchar(18)', '', '', 'select', ''),
(NULL, 'information_schema', 'EVENTS', 'SQL_MODE', 12, '', 'NO', 'varchar', 8192, 24576, NULL, NULL, 'utf8', 'utf8_general_ci', 'varchar(8192)', '', '', 'select', ''),
(NULL, 'information_schema', 'EVENTS', 'STARTS', 13, NULL, 'YES', 'datetime', NULL, NULL, NULL, NULL, NULL, NULL, 'datetime', '', '', 'select', ''),
(NULL, 'information_schema', 'EVENTS', 'ENDS', 14, NULL, 'YES', 'datetime', NULL, NULL, NULL, NULL, NULL, NULL, 'datetime', '', '', 'select', ''),
(NULL, 'information_schema', 'EVENTS', 'STATUS', 15, '', 'NO', 'varchar', 18, 54, NULL, NULL, 'utf8', 'utf8_general_ci', 'varchar(18)', '', '', 'select', ''),
(NULL, 'information_schema', 'EVENTS', 'ON_COMPLETION', 16, '', 'NO', 'varchar', 12, 36, NULL, NULL, 'utf8', 'utf8_general_ci', 'varchar(12)', '', '', 'select', ''),
(NULL, 'information_schema', 'EVENTS', 'CREATED', 17, '0000-00-00 00:00:00', 'NO', 'datetime', NULL, NULL, NULL, NULL, NULL, NULL, 'datetime', '', '', 'select', ''),
(NULL, 'information_schema', 'EVENTS', 'LAST_ALTERED', 18, '0000-00-00 00:00:00', 'NO', 'datetime', NULL, NULL, NULL, NULL, NULL, NULL, 'datetime', '', '', 'select', ''),
(NULL, 'information_schema', 'EVENTS', 'LAST_EXECUTED', 19, NULL, 'YES', 'datetime', NULL, NULL, NULL, NULL, NULL, NULL, 'datetime', '', '', 'select', ''),
(NULL, 'information_schema', 'EVENTS', 'EVENT_COMMENT', 20, '', 'NO', 'varchar', 64, 192, NULL, NULL, 'utf8', 'utf8_general_ci', 'varchar(64)', '', '', 'select', ''),
(NULL, 'information_schema', 'EVENTS', 'ORIGINATOR', 21, '0', 'NO', 'bigint', NULL, NULL, 19, 0, NULL, NULL, 'bigint(10)', '', '', 'select', ''),
(NULL, 'information_schema', 'EVENTS', 'CHARACTER_SET_CLIENT', 22, '', 'NO', 'varchar', 32, 96, NULL, NULL, 'utf8', 'utf8_general_ci', 'varchar(32)', '', '', 'select', ''),
(NULL, 'information_schema', 'EVENTS', 'COLLATION_CONNECTION', 23, '', 'NO', 'varchar', 32, 96, NULL, NULL, 'utf8', 'utf8_general_ci', 'varchar(32)', '', '', 'select', ''),
(NULL, 'information_schema', 'EVENTS', 'DATABASE_COLLATION', 24, '', 'NO', 'varchar', 32, 96, NULL, NULL, 'utf8', 'utf8_general_ci', 'varchar(32)', '', '', 'select', ''),
(NULL, 'information_schema', 'FILES', 'FILE_ID', 1, '0', 'NO', 'bigint', NULL, NULL, 19, 0, NULL, NULL, 'bigint(4)', '', '', 'select', ''),
(NULL, 'information_schema', 'FILES', 'FILE_NAME', 2, NULL, 'YES', 'varchar', 64, 192, NULL, NULL, 'utf8', 'utf8_general_ci', 'varchar(64)', '', '', 'select', ''),
(NULL, 'information_schema', 'FILES', 'FILE_TYPE', 3, '', 'NO', 'varchar', 20, 60, NULL, NULL, 'utf8', 'utf8_general_ci', 'varchar(20)', '', '', 'select', ''),
(NULL, 'information_schema', 'FILES', 'TABLESPACE_NAME', 4, NULL, 'YES', 'varchar', 64, 192, NULL, NULL, 'utf8', 'utf8_general_ci', 'varchar(64)', '', '', 'select', ''),
(NULL, 'information_schema', 'FILES', 'TABLE_CATALOG', 5, NULL, 'YES', 'varchar', 64, 192, NULL, NULL, 'utf8', 'utf8_general_ci', 'varchar(64)', '', '', 'select', ''),
(NULL, 'information_schema', 'FILES', 'TABLE_SCHEMA', 6, NULL, 'YES', 'varchar', 64, 192, NULL, NULL, 'utf8', 'utf8_general_ci', 'varchar(64)', '', '', 'select', ''),
(NULL, 'information_schema', 'FILES', 'TABLE_NAME', 7, NULL, 'YES', 'varchar', 64, 192, NULL, NULL, 'utf8', 'utf8_general_ci', 'varchar(64)', '', '', 'select', ''),
(NULL, 'information_schema', 'FILES', 'LOGFILE_GROUP_NAME', 8, NULL, 'YES', 'varchar', 64, 192, NULL, NULL, 'utf8', 'utf8_general_ci', 'varchar(64)', '', '', 'select', ''),
(NULL, 'information_schema', 'FILES', 'LOGFILE_GROUP_NUMBER', 9, NULL, 'YES', 'bigint', NULL, NULL, 19, 0, NULL, NULL, 'bigint(4)', '', '', 'select', ''),
(NULL, 'information_schema', 'FILES', 'ENGINE', 10, '', 'NO', 'varchar', 64, 192, NULL, NULL, 'utf8', 'utf8_general_ci', 'varchar(64)', '', '', 'select', ''),
(NULL, 'information_schema', 'FILES', 'FULLTEXT_KEYS', 11, NULL, 'YES', 'varchar', 64, 192, NULL, NULL, 'utf8', 'utf8_general_ci', 'varchar(64)', '', '', 'select', ''),
(NULL, 'information_schema', 'FILES', 'DELETED_ROWS', 12, NULL, 'YES', 'bigint', NULL, NULL, 19, 0, NULL, NULL, 'bigint(4)', '', '', 'select', ''),
(NULL, 'information_schema', 'FILES', 'UPDATE_COUNT', 13, NULL, 'YES', 'bigint', NULL, NULL, 19, 0, NULL, NULL, 'bigint(4)', '', '', 'select', ''),
(NULL, 'information_schema', 'FILES', 'FREE_EXTENTS', 14, NULL, 'YES', 'bigint', NULL, NULL, 19, 0, NULL, NULL, 'bigint(4)', '', '', 'select', ''),
(NULL, 'information_schema', 'FILES', 'TOTAL_EXTENTS', 15, NULL, 'YES', 'bigint', NULL, NULL, 19, 0, NULL, NULL, 'bigint(4)', '', '', 'select', ''),
(NULL, 'information_schema', 'FILES', 'EXTENT_SIZE', 16, '0', 'NO', 'bigint', NULL, NULL, 19, 0, NULL, NULL, 'bigint(4)', '', '', 'select', ''),
(NULL, 'information_schema', 'FILES', 'INITIAL_SIZE', 17, NULL, 'YES', 'bigint', NULL, NULL, 20, 0, NULL, NULL, 'bigint(21) unsigned', '', '', 'select', ''),
(NULL, 'information_schema', 'FILES', 'MAXIMUM_SIZE', 18, NULL, 'YES', 'bigint', NULL, NULL, 20, 0, NULL, NULL, 'bigint(21) unsigned', '', '', 'select', ''),
(NULL, 'information_schema', 'FILES', 'AUTOEXTEND_SIZE', 19, NULL, 'YES', 'bigint', NULL, NULL, 20, 0, NULL, NULL, 'bigint(21) unsigned', '', '', 'select', ''),
(NULL, 'information_schema', 'FILES', 'CREATION_TIME', 20, NULL, 'YES', 'datetime', NULL, NULL, NULL, NULL, NULL, NULL, 'datetime', '', '', 'select', ''),
(NULL, 'information_schema', 'FILES', 'LAST_UPDATE_TIME', 21, NULL, 'YES', 'datetime', NULL, NULL, NULL, NULL, NULL, NULL, 'datetime', '', '', 'select', ''),
(NULL, 'information_schema', 'FILES', 'LAST_ACCESS_TIME', 22, NULL, 'YES', 'datetime', NULL, NULL, NULL, NULL, NULL, NULL, 'datetime', '', '', 'select', ''),
(NULL, 'information_schema', 'FILES', 'RECOVER_TIME', 23, NULL, 'YES', 'bigint', NULL, NULL, 19, 0, NULL, NULL, 'bigint(4)', '', '', 'select', ''),
(NULL, 'information_schema', 'FILES', 'TRANSACTION_COUNTER', 24, NULL, 'YES', 'bigint', NULL, NULL, 19, 0, NULL, NULL, 'bigint(4)', '', '', 'select', ''),
(NULL, 'information_schema', 'FILES', 'VERSION', 25, NULL, 'YES', 'bigint', NULL, NULL, 20, 0, NULL, NULL, 'bigint(21) unsigned', '', '', 'select', ''),
(NULL, 'information_schema', 'FILES', 'ROW_FORMAT', 26, NULL, 'YES', 'varchar', 10, 30, NULL, NULL, 'utf8', 'utf8_general_ci', 'varchar(10)', '', '', 'select', ''),
(NULL, 'information_schema', 'FILES', 'TABLE_ROWS', 27, NULL, 'YES', 'bigint', NULL, NULL, 20, 0, NULL, NULL, 'bigint(21) unsigned', '', '', 'select', ''),
(NULL, 'information_schema', 'FILES', 'AVG_ROW_LENGTH', 28, NULL, 'YES', 'bigint', NULL, NULL, 20, 0, NULL, NULL, 'bigint(21) unsigned', '', '', 'select', ''),
(NULL, 'information_schema', 'FILES', 'DATA_LENGTH', 29, NULL, 'YES', 'bigint', NULL, NULL, 20, 0, NULL, NULL, 'bigint(21) unsigned', '', '', 'select', ''),
(NULL, 'information_schema', 'FILES', 'MAX_DATA_LENGTH', 30, NULL, 'YES', 'bigint', NULL, NULL, 20, 0, NULL, NULL, 'bigint(21) unsigned', '', '', 'select', ''),
(NULL, 'information_schema', 'FILES', 'INDEX_LENGTH', 31, NULL, 'YES', 'bigint', NULL, NULL, 20, 0, NULL, NULL, 'bigint(21) unsigned', '', '', 'select', ''),
(NULL, 'information_schema', 'FILES', 'DATA_FREE', 32, NULL, 'YES', 'bigint', NULL, NULL, 20, 0, NULL, NULL, 'bigint(21) unsigned', '', '', 'select', ''),
(NULL, 'information_schema', 'FILES', 'CREATE_TIME', 33, NULL, 'YES', 'datetime', NULL, NULL, NULL, NULL, NULL, NULL, 'datetime', '', '', 'select', ''),
(NULL, 'information_schema', 'FILES', 'UPDATE_TIME', 34, NULL, 'YES', 'datetime', NULL, NULL, NULL, NULL, NULL, NULL, 'datetime', '', '', 'select', ''),
(NULL, 'information_schema', 'FILES', 'CHECK_TIME', 35, NULL, 'YES', 'datetime', NULL, NULL, NULL, NULL, NULL, NULL, 'datetime', '', '', 'select', ''),
(NULL, 'information_schema', 'FILES', 'CHECKSUM', 36, NULL, 'YES', 'bigint', NULL, NULL, 20, 0, NULL, NULL, 'bigint(21) unsigned', '', '', 'select', ''),
(NULL, 'information_schema', 'FILES', 'STATUS', 37, '', 'NO', 'varchar', 20, 60, NULL, NULL, 'utf8', 'utf8_general_ci', 'varchar(20)', '', '', 'select', ''),
(NULL, 'information_schema', 'FILES', 'EXTRA', 38, NULL, 'YES', 'varchar', 255, 765, NULL, NULL, 'utf8', 'utf8_general_ci', 'varchar(255)', '', '', 'select', ''),
(NULL, 'information_schema', 'GLOBAL_STATUS', 'VARIABLE_NAME', 1, '', 'NO', 'varchar', 64, 192, NULL, NULL, 'utf8', 'utf8_general_ci', 'varchar(64)', '', '', 'select', ''),
(NULL, 'information_schema', 'GLOBAL_STATUS', 'VARIABLE_VALUE', 2, NULL, 'YES', 'varchar', 1024, 3072, NULL, NULL, 'utf8', 'utf8_general_ci', 'varchar(1024)', '', '', 'select', ''),
(NULL, 'information_schema', 'GLOBAL_VARIABLES', 'VARIABLE_NAME', 1, '', 'NO', 'varchar', 64, 192, NULL, NULL, 'utf8', 'utf8_general_ci', 'varchar(64)', '', '', 'select', ''),
(NULL, 'information_schema', 'GLOBAL_VARIABLES', 'VARIABLE_VALUE', 2, NULL, 'YES', 'varchar', 1024, 3072, NULL, NULL, 'utf8', 'utf8_general_ci', 'varchar(1024)', '', '', 'select', ''),
(NULL, 'information_schema', 'KEY_COLUMN_USAGE', 'CONSTRAINT_CATALOG', 1, NULL, 'YES', 'varchar', 512, 1536, NULL, NULL, 'utf8', 'utf8_general_ci', 'varchar(512)', '', '', 'select', ''),
(NULL, 'information_schema', 'KEY_COLUMN_USAGE', 'CONSTRAINT_SCHEMA', 2, '', 'NO', 'varchar', 64, 192, NULL, NULL, 'utf8', 'utf8_general_ci', 'varchar(64)', '', '', 'select', ''),
(NULL, 'information_schema', 'KEY_COLUMN_USAGE', 'CONSTRAINT_NAME', 3, '', 'NO', 'varchar', 64, 192, NULL, NULL, 'utf8', 'utf8_general_ci', 'varchar(64)', '', '', 'select', ''),
(NULL, 'information_schema', 'KEY_COLUMN_USAGE', 'TABLE_CATALOG', 4, NULL, 'YES', 'varchar', 512, 1536, NULL, NULL, 'utf8', 'utf8_general_ci', 'varchar(512)', '', '', 'select', ''),
(NULL, 'information_schema', 'KEY_COLUMN_USAGE', 'TABLE_SCHEMA', 5, '', 'NO', 'varchar', 64, 192, NULL, NULL, 'utf8', 'utf8_general_ci', 'varchar(64)', '', '', 'select', ''),
(NULL, 'information_schema', 'KEY_COLUMN_USAGE', 'TABLE_NAME', 6, '', 'NO', 'varchar', 64, 192, NULL, NULL, 'utf8', 'utf8_general_ci', 'varchar(64)', '', '', 'select', ''),
(NULL, 'information_schema', 'KEY_COLUMN_USAGE', 'COLUMN_NAME', 7, '', 'NO', 'varchar', 64, 192, NULL, NULL, 'utf8', 'utf8_general_ci', 'varchar(64)', '', '', 'select', ''),
(NULL, 'information_schema', 'KEY_COLUMN_USAGE', 'ORDINAL_POSITION', 8, '0', 'NO', 'bigint', NULL, NULL, 19, 0, NULL, NULL, 'bigint(10)', '', '', 'select', ''),
(NULL, 'information_schema', 'KEY_COLUMN_USAGE', 'POSITION_IN_UNIQUE_CONSTRAINT', 9, NULL, 'YES', 'bigint', NULL, NULL, 19, 0, NULL, NULL, 'bigint(10)', '', '', 'select', ''),
(NULL, 'information_schema', 'KEY_COLUMN_USAGE', 'REFERENCED_TABLE_SCHEMA', 10, NULL, 'YES', 'varchar', 64, 192, NULL, NULL, 'utf8', 'utf8_general_ci', 'varchar(64)', '', '', 'select', ''),
(NULL, 'information_schema', 'KEY_COLUMN_USAGE', 'REFERENCED_TABLE_NAME', 11, NULL, 'YES', 'varchar', 64, 192, NULL, NULL, 'utf8', 'utf8_general_ci', 'varchar(64)', '', '', 'select', ''),
(NULL, 'information_schema', 'KEY_COLUMN_USAGE', 'REFERENCED_COLUMN_NAME', 12, NULL, 'YES', 'varchar', 64, 192, NULL, NULL, 'utf8', 'utf8_general_ci', 'varchar(64)', '', '', 'select', ''),
(NULL, 'information_schema', 'PARTITIONS', 'TABLE_CATALOG', 1, NULL, 'YES', 'varchar', 512, 1536, NULL, NULL, 'utf8', 'utf8_general_ci', 'varchar(512)', '', '', 'select', ''),
(NULL, 'information_schema', 'PARTITIONS', 'TABLE_SCHEMA', 2, '', 'NO', 'varchar', 64, 192, NULL, NULL, 'utf8', 'utf8_general_ci', 'varchar(64)', '', '', 'select', ''),
(NULL, 'information_schema', 'PARTITIONS', 'TABLE_NAME', 3, '', 'NO', 'varchar', 64, 192, NULL, NULL, 'utf8', 'utf8_general_ci', 'varchar(64)', '', '', 'select', ''),
(NULL, 'information_schema', 'PARTITIONS', 'PARTITION_NAME', 4, NULL, 'YES', 'varchar', 64, 192, NULL, NULL, 'utf8', 'utf8_general_ci', 'varchar(64)', '', '', 'select', ''),
(NULL, 'information_schema', 'PARTITIONS', 'SUBPARTITION_NAME', 5, NULL, 'YES', 'varchar', 64, 192, NULL, NULL, 'utf8', 'utf8_general_ci', 'varchar(64)', '', '', 'select', ''),
(NULL, 'information_schema', 'PARTITIONS', 'PARTITION_ORDINAL_POSITION', 6, NULL, 'YES', 'bigint', NULL, NULL, 20, 0, NULL, NULL, 'bigint(21) unsigned', '', '', 'select', ''),
(NULL, 'information_schema', 'PARTITIONS', 'SUBPARTITION_ORDINAL_POSITION', 7, NULL, 'YES', 'bigint', NULL, NULL, 20, 0, NULL, NULL, 'bigint(21) unsigned', '', '', 'select', ''),
(NULL, 'information_schema', 'PARTITIONS', 'PARTITION_METHOD', 8, NULL, 'YES', 'varchar', 12, 36, NULL, NULL, 'utf8', 'utf8_general_ci', 'varchar(12)', '', '', 'select', ''),
(NULL, 'information_schema', 'PARTITIONS', 'SUBPARTITION_METHOD', 9, NULL, 'YES', 'varchar', 12, 36, NULL, NULL, 'utf8', 'utf8_general_ci', 'varchar(12)', '', '', 'select', ''),
(NULL, 'information_schema', 'PARTITIONS', 'PARTITION_EXPRESSION', 10, NULL, 'YES', 'longtext', 4294967295, 4294967295, NULL, NULL, 'utf8', 'utf8_general_ci', 'longtext', '', '', 'select', ''),
(NULL, 'information_schema', 'PARTITIONS', 'SUBPARTITION_EXPRESSION', 11, NULL, 'YES', 'longtext', 4294967295, 4294967295, NULL, NULL, 'utf8', 'utf8_general_ci', 'longtext', '', '', 'select', ''),
(NULL, 'information_schema', 'PARTITIONS', 'PARTITION_DESCRIPTION', 12, NULL, 'YES', 'longtext', 4294967295, 4294967295, NULL, NULL, 'utf8', 'utf8_general_ci', 'longtext', '', '', 'select', ''),
(NULL, 'information_schema', 'PARTITIONS', 'TABLE_ROWS', 13, '0', 'NO', 'bigint', NULL, NULL, 20, 0, NULL, NULL, 'bigint(21) unsigned', '', '', 'select', ''),
(NULL, 'information_schema', 'PARTITIONS', 'AVG_ROW_LENGTH', 14, '0', 'NO', 'bigint', NULL, NULL, 20, 0, NULL, NULL, 'bigint(21) unsigned', '', '', 'select', ''),
(NULL, 'information_schema', 'PARTITIONS', 'DATA_LENGTH', 15, '0', 'NO', 'bigint', NULL, NULL, 20, 0, NULL, NULL, 'bigint(21) unsigned', '', '', 'select', ''),
(NULL, 'information_schema', 'PARTITIONS', 'MAX_DATA_LENGTH', 16, NULL, 'YES', 'bigint', NULL, NULL, 20, 0, NULL, NULL, 'bigint(21) unsigned', '', '', 'select', ''),
(NULL, 'information_schema', 'PARTITIONS', 'INDEX_LENGTH', 17, '0', 'NO', 'bigint', NULL, NULL, 20, 0, NULL, NULL, 'bigint(21) unsigned', '', '', 'select', ''),
(NULL, 'information_schema', 'PARTITIONS', 'DATA_FREE', 18, '0', 'NO', 'bigint', NULL, NULL, 20, 0, NULL, NULL, 'bigint(21) unsigned', '', '', 'select', ''),
(NULL, 'information_schema', 'PARTITIONS', 'CREATE_TIME', 19, NULL, 'YES', 'datetime', NULL, NULL, NULL, NULL, NULL, NULL, 'datetime', '', '', 'select', ''),
(NULL, 'information_schema', 'PARTITIONS', 'UPDATE_TIME', 20, NULL, 'YES', 'datetime', NULL, NULL, NULL, NULL, NULL, NULL, 'datetime', '', '', 'select', ''),
(NULL, 'information_schema', 'PARTITIONS', 'CHECK_TIME', 21, NULL, 'YES', 'datetime', NULL, NULL, NULL, NULL, NULL, NULL, 'datetime', '', '', 'select', ''),
(NULL, 'information_schema', 'PARTITIONS', 'CHECKSUM', 22, NULL, 'YES', 'bigint', NULL, NULL, 20, 0, NULL, NULL, 'bigint(21) unsigned', '', '', 'select', ''),
(NULL, 'information_schema', 'PARTITIONS', 'PARTITION_COMMENT', 23, '', 'NO', 'varchar', 80, 240, NULL, NULL, 'utf8', 'utf8_general_ci', 'varchar(80)', '', '', 'select', ''),
(NULL, 'information_schema', 'PARTITIONS', 'NODEGROUP', 24, '', 'NO', 'varchar', 12, 36, NULL, NULL, 'utf8', 'utf8_general_ci', 'varchar(12)', '', '', 'select', ''),
(NULL, 'information_schema', 'PARTITIONS', 'TABLESPACE_NAME', 25, NULL, 'YES', 'varchar', 64, 192, NULL, NULL, 'utf8', 'utf8_general_ci', 'varchar(64)', '', '', 'select', ''),
(NULL, 'information_schema', 'PLUGINS', 'PLUGIN_NAME', 1, '', 'NO', 'varchar', 64, 192, NULL, NULL, 'utf8', 'utf8_general_ci', 'varchar(64)', '', '', 'select', ''),
(NULL, 'information_schema', 'PLUGINS', 'PLUGIN_VERSION', 2, '', 'NO', 'varchar', 20, 60, NULL, NULL, 'utf8', 'utf8_general_ci', 'varchar(20)', '', '', 'select', ''),
(NULL, 'information_schema', 'PLUGINS', 'PLUGIN_STATUS', 3, '', 'NO', 'varchar', 10, 30, NULL, NULL, 'utf8', 'utf8_general_ci', 'varchar(10)', '', '', 'select', ''),
(NULL, 'information_schema', 'PLUGINS', 'PLUGIN_TYPE', 4, '', 'NO', 'varchar', 80, 240, NULL, NULL, 'utf8', 'utf8_general_ci', 'varchar(80)', '', '', 'select', ''),
(NULL, 'information_schema', 'PLUGINS', 'PLUGIN_TYPE_VERSION', 5, '', 'NO', 'varchar', 20, 60, NULL, NULL, 'utf8', 'utf8_general_ci', 'varchar(20)', '', '', 'select', ''),
(NULL, 'information_schema', 'PLUGINS', 'PLUGIN_LIBRARY', 6, NULL, 'YES', 'varchar', 64, 192, NULL, NULL, 'utf8', 'utf8_general_ci', 'varchar(64)', '', '', 'select', ''),
(NULL, 'information_schema', 'PLUGINS', 'PLUGIN_LIBRARY_VERSION', 7, NULL, 'YES', 'varchar', 20, 60, NULL, NULL, 'utf8', 'utf8_general_ci', 'varchar(20)', '', '', 'select', ''),
(NULL, 'information_schema', 'PLUGINS', 'PLUGIN_AUTHOR', 8, NULL, 'YES', 'varchar', 64, 192, NULL, NULL, 'utf8', 'utf8_general_ci', 'varchar(64)', '', '', 'select', ''),
(NULL, 'information_schema', 'PLUGINS', 'PLUGIN_DESCRIPTION', 9, NULL, 'YES', 'longtext', 4294967295, 4294967295, NULL, NULL, 'utf8', 'utf8_general_ci', 'longtext', '', '', 'select', ''),
(NULL, 'information_schema', 'PLUGINS', 'PLUGIN_LICENSE', 10, NULL, 'YES', 'varchar', 80, 240, NULL, NULL, 'utf8', 'utf8_general_ci', 'varchar(80)', '', '', 'select', ''),
(NULL, 'information_schema', 'PROCESSLIST', 'ID', 1, '0', 'NO', 'bigint', NULL, NULL, 19, 0, NULL, NULL, 'bigint(4)', '', '', 'select', ''),
(NULL, 'information_schema', 'PROCESSLIST', 'USER', 2, '', 'NO', 'varchar', 16, 48, NULL, NULL, 'utf8', 'utf8_general_ci', 'varchar(16)', '', '', 'select', ''),
(NULL, 'information_schema', 'PROCESSLIST', 'HOST', 3, '', 'NO', 'varchar', 64, 192, NULL, NULL, 'utf8', 'utf8_general_ci', 'varchar(64)', '', '', 'select', ''),
(NULL, 'information_schema', 'PROCESSLIST', 'DB', 4, NULL, 'YES', 'varchar', 64, 192, NULL, NULL, 'utf8', 'utf8_general_ci', 'varchar(64)', '', '', 'select', ''),
(NULL, 'information_schema', 'PROCESSLIST', 'COMMAND', 5, '', 'NO', 'varchar', 16, 48, NULL, NULL, 'utf8', 'utf8_general_ci', 'varchar(16)', '', '', 'select', ''),
(NULL, 'information_schema', 'PROCESSLIST', 'TIME', 6, '0', 'NO', 'int', NULL, NULL, 10, 0, NULL, NULL, 'int(7)', '', '', 'select', ''),
(NULL, 'information_schema', 'PROCESSLIST', 'STATE', 7, NULL, 'YES', 'varchar', 64, 192, NULL, NULL, 'utf8', 'utf8_general_ci', 'varchar(64)', '', '', 'select', ''),
(NULL, 'information_schema', 'PROCESSLIST', 'INFO', 8, NULL, 'YES', 'longtext', 4294967295, 4294967295, NULL, NULL, 'utf8', 'utf8_general_ci', 'longtext', '', '', 'select', ''),
(NULL, 'information_schema', 'PROFILING', 'QUERY_ID', 1, '0', 'NO', 'int', NULL, NULL, 10, 0, NULL, NULL, 'int(20)', '', '', 'select', ''),
(NULL, 'information_schema', 'PROFILING', 'SEQ', 2, '0', 'NO', 'int', NULL, NULL, 10, 0, NULL, NULL, 'int(20)', '', '', 'select', ''),
(NULL, 'information_schema', 'PROFILING', 'STATE', 3, '', 'NO', 'varchar', 30, 90, NULL, NULL, 'utf8', 'utf8_general_ci', 'varchar(30)', '', '', 'select', ''),
(NULL, 'information_schema', 'PROFILING', 'DURATION', 4, '0.000000', 'NO', 'decimal', NULL, NULL, 9, 6, NULL, NULL, 'decimal(9,6)', '', '', 'select', ''),
(NULL, 'information_schema', 'PROFILING', 'CPU_USER', 5, NULL, 'YES', 'decimal', NULL, NULL, 9, 6, NULL, NULL, 'decimal(9,6)', '', '', 'select', ''),
(NULL, 'information_schema', 'PROFILING', 'CPU_SYSTEM', 6, NULL, 'YES', 'decimal', NULL, NULL, 9, 6, NULL, NULL, 'decimal(9,6)', '', '', 'select', ''),
(NULL, 'information_schema', 'PROFILING', 'CONTEXT_VOLUNTARY', 7, NULL, 'YES', 'int', NULL, NULL, 10, 0, NULL, NULL, 'int(20)', '', '', 'select', ''),
(NULL, 'information_schema', 'PROFILING', 'CONTEXT_INVOLUNTARY', 8, NULL, 'YES', 'int', NULL, NULL, 10, 0, NULL, NULL, 'int(20)', '', '', 'select', ''),
(NULL, 'information_schema', 'PROFILING', 'BLOCK_OPS_IN', 9, NULL, 'YES', 'int', NULL, NULL, 10, 0, NULL, NULL, 'int(20)', '', '', 'select', ''),
(NULL, 'information_schema', 'PROFILING', 'BLOCK_OPS_OUT', 10, NULL, 'YES', 'int', NULL, NULL, 10, 0, NULL, NULL, 'int(20)', '', '', 'select', ''),
(NULL, 'information_schema', 'PROFILING', 'MESSAGES_SENT', 11, NULL, 'YES', 'int', NULL, NULL, 10, 0, NULL, NULL, 'int(20)', '', '', 'select', ''),
(NULL, 'information_schema', 'PROFILING', 'MESSAGES_RECEIVED', 12, NULL, 'YES', 'int', NULL, NULL, 10, 0, NULL, NULL, 'int(20)', '', '', 'select', ''),
(NULL, 'information_schema', 'PROFILING', 'PAGE_FAULTS_MAJOR', 13, NULL, 'YES', 'int', NULL, NULL, 10, 0, NULL, NULL, 'int(20)', '', '', 'select', ''),
(NULL, 'information_schema', 'PROFILING', 'PAGE_FAULTS_MINOR', 14, NULL, 'YES', 'int', NULL, NULL, 10, 0, NULL, NULL, 'int(20)', '', '', 'select', ''),
(NULL, 'information_schema', 'PROFILING', 'SWAPS', 15, NULL, 'YES', 'int', NULL, NULL, 10, 0, NULL, NULL, 'int(20)', '', '', 'select', ''),
(NULL, 'information_schema', 'PROFILING', 'SOURCE_FUNCTION', 16, NULL, 'YES', 'varchar', 30, 90, NULL, NULL, 'utf8', 'utf8_general_ci', 'varchar(30)', '', '', 'select', ''),
(NULL, 'information_schema', 'PROFILING', 'SOURCE_FILE', 17, NULL, 'YES', 'varchar', 20, 60, NULL, NULL, 'utf8', 'utf8_general_ci', 'varchar(20)', '', '', 'select', ''),
(NULL, 'information_schema', 'PROFILING', 'SOURCE_LINE', 18, NULL, 'YES', 'int', NULL, NULL, 10, 0, NULL, NULL, 'int(20)', '', '', 'select', ''),
(NULL, 'information_schema', 'REFERENTIAL_CONSTRAINTS', 'CONSTRAINT_CATALOG', 1, NULL, 'YES', 'varchar', 512, 1536, NULL, NULL, 'utf8', 'utf8_general_ci', 'varchar(512)', '', '', 'select', ''),
(NULL, 'information_schema', 'REFERENTIAL_CONSTRAINTS', 'CONSTRAINT_SCHEMA', 2, '', 'NO', 'varchar', 64, 192, NULL, NULL, 'utf8', 'utf8_general_ci', 'varchar(64)', '', '', 'select', ''),
(NULL, 'information_schema', 'REFERENTIAL_CONSTRAINTS', 'CONSTRAINT_NAME', 3, '', 'NO', 'varchar', 64, 192, NULL, NULL, 'utf8', 'utf8_general_ci', 'varchar(64)', '', '', 'select', ''),
(NULL, 'information_schema', 'REFERENTIAL_CONSTRAINTS', 'UNIQUE_CONSTRAINT_CATALOG', 4, NULL, 'YES', 'varchar', 512, 1536, NULL, NULL, 'utf8', 'utf8_general_ci', 'varchar(512)', '', '', 'select', ''),
(NULL, 'information_schema', 'REFERENTIAL_CONSTRAINTS', 'UNIQUE_CONSTRAINT_SCHEMA', 5, '', 'NO', 'varchar', 64, 192, NULL, NULL, 'utf8', 'utf8_general_ci', 'varchar(64)', '', '', 'select', ''),
(NULL, 'information_schema', 'REFERENTIAL_CONSTRAINTS', 'UNIQUE_CONSTRAINT_NAME', 6, NULL, 'YES', 'varchar', 64, 192, NULL, NULL, 'utf8', 'utf8_general_ci', 'varchar(64)', '', '', 'select', ''),
(NULL, 'information_schema', 'REFERENTIAL_CONSTRAINTS', 'MATCH_OPTION', 7, '', 'NO', 'varchar', 64, 192, NULL, NULL, 'utf8', 'utf8_general_ci', 'varchar(64)', '', '', 'select', ''),
(NULL, 'information_schema', 'REFERENTIAL_CONSTRAINTS', 'UPDATE_RULE', 8, '', 'NO', 'varchar', 64, 192, NULL, NULL, 'utf8', 'utf8_general_ci', 'varchar(64)', '', '', 'select', ''),
(NULL, 'information_schema', 'REFERENTIAL_CONSTRAINTS', 'DELETE_RULE', 9, '', 'NO', 'varchar', 64, 192, NULL, NULL, 'utf8', 'utf8_general_ci', 'varchar(64)', '', '', 'select', ''),
(NULL, 'information_schema', 'REFERENTIAL_CONSTRAINTS', 'TABLE_NAME', 10, '', 'NO', 'varchar', 64, 192, NULL, NULL, 'utf8', 'utf8_general_ci', 'varchar(64)', '', '', 'select', ''),
(NULL, 'information_schema', 'REFERENTIAL_CONSTRAINTS', 'REFERENCED_TABLE_NAME', 11, '', 'NO', 'varchar', 64, 192, NULL, NULL, 'utf8', 'utf8_general_ci', 'varchar(64)', '', '', 'select', ''),
(NULL, 'information_schema', 'ROUTINES', 'SPECIFIC_NAME', 1, '', 'NO', 'varchar', 64, 192, NULL, NULL, 'utf8', 'utf8_general_ci', 'varchar(64)', '', '', 'select', ''),
(NULL, 'information_schema', 'ROUTINES', 'ROUTINE_CATALOG', 2, NULL, 'YES', 'varchar', 512, 1536, NULL, NULL, 'utf8', 'utf8_general_ci', 'varchar(512)', '', '', 'select', ''),
(NULL, 'information_schema', 'ROUTINES', 'ROUTINE_SCHEMA', 3, '', 'NO', 'varchar', 64, 192, NULL, NULL, 'utf8', 'utf8_general_ci', 'varchar(64)', '', '', 'select', ''),
(NULL, 'information_schema', 'ROUTINES', 'ROUTINE_NAME', 4, '', 'NO', 'varchar', 64, 192, NULL, NULL, 'utf8', 'utf8_general_ci', 'varchar(64)', '', '', 'select', ''),
(NULL, 'information_schema', 'ROUTINES', 'ROUTINE_TYPE', 5, '', 'NO', 'varchar', 9, 27, NULL, NULL, 'utf8', 'utf8_general_ci', 'varchar(9)', '', '', 'select', ''),
(NULL, 'information_schema', 'ROUTINES', 'DTD_IDENTIFIER', 6, NULL, 'YES', 'varchar', 64, 192, NULL, NULL, 'utf8', 'utf8_general_ci', 'varchar(64)', '', '', 'select', ''),
(NULL, 'information_schema', 'ROUTINES', 'ROUTINE_BODY', 7, '', 'NO', 'varchar', 8, 24, NULL, NULL, 'utf8', 'utf8_general_ci', 'varchar(8)', '', '', 'select', ''),
(NULL, 'information_schema', 'ROUTINES', 'ROUTINE_DEFINITION', 8, NULL, 'YES', 'longtext', 4294967295, 4294967295, NULL, NULL, 'utf8', 'utf8_general_ci', 'longtext', '', '', 'select', ''),
(NULL, 'information_schema', 'ROUTINES', 'EXTERNAL_NAME', 9, NULL, 'YES', 'varchar', 64, 192, NULL, NULL, 'utf8', 'utf8_general_ci', 'varchar(64)', '', '', 'select', ''),
(NULL, 'information_schema', 'ROUTINES', 'EXTERNAL_LANGUAGE', 10, NULL, 'YES', 'varchar', 64, 192, NULL, NULL, 'utf8', 'utf8_general_ci', 'varchar(64)', '', '', 'select', ''),
(NULL, 'information_schema', 'ROUTINES', 'PARAMETER_STYLE', 11, '', 'NO', 'varchar', 8, 24, NULL, NULL, 'utf8', 'utf8_general_ci', 'varchar(8)', '', '', 'select', ''),
(NULL, 'information_schema', 'ROUTINES', 'IS_DETERMINISTIC', 12, '', 'NO', 'varchar', 3, 9, NULL, NULL, 'utf8', 'utf8_general_ci', 'varchar(3)', '', '', 'select', ''),
(NULL, 'information_schema', 'ROUTINES', 'SQL_DATA_ACCESS', 13, '', 'NO', 'varchar', 64, 192, NULL, NULL, 'utf8', 'utf8_general_ci', 'varchar(64)', '', '', 'select', ''),
(NULL, 'information_schema', 'ROUTINES', 'SQL_PATH', 14, NULL, 'YES', 'varchar', 64, 192, NULL, NULL, 'utf8', 'utf8_general_ci', 'varchar(64)', '', '', 'select', ''),
(NULL, 'information_schema', 'ROUTINES', 'SECURITY_TYPE', 15, '', 'NO', 'varchar', 7, 21, NULL, NULL, 'utf8', 'utf8_general_ci', 'varchar(7)', '', '', 'select', ''),
(NULL, 'information_schema', 'ROUTINES', 'CREATED', 16, '0000-00-00 00:00:00', 'NO', 'datetime', NULL, NULL, NULL, NULL, NULL, NULL, 'datetime', '', '', 'select', ''),
(NULL, 'information_schema', 'ROUTINES', 'LAST_ALTERED', 17, '0000-00-00 00:00:00', 'NO', 'datetime', NULL, NULL, NULL, NULL, NULL, NULL, 'datetime', '', '', 'select', ''),
(NULL, 'information_schema', 'ROUTINES', 'SQL_MODE', 18, '', 'NO', 'varchar', 8192, 24576, NULL, NULL, 'utf8', 'utf8_general_ci', 'varchar(8192)', '', '', 'select', ''),
(NULL, 'information_schema', 'ROUTINES', 'ROUTINE_COMMENT', 19, '', 'NO', 'varchar', 64, 192, NULL, NULL, 'utf8', 'utf8_general_ci', 'varchar(64)', '', '', 'select', ''),
(NULL, 'information_schema', 'ROUTINES', 'DEFINER', 20, '', 'NO', 'varchar', 77, 231, NULL, NULL, 'utf8', 'utf8_general_ci', 'varchar(77)', '', '', 'select', ''),
(NULL, 'information_schema', 'ROUTINES', 'CHARACTER_SET_CLIENT', 21, '', 'NO', 'varchar', 32, 96, NULL, NULL, 'utf8', 'utf8_general_ci', 'varchar(32)', '', '', 'select', ''),
(NULL, 'information_schema', 'ROUTINES', 'COLLATION_CONNECTION', 22, '', 'NO', 'varchar', 32, 96, NULL, NULL, 'utf8', 'utf8_general_ci', 'varchar(32)', '', '', 'select', ''),
(NULL, 'information_schema', 'ROUTINES', 'DATABASE_COLLATION', 23, '', 'NO', 'varchar', 32, 96, NULL, NULL, 'utf8', 'utf8_general_ci', 'varchar(32)', '', '', 'select', ''),
(NULL, 'information_schema', 'SCHEMATA', 'CATALOG_NAME', 1, NULL, 'YES', 'varchar', 512, 1536, NULL, NULL, 'utf8', 'utf8_general_ci', 'varchar(512)', '', '', 'select', ''),
(NULL, 'information_schema', 'SCHEMATA', 'SCHEMA_NAME', 2, '', 'NO', 'varchar', 64, 192, NULL, NULL, 'utf8', 'utf8_general_ci', 'varchar(64)', '', '', 'select', ''),
(NULL, 'information_schema', 'SCHEMATA', 'DEFAULT_CHARACTER_SET_NAME', 3, '', 'NO', 'varchar', 32, 96, NULL, NULL, 'utf8', 'utf8_general_ci', 'varchar(32)', '', '', 'select', ''),
(NULL, 'information_schema', 'SCHEMATA', 'DEFAULT_COLLATION_NAME', 4, '', 'NO', 'varchar', 32, 96, NULL, NULL, 'utf8', 'utf8_general_ci', 'varchar(32)', '', '', 'select', ''),
(NULL, 'information_schema', 'SCHEMATA', 'SQL_PATH', 5, NULL, 'YES', 'varchar', 512, 1536, NULL, NULL, 'utf8', 'utf8_general_ci', 'varchar(512)', '', '', 'select', ''),
(NULL, 'information_schema', 'SCHEMA_PRIVILEGES', 'GRANTEE', 1, '', 'NO', 'varchar', 81, 243, NULL, NULL, 'utf8', 'utf8_general_ci', 'varchar(81)', '', '', 'select', ''),
(NULL, 'information_schema', 'SCHEMA_PRIVILEGES', 'TABLE_CATALOG', 2, NULL, 'YES', 'varchar', 512, 1536, NULL, NULL, 'utf8', 'utf8_general_ci', 'varchar(512)', '', '', 'select', ''),
(NULL, 'information_schema', 'SCHEMA_PRIVILEGES', 'TABLE_SCHEMA', 3, '', 'NO', 'varchar', 64, 192, NULL, NULL, 'utf8', 'utf8_general_ci', 'varchar(64)', '', '', 'select', ''),
(NULL, 'information_schema', 'SCHEMA_PRIVILEGES', 'PRIVILEGE_TYPE', 4, '', 'NO', 'varchar', 64, 192, NULL, NULL, 'utf8', 'utf8_general_ci', 'varchar(64)', '', '', 'select', ''),
(NULL, 'information_schema', 'SCHEMA_PRIVILEGES', 'IS_GRANTABLE', 5, '', 'NO', 'varchar', 3, 9, NULL, NULL, 'utf8', 'utf8_general_ci', 'varchar(3)', '', '', 'select', ''),
(NULL, 'information_schema', 'SESSION_STATUS', 'VARIABLE_NAME', 1, '', 'NO', 'varchar', 64, 192, NULL, NULL, 'utf8', 'utf8_general_ci', 'varchar(64)', '', '', 'select', ''),
(NULL, 'information_schema', 'SESSION_STATUS', 'VARIABLE_VALUE', 2, NULL, 'YES', 'varchar', 1024, 3072, NULL, NULL, 'utf8', 'utf8_general_ci', 'varchar(1024)', '', '', 'select', ''),
(NULL, 'information_schema', 'SESSION_VARIABLES', 'VARIABLE_NAME', 1, '', 'NO', 'varchar', 64, 192, NULL, NULL, 'utf8', 'utf8_general_ci', 'varchar(64)', '', '', 'select', ''),
(NULL, 'information_schema', 'SESSION_VARIABLES', 'VARIABLE_VALUE', 2, NULL, 'YES', 'varchar', 1024, 3072, NULL, NULL, 'utf8', 'utf8_general_ci', 'varchar(1024)', '', '', 'select', ''),
(NULL, 'information_schema', 'STATISTICS', 'TABLE_CATALOG', 1, NULL, 'YES', 'varchar', 512, 1536, NULL, NULL, 'utf8', 'utf8_general_ci', 'varchar(512)', '', '', 'select', ''),
(NULL, 'information_schema', 'STATISTICS', 'TABLE_SCHEMA', 2, '', 'NO', 'varchar', 64, 192, NULL, NULL, 'utf8', 'utf8_general_ci', 'varchar(64)', '', '', 'select', ''),
(NULL, 'information_schema', 'STATISTICS', 'TABLE_NAME', 3, '', 'NO', 'varchar', 64, 192, NULL, NULL, 'utf8', 'utf8_general_ci', 'varchar(64)', '', '', 'select', ''),
(NULL, 'information_schema', 'STATISTICS', 'NON_UNIQUE', 4, '0', 'NO', 'bigint', NULL, NULL, 19, 0, NULL, NULL, 'bigint(1)', '', '', 'select', ''),
(NULL, 'information_schema', 'STATISTICS', 'INDEX_SCHEMA', 5, '', 'NO', 'varchar', 64, 192, NULL, NULL, 'utf8', 'utf8_general_ci', 'varchar(64)', '', '', 'select', ''),
(NULL, 'information_schema', 'STATISTICS', 'INDEX_NAME', 6, '', 'NO', 'varchar', 64, 192, NULL, NULL, 'utf8', 'utf8_general_ci', 'varchar(64)', '', '', 'select', ''),
(NULL, 'information_schema', 'STATISTICS', 'SEQ_IN_INDEX', 7, '0', 'NO', 'bigint', NULL, NULL, 19, 0, NULL, NULL, 'bigint(2)', '', '', 'select', ''),
(NULL, 'information_schema', 'STATISTICS', 'COLUMN_NAME', 8, '', 'NO', 'varchar', 64, 192, NULL, NULL, 'utf8', 'utf8_general_ci', 'varchar(64)', '', '', 'select', ''),
(NULL, 'information_schema', 'STATISTICS', 'COLLATION', 9, NULL, 'YES', 'varchar', 1, 3, NULL, NULL, 'utf8', 'utf8_general_ci', 'varchar(1)', '', '', 'select', ''),
(NULL, 'information_schema', 'STATISTICS', 'CARDINALITY', 10, NULL, 'YES', 'bigint', NULL, NULL, 19, 0, NULL, NULL, 'bigint(21)', '', '', 'select', ''),
(NULL, 'information_schema', 'STATISTICS', 'SUB_PART', 11, NULL, 'YES', 'bigint', NULL, NULL, 19, 0, NULL, NULL, 'bigint(3)', '', '', 'select', ''),
(NULL, 'information_schema', 'STATISTICS', 'PACKED', 12, NULL, 'YES', 'varchar', 10, 30, NULL, NULL, 'utf8', 'utf8_general_ci', 'varchar(10)', '', '', 'select', ''),
(NULL, 'information_schema', 'STATISTICS', 'NULLABLE', 13, '', 'NO', 'varchar', 3, 9, NULL, NULL, 'utf8', 'utf8_general_ci', 'varchar(3)', '', '', 'select', ''),
(NULL, 'information_schema', 'STATISTICS', 'INDEX_TYPE', 14, '', 'NO', 'varchar', 16, 48, NULL, NULL, 'utf8', 'utf8_general_ci', 'varchar(16)', '', '', 'select', ''),
(NULL, 'information_schema', 'STATISTICS', 'COMMENT', 15, NULL, 'YES', 'varchar', 16, 48, NULL, NULL, 'utf8', 'utf8_general_ci', 'varchar(16)', '', '', 'select', ''),
(NULL, 'information_schema', 'TABLES', 'TABLE_CATALOG', 1, NULL, 'YES', 'varchar', 512, 1536, NULL, NULL, 'utf8', 'utf8_general_ci', 'varchar(512)', '', '', 'select', ''),
(NULL, 'information_schema', 'TABLES', 'TABLE_SCHEMA', 2, '', 'NO', 'varchar', 64, 192, NULL, NULL, 'utf8', 'utf8_general_ci', 'varchar(64)', '', '', 'select', ''),
(NULL, 'information_schema', 'TABLES', 'TABLE_NAME', 3, '', 'NO', 'varchar', 64, 192, NULL, NULL, 'utf8', 'utf8_general_ci', 'varchar(64)', '', '', 'select', ''),
(NULL, 'information_schema', 'TABLES', 'TABLE_TYPE', 4, '', 'NO', 'varchar', 64, 192, NULL, NULL, 'utf8', 'utf8_general_ci', 'varchar(64)', '', '', 'select', ''),
(NULL, 'information_schema', 'TABLES', 'ENGINE', 5, NULL, 'YES', 'varchar', 64, 192, NULL, NULL, 'utf8', 'utf8_general_ci', 'varchar(64)', '', '', 'select', ''),
(NULL, 'information_schema', 'TABLES', 'VERSION', 6, NULL, 'YES', 'bigint', NULL, NULL, 20, 0, NULL, NULL, 'bigint(21) unsigned', '', '', 'select', ''),
(NULL, 'information_schema', 'TABLES', 'ROW_FORMAT', 7, NULL, 'YES', 'varchar', 10, 30, NULL, NULL, 'utf8', 'utf8_general_ci', 'varchar(10)', '', '', 'select', ''),
(NULL, 'information_schema', 'TABLES', 'TABLE_ROWS', 8, NULL, 'YES', 'bigint', NULL, NULL, 20, 0, NULL, NULL, 'bigint(21) unsigned', '', '', 'select', ''),
(NULL, 'information_schema', 'TABLES', 'AVG_ROW_LENGTH', 9, NULL, 'YES', 'bigint', NULL, NULL, 20, 0, NULL, NULL, 'bigint(21) unsigned', '', '', 'select', ''),
(NULL, 'information_schema', 'TABLES', 'DATA_LENGTH', 10, NULL, 'YES', 'bigint', NULL, NULL, 20, 0, NULL, NULL, 'bigint(21) unsigned', '', '', 'select', ''),
(NULL, 'information_schema', 'TABLES', 'MAX_DATA_LENGTH', 11, NULL, 'YES', 'bigint', NULL, NULL, 20, 0, NULL, NULL, 'bigint(21) unsigned', '', '', 'select', ''),
(NULL, 'information_schema', 'TABLES', 'INDEX_LENGTH', 12, NULL, 'YES', 'bigint', NULL, NULL, 20, 0, NULL, NULL, 'bigint(21) unsigned', '', '', 'select', ''),
(NULL, 'information_schema', 'TABLES', 'DATA_FREE', 13, NULL, 'YES', 'bigint', NULL, NULL, 20, 0, NULL, NULL, 'bigint(21) unsigned', '', '', 'select', ''),
(NULL, 'information_schema', 'TABLES', 'AUTO_INCREMENT', 14, NULL, 'YES', 'bigint', NULL, NULL, 20, 0, NULL, NULL, 'bigint(21) unsigned', '', '', 'select', ''),
(NULL, 'information_schema', 'TABLES', 'CREATE_TIME', 15, NULL, 'YES', 'datetime', NULL, NULL, NULL, NULL, NULL, NULL, 'datetime', '', '', 'select', ''),
(NULL, 'information_schema', 'TABLES', 'UPDATE_TIME', 16, NULL, 'YES', 'datetime', NULL, NULL, NULL, NULL, NULL, NULL, 'datetime', '', '', 'select', ''),
(NULL, 'information_schema', 'TABLES', 'CHECK_TIME', 17, NULL, 'YES', 'datetime', NULL, NULL, NULL, NULL, NULL, NULL, 'datetime', '', '', 'select', ''),
(NULL, 'information_schema', 'TABLES', 'TABLE_COLLATION', 18, NULL, 'YES', 'varchar', 32, 96, NULL, NULL, 'utf8', 'utf8_general_ci', 'varchar(32)', '', '', 'select', ''),
(NULL, 'information_schema', 'TABLES', 'CHECKSUM', 19, NULL, 'YES', 'bigint', NULL, NULL, 20, 0, NULL, NULL, 'bigint(21) unsigned', '', '', 'select', ''),
(NULL, 'information_schema', 'TABLES', 'CREATE_OPTIONS', 20, NULL, 'YES', 'varchar', 255, 765, NULL, NULL, 'utf8', 'utf8_general_ci', 'varchar(255)', '', '', 'select', ''),
(NULL, 'information_schema', 'TABLES', 'TABLE_COMMENT', 21, '', 'NO', 'varchar', 80, 240, NULL, NULL, 'utf8', 'utf8_general_ci', 'varchar(80)', '', '', 'select', ''),
(NULL, 'information_schema', 'TABLE_CONSTRAINTS', 'CONSTRAINT_CATALOG', 1, NULL, 'YES', 'varchar', 512, 1536, NULL, NULL, 'utf8', 'utf8_general_ci', 'varchar(512)', '', '', 'select', ''),
(NULL, 'information_schema', 'TABLE_CONSTRAINTS', 'CONSTRAINT_SCHEMA', 2, '', 'NO', 'varchar', 64, 192, NULL, NULL, 'utf8', 'utf8_general_ci', 'varchar(64)', '', '', 'select', ''),
(NULL, 'information_schema', 'TABLE_CONSTRAINTS', 'CONSTRAINT_NAME', 3, '', 'NO', 'varchar', 64, 192, NULL, NULL, 'utf8', 'utf8_general_ci', 'varchar(64)', '', '', 'select', ''),
(NULL, 'information_schema', 'TABLE_CONSTRAINTS', 'TABLE_SCHEMA', 4, '', 'NO', 'varchar', 64, 192, NULL, NULL, 'utf8', 'utf8_general_ci', 'varchar(64)', '', '', 'select', ''),
(NULL, 'information_schema', 'TABLE_CONSTRAINTS', 'TABLE_NAME', 5, '', 'NO', 'varchar', 64, 192, NULL, NULL, 'utf8', 'utf8_general_ci', 'varchar(64)', '', '', 'select', ''),
(NULL, 'information_schema', 'TABLE_CONSTRAINTS', 'CONSTRAINT_TYPE', 6, '', 'NO', 'varchar', 64, 192, NULL, NULL, 'utf8', 'utf8_general_ci', 'varchar(64)', '', '', 'select', ''),
(NULL, 'information_schema', 'TABLE_PRIVILEGES', 'GRANTEE', 1, '', 'NO', 'varchar', 81, 243, NULL, NULL, 'utf8', 'utf8_general_ci', 'varchar(81)', '', '', 'select', ''),
(NULL, 'information_schema', 'TABLE_PRIVILEGES', 'TABLE_CATALOG', 2, NULL, 'YES', 'varchar', 512, 1536, NULL, NULL, 'utf8', 'utf8_general_ci', 'varchar(512)', '', '', 'select', ''),
(NULL, 'information_schema', 'TABLE_PRIVILEGES', 'TABLE_SCHEMA', 3, '', 'NO', 'varchar', 64, 192, NULL, NULL, 'utf8', 'utf8_general_ci', 'varchar(64)', '', '', 'select', ''),
(NULL, 'information_schema', 'TABLE_PRIVILEGES', 'TABLE_NAME', 4, '', 'NO', 'varchar', 64, 192, NULL, NULL, 'utf8', 'utf8_general_ci', 'varchar(64)', '', '', 'select', ''),
(NULL, 'information_schema', 'TABLE_PRIVILEGES', 'PRIVILEGE_TYPE', 5, '', 'NO', 'varchar', 64, 192, NULL, NULL, 'utf8', 'utf8_general_ci', 'varchar(64)', '', '', 'select', ''),
(NULL, 'information_schema', 'TABLE_PRIVILEGES', 'IS_GRANTABLE', 6, '', 'NO', 'varchar', 3, 9, NULL, NULL, 'utf8', 'utf8_general_ci', 'varchar(3)', '', '', 'select', ''),
(NULL, 'information_schema', 'TRIGGERS', 'TRIGGER_CATALOG', 1, NULL, 'YES', 'varchar', 512, 1536, NULL, NULL, 'utf8', 'utf8_general_ci', 'varchar(512)', '', '', 'select', ''),
(NULL, 'information_schema', 'TRIGGERS', 'TRIGGER_SCHEMA', 2, '', 'NO', 'varchar', 64, 192, NULL, NULL, 'utf8', 'utf8_general_ci', 'varchar(64)', '', '', 'select', ''),
(NULL, 'information_schema', 'TRIGGERS', 'TRIGGER_NAME', 3, '', 'NO', 'varchar', 64, 192, NULL, NULL, 'utf8', 'utf8_general_ci', 'varchar(64)', '', '', 'select', ''),
(NULL, 'information_schema', 'TRIGGERS', 'EVENT_MANIPULATION', 4, '', 'NO', 'varchar', 6, 18, NULL, NULL, 'utf8', 'utf8_general_ci', 'varchar(6)', '', '', 'select', ''),
(NULL, 'information_schema', 'TRIGGERS', 'EVENT_OBJECT_CATALOG', 5, NULL, 'YES', 'varchar', 512, 1536, NULL, NULL, 'utf8', 'utf8_general_ci', 'varchar(512)', '', '', 'select', ''),
(NULL, 'information_schema', 'TRIGGERS', 'EVENT_OBJECT_SCHEMA', 6, '', 'NO', 'varchar', 64, 192, NULL, NULL, 'utf8', 'utf8_general_ci', 'varchar(64)', '', '', 'select', ''),
(NULL, 'information_schema', 'TRIGGERS', 'EVENT_OBJECT_TABLE', 7, '', 'NO', 'varchar', 64, 192, NULL, NULL, 'utf8', 'utf8_general_ci', 'varchar(64)', '', '', 'select', ''),
(NULL, 'information_schema', 'TRIGGERS', 'ACTION_ORDER', 8, '0', 'NO', 'bigint', NULL, NULL, 19, 0, NULL, NULL, 'bigint(4)', '', '', 'select', ''),
(NULL, 'information_schema', 'TRIGGERS', 'ACTION_CONDITION', 9, NULL, 'YES', 'longtext', 4294967295, 4294967295, NULL, NULL, 'utf8', 'utf8_general_ci', 'longtext', '', '', 'select', ''),
(NULL, 'information_schema', 'TRIGGERS', 'ACTION_STATEMENT', 10, NULL, 'NO', 'longtext', 4294967295, 4294967295, NULL, NULL, 'utf8', 'utf8_general_ci', 'longtext', '', '', 'select', ''),
(NULL, 'information_schema', 'TRIGGERS', 'ACTION_ORIENTATION', 11, '', 'NO', 'varchar', 9, 27, NULL, NULL, 'utf8', 'utf8_general_ci', 'varchar(9)', '', '', 'select', ''),
(NULL, 'information_schema', 'TRIGGERS', 'ACTION_TIMING', 12, '', 'NO', 'varchar', 6, 18, NULL, NULL, 'utf8', 'utf8_general_ci', 'varchar(6)', '', '', 'select', ''),
(NULL, 'information_schema', 'TRIGGERS', 'ACTION_REFERENCE_OLD_TABLE', 13, NULL, 'YES', 'varchar', 64, 192, NULL, NULL, 'utf8', 'utf8_general_ci', 'varchar(64)', '', '', 'select', ''),
(NULL, 'information_schema', 'TRIGGERS', 'ACTION_REFERENCE_NEW_TABLE', 14, NULL, 'YES', 'varchar', 64, 192, NULL, NULL, 'utf8', 'utf8_general_ci', 'varchar(64)', '', '', 'select', ''),
(NULL, 'information_schema', 'TRIGGERS', 'ACTION_REFERENCE_OLD_ROW', 15, '', 'NO', 'varchar', 3, 9, NULL, NULL, 'utf8', 'utf8_general_ci', 'varchar(3)', '', '', 'select', ''),
(NULL, 'information_schema', 'TRIGGERS', 'ACTION_REFERENCE_NEW_ROW', 16, '', 'NO', 'varchar', 3, 9, NULL, NULL, 'utf8', 'utf8_general_ci', 'varchar(3)', '', '', 'select', ''),
(NULL, 'information_schema', 'TRIGGERS', 'CREATED', 17, NULL, 'YES', 'datetime', NULL, NULL, NULL, NULL, NULL, NULL, 'datetime', '', '', 'select', ''),
(NULL, 'information_schema', 'TRIGGERS', 'SQL_MODE', 18, '', 'NO', 'varchar', 8192, 24576, NULL, NULL, 'utf8', 'utf8_general_ci', 'varchar(8192)', '', '', 'select', ''),
(NULL, 'information_schema', 'TRIGGERS', 'DEFINER', 19, '', 'NO', 'varchar', 77, 231, NULL, NULL, 'utf8', 'utf8_general_ci', 'varchar(77)', '', '', 'select', ''),
(NULL, 'information_schema', 'TRIGGERS', 'CHARACTER_SET_CLIENT', 20, '', 'NO', 'varchar', 32, 96, NULL, NULL, 'utf8', 'utf8_general_ci', 'varchar(32)', '', '', 'select', ''),
(NULL, 'information_schema', 'TRIGGERS', 'COLLATION_CONNECTION', 21, '', 'NO', 'varchar', 32, 96, NULL, NULL, 'utf8', 'utf8_general_ci', 'varchar(32)', '', '', 'select', '');
INSERT INTO `COLUMNS` (`TABLE_CATALOG`, `TABLE_SCHEMA`, `TABLE_NAME`, `COLUMN_NAME`, `ORDINAL_POSITION`, `COLUMN_DEFAULT`, `IS_NULLABLE`, `DATA_TYPE`, `CHARACTER_MAXIMUM_LENGTH`, `CHARACTER_OCTET_LENGTH`, `NUMERIC_PRECISION`, `NUMERIC_SCALE`, `CHARACTER_SET_NAME`, `COLLATION_NAME`, `COLUMN_TYPE`, `COLUMN_KEY`, `EXTRA`, `PRIVILEGES`, `COLUMN_COMMENT`) VALUES
(NULL, 'information_schema', 'TRIGGERS', 'DATABASE_COLLATION', 22, '', 'NO', 'varchar', 32, 96, NULL, NULL, 'utf8', 'utf8_general_ci', 'varchar(32)', '', '', 'select', ''),
(NULL, 'information_schema', 'USER_PRIVILEGES', 'GRANTEE', 1, '', 'NO', 'varchar', 81, 243, NULL, NULL, 'utf8', 'utf8_general_ci', 'varchar(81)', '', '', 'select', ''),
(NULL, 'information_schema', 'USER_PRIVILEGES', 'TABLE_CATALOG', 2, NULL, 'YES', 'varchar', 512, 1536, NULL, NULL, 'utf8', 'utf8_general_ci', 'varchar(512)', '', '', 'select', ''),
(NULL, 'information_schema', 'USER_PRIVILEGES', 'PRIVILEGE_TYPE', 3, '', 'NO', 'varchar', 64, 192, NULL, NULL, 'utf8', 'utf8_general_ci', 'varchar(64)', '', '', 'select', ''),
(NULL, 'information_schema', 'USER_PRIVILEGES', 'IS_GRANTABLE', 4, '', 'NO', 'varchar', 3, 9, NULL, NULL, 'utf8', 'utf8_general_ci', 'varchar(3)', '', '', 'select', ''),
(NULL, 'information_schema', 'VIEWS', 'TABLE_CATALOG', 1, NULL, 'YES', 'varchar', 512, 1536, NULL, NULL, 'utf8', 'utf8_general_ci', 'varchar(512)', '', '', 'select', ''),
(NULL, 'information_schema', 'VIEWS', 'TABLE_SCHEMA', 2, '', 'NO', 'varchar', 64, 192, NULL, NULL, 'utf8', 'utf8_general_ci', 'varchar(64)', '', '', 'select', ''),
(NULL, 'information_schema', 'VIEWS', 'TABLE_NAME', 3, '', 'NO', 'varchar', 64, 192, NULL, NULL, 'utf8', 'utf8_general_ci', 'varchar(64)', '', '', 'select', ''),
(NULL, 'information_schema', 'VIEWS', 'VIEW_DEFINITION', 4, NULL, 'NO', 'longtext', 4294967295, 4294967295, NULL, NULL, 'utf8', 'utf8_general_ci', 'longtext', '', '', 'select', ''),
(NULL, 'information_schema', 'VIEWS', 'CHECK_OPTION', 5, '', 'NO', 'varchar', 8, 24, NULL, NULL, 'utf8', 'utf8_general_ci', 'varchar(8)', '', '', 'select', ''),
(NULL, 'information_schema', 'VIEWS', 'IS_UPDATABLE', 6, '', 'NO', 'varchar', 3, 9, NULL, NULL, 'utf8', 'utf8_general_ci', 'varchar(3)', '', '', 'select', ''),
(NULL, 'information_schema', 'VIEWS', 'DEFINER', 7, '', 'NO', 'varchar', 77, 231, NULL, NULL, 'utf8', 'utf8_general_ci', 'varchar(77)', '', '', 'select', ''),
(NULL, 'information_schema', 'VIEWS', 'SECURITY_TYPE', 8, '', 'NO', 'varchar', 7, 21, NULL, NULL, 'utf8', 'utf8_general_ci', 'varchar(7)', '', '', 'select', ''),
(NULL, 'information_schema', 'VIEWS', 'CHARACTER_SET_CLIENT', 9, '', 'NO', 'varchar', 32, 96, NULL, NULL, 'utf8', 'utf8_general_ci', 'varchar(32)', '', '', 'select', ''),
(NULL, 'information_schema', 'VIEWS', 'COLLATION_CONNECTION', 10, '', 'NO', 'varchar', 32, 96, NULL, NULL, 'utf8', 'utf8_general_ci', 'varchar(32)', '', '', 'select', ''),
(NULL, 'RobinHdb', 'crimes', 'crimeID', 1, NULL, 'NO', 'int', NULL, NULL, 10, 0, NULL, NULL, 'int(12)', 'PRI', 'auto_increment', 'select,insert,update,references', ''),
(NULL, 'RobinHdb', 'crimes', 'crimeIssuer', 2, '65535', 'NO', 'int', NULL, NULL, 10, 0, NULL, NULL, 'int(12)', '', '', 'select,insert,update,references', ''),
(NULL, 'RobinHdb', 'crimes', 'crimeIssuedTo', 3, '65535', 'NO', 'int', NULL, NULL, 10, 0, NULL, NULL, 'int(12)', '', '', 'select,insert,update,references', ''),
(NULL, 'RobinHdb', 'crimes', 'crimeDescription', 4, NULL, 'NO', 'varchar', 128, 128, NULL, NULL, 'latin1', 'latin1_swedish_ci', 'varchar(128)', '', '', 'select,insert,update,references', ''),
(NULL, 'RobinHdb', 'crimes', 'crimeIssuerName', 5, NULL, 'NO', 'varchar', 24, 24, NULL, NULL, 'latin1', 'latin1_swedish_ci', 'varchar(24)', '', '', 'select,insert,update,references', ''),
(NULL, 'RobinHdb', 'crimes', 'crimeIssuedToName', 6, NULL, 'NO', 'varchar', 24, 24, NULL, NULL, 'latin1', 'latin1_swedish_ci', 'varchar(24)', '', '', 'select,insert,update,references', ''),
(NULL, 'RobinHdb', 'kills', 'ID', 1, NULL, 'NO', 'int', NULL, NULL, 10, 0, NULL, NULL, 'int(11)', 'PRI', 'auto_increment', 'select,insert,update,references', ''),
(NULL, 'RobinHdb', 'kills', 'killerID', 2, '-1', 'NO', 'int', NULL, NULL, 10, 0, NULL, NULL, 'int(11)', '', '', 'select,insert,update,references', ''),
(NULL, 'RobinHdb', 'kills', 'killedID', 3, '-1', 'NO', 'int', NULL, NULL, 10, 0, NULL, NULL, 'int(11)', '', '', 'select,insert,update,references', ''),
(NULL, 'RobinHdb', 'kills', 'killTS', 4, '0', 'NO', 'int', NULL, NULL, 10, 0, NULL, NULL, 'int(32)', '', '', 'select,insert,update,references', ''),
(NULL, 'RobinHdb', 'kills', 'killText', 5, NULL, 'NO', 'varchar', 250, 250, NULL, NULL, 'latin1', 'latin1_swedish_ci', 'varchar(250)', '', '', 'select,insert,update,references', ''),
(NULL, 'RobinHdb', 'players', 'ID', 1, NULL, 'NO', 'int', NULL, NULL, 10, 0, NULL, NULL, 'int(12)', 'PRI', 'auto_increment', 'select,insert,update,references', ''),
(NULL, 'RobinHdb', 'players', 'Username', 2, NULL, 'NO', 'varchar', 24, 24, NULL, NULL, 'latin1', 'latin1_swedish_ci', 'varchar(24)', '', '', 'select,insert,update,references', ''),
(NULL, 'RobinHdb', 'players', 'Password', 3, NULL, 'NO', 'varchar', 129, 129, NULL, NULL, 'latin1', 'latin1_swedish_ci', 'varchar(129)', '', '', 'select,insert,update,references', ''),
(NULL, 'RobinHdb', 'players', 'Level', 4, '0', 'NO', 'int', NULL, NULL, 10, 0, NULL, NULL, 'int(6)', '', '', 'select,insert,update,references', ''),
(NULL, 'RobinHdb', 'players', 'AdminLevel', 5, '0', 'NO', 'int', NULL, NULL, 10, 0, NULL, NULL, 'int(6)', '', '', 'select,insert,update,references', ''),
(NULL, 'RobinHdb', 'players', 'AdminName', 6, 'Nobody', 'NO', 'varchar', 24, 24, NULL, NULL, 'latin1', 'latin1_swedish_ci', 'varchar(24)', '', '', 'select,insert,update,references', ''),
(NULL, 'RobinHdb', 'players', 'BanAppealer', 7, '0', 'NO', 'int', NULL, NULL, 10, 0, NULL, NULL, 'int(2)', '', '', 'select,insert,update,references', ''),
(NULL, 'RobinHdb', 'players', 'Donator', 8, '0', 'NO', 'int', NULL, NULL, 10, 0, NULL, NULL, 'int(2)', '', '', 'select,insert,update,references', ''),
(NULL, 'RobinHdb', 'players', 'Banned', 9, '0', 'NO', 'int', NULL, NULL, 10, 0, NULL, NULL, 'int(2)', '', '', 'select,insert,update,references', ''),
(NULL, 'RobinHdb', 'players', 'Permabanned', 10, '0', 'NO', 'int', NULL, NULL, 10, 0, NULL, NULL, 'int(2)', '', '', 'select,insert,update,references', ''),
(NULL, 'RobinHdb', 'players', 'Disabled', 11, '0', 'NO', 'int', NULL, NULL, 10, 0, NULL, NULL, 'int(2)', '', '', 'select,insert,update,references', ''),
(NULL, 'RobinHdb', 'players', 'LastIP', 12, '0.0.0.0', 'NO', 'varchar', 20, 20, NULL, NULL, 'latin1', 'latin1_swedish_ci', 'varchar(20)', '', '', 'select,insert,update,references', ''),
(NULL, 'RobinHdb', 'players', 'Registered', 13, '0', 'NO', 'int', NULL, NULL, 10, 0, NULL, NULL, 'int(2)', '', '', 'select,insert,update,references', ''),
(NULL, 'RobinHdb', 'players', 'Tutorial', 14, '0', 'NO', 'int', NULL, NULL, 10, 0, NULL, NULL, 'int(2)', '', '', 'select,insert,update,references', ''),
(NULL, 'RobinHdb', 'players', 'Sex', 15, '0', 'NO', 'int', NULL, NULL, 10, 0, NULL, NULL, 'int(2)', '', '', 'select,insert,update,references', ''),
(NULL, 'RobinHdb', 'players', 'Age', 16, '16', 'NO', 'int', NULL, NULL, 10, 0, NULL, NULL, 'int(3)', '', '', 'select,insert,update,references', ''),
(NULL, 'RobinHdb', 'players', 'Skin', 17, '299', 'NO', 'int', NULL, NULL, 10, 0, NULL, NULL, 'int(3)', '', '', 'select,insert,update,references', ''),
(NULL, 'RobinHdb', 'players', 'PosX', 18, '0.000', 'NO', 'varchar', 32, 32, NULL, NULL, 'latin1', 'latin1_swedish_ci', 'varchar(32)', '', '', 'select,insert,update,references', ''),
(NULL, 'RobinHdb', 'players', 'PosY', 19, '0.000', 'NO', 'varchar', 32, 32, NULL, NULL, 'latin1', 'latin1_swedish_ci', 'varchar(32)', '', '', 'select,insert,update,references', ''),
(NULL, 'RobinHdb', 'players', 'PosZ', 20, '0.000', 'NO', 'varchar', 32, 32, NULL, NULL, 'latin1', 'latin1_swedish_ci', 'varchar(32)', '', '', 'select,insert,update,references', ''),
(NULL, 'RobinHdb', 'players', 'PosR', 21, '0.000', 'NO', 'varchar', 32, 32, NULL, NULL, 'latin1', 'latin1_swedish_ci', 'varchar(32)', '', '', 'select,insert,update,references', ''),
(NULL, 'RobinHdb', 'players', 'ConnectTime', 22, '0', 'NO', 'int', NULL, NULL, 10, 0, NULL, NULL, 'int(4)', '', '', 'select,insert,update,references', ''),
(NULL, 'RobinHdb', 'players', 'Respect', 23, '0', 'NO', 'int', NULL, NULL, 10, 0, NULL, NULL, 'int(9)', '', '', 'select,insert,update,references', ''),
(NULL, 'RobinHdb', 'players', 'PhoneNumber', 24, '0', 'NO', 'int', NULL, NULL, 10, 0, NULL, NULL, 'int(11)', '', '', 'select,insert,update,references', ''),
(NULL, 'RobinHdb', 'players', 'Warnings', 25, '0', 'NO', 'int', NULL, NULL, 10, 0, NULL, NULL, 'int(1)', '', '', 'select,insert,update,references', ''),
(NULL, 'RobinHdb', 'players', 'Gang', 26, '255', 'NO', 'int', NULL, NULL, 10, 0, NULL, NULL, 'int(2)', '', '', 'select,insert,update,references', ''),
(NULL, 'RobinHdb', 'players', 'Faction', 27, '0', 'NO', 'int', NULL, NULL, 10, 0, NULL, NULL, 'int(2)', '', '', 'select,insert,update,references', ''),
(NULL, 'RobinHdb', 'players', 'Leader', 28, '0', 'NO', 'int', NULL, NULL, 10, 0, NULL, NULL, 'int(2)', '', '', 'select,insert,update,references', ''),
(NULL, 'RobinHdb', 'players', 'Rank', 29, '0', 'NO', 'int', NULL, NULL, 10, 0, NULL, NULL, 'int(1)', '', '', 'select,insert,update,references', ''),
(NULL, 'RobinHdb', 'players', 'Job', 30, '0', 'NO', 'int', NULL, NULL, 10, 0, NULL, NULL, 'int(2)', '', '', 'select,insert,update,references', ''),
(NULL, 'RobinHdb', 'players', 'Job2', 31, '0', 'NO', 'int', NULL, NULL, 10, 0, NULL, NULL, 'int(2)', '', '', 'select,insert,update,references', ''),
(NULL, 'RobinHdb', 'players', 'Mask', 32, '0', 'NO', 'int', NULL, NULL, 10, 0, NULL, NULL, 'int(1)', '', '', 'select,insert,update,references', ''),
(NULL, 'RobinHdb', 'players', 'MaskID', 33, '0', 'NO', 'int', NULL, NULL, 10, 0, NULL, NULL, 'int(11)', '', '', 'select,insert,update,references', ''),
(NULL, 'RobinHdb', 'players', 'MaskUse', 34, '0', 'NO', 'int', NULL, NULL, 10, 0, NULL, NULL, 'int(6)', '', '', 'select,insert,update,references', ''),
(NULL, 'RobinHdb', 'players', 'UpgradePoints', 35, '0', 'NO', 'int', NULL, NULL, 10, 0, NULL, NULL, 'int(9)', '', '', 'select,insert,update,references', ''),
(NULL, 'RobinHdb', 'players', 'SpawnArmor', 36, '0.0', 'NO', 'varchar', 32, 32, NULL, NULL, 'latin1', 'latin1_swedish_ci', 'varchar(32)', '', '', 'select,insert,update,references', ''),
(NULL, 'RobinHdb', 'players', 'Cash', 37, '50', 'NO', 'int', NULL, NULL, 10, 0, NULL, NULL, 'int(11)', '', '', 'select,insert,update,references', ''),
(NULL, 'RobinHdb', 'players', 'Bank', 38, '50', 'NO', 'int', NULL, NULL, 10, 0, NULL, NULL, 'int(11)', '', '', 'select,insert,update,references', ''),
(NULL, 'RobinHdb', 'players', 'Insurance', 39, '0', 'NO', 'int', NULL, NULL, 10, 0, NULL, NULL, 'int(2)', '', '', 'select,insert,update,references', ''),
(NULL, 'RobinHdb', 'players', 'Crimes', 40, '0', 'NO', 'int', NULL, NULL, 10, 0, NULL, NULL, 'int(9)', '', '', 'select,insert,update,references', ''),
(NULL, 'RobinHdb', 'players', 'Arrested', 41, '0', 'NO', 'int', NULL, NULL, 10, 0, NULL, NULL, 'int(4)', '', '', 'select,insert,update,references', ''),
(NULL, 'RobinHdb', 'players', 'WantedLevel', 42, '0', 'NO', 'int', NULL, NULL, 10, 0, NULL, NULL, 'int(1)', '', '', 'select,insert,update,references', ''),
(NULL, 'RobinHdb', 'players', 'Health', 43, '75.0', 'NO', 'varchar', 32, 32, NULL, NULL, 'latin1', 'latin1_swedish_ci', 'varchar(32)', '', '', 'select,insert,update,references', ''),
(NULL, 'RobinHdb', 'players', 'Armor', 44, '0.0', 'NO', 'varchar', 32, 32, NULL, NULL, 'latin1', 'latin1_swedish_ci', 'varchar(32)', '', '', 'select,insert,update,references', ''),
(NULL, 'RobinHdb', 'players', 'Pot', 45, '0', 'NO', 'int', NULL, NULL, 10, 0, NULL, NULL, 'int(9)', '', '', 'select,insert,update,references', ''),
(NULL, 'RobinHdb', 'players', 'Crack', 46, '0', 'NO', 'int', NULL, NULL, 10, 0, NULL, NULL, 'int(9)', '', '', 'select,insert,update,references', ''),
(NULL, 'RobinHdb', 'players', 'Radio', 47, '0', 'NO', 'int', NULL, NULL, 10, 0, NULL, NULL, 'int(1)', '', '', 'select,insert,update,references', ''),
(NULL, 'RobinHdb', 'players', 'RadioFreq', 48, '-1', 'NO', 'int', NULL, NULL, 10, 0, NULL, NULL, 'int(11)', '', '', 'select,insert,update,references', ''),
(NULL, 'RobinHdb', 'players', 'Phonebook', 49, '0', 'NO', 'int', NULL, NULL, 10, 0, NULL, NULL, 'int(1)', '', '', 'select,insert,update,references', ''),
(NULL, 'RobinHdb', 'players', 'Dice', 50, '0', 'NO', 'int', NULL, NULL, 10, 0, NULL, NULL, 'int(4)', '', '', 'select,insert,update,references', ''),
(NULL, 'RobinHdb', 'players', 'CDPlayer', 51, '0', 'NO', 'int', NULL, NULL, 10, 0, NULL, NULL, 'int(4)', '', '', 'select,insert,update,references', ''),
(NULL, 'RobinHdb', 'players', 'Materials', 52, '0', 'NO', 'int', NULL, NULL, 10, 0, NULL, NULL, 'int(4)', '', '', 'select,insert,update,references', ''),
(NULL, 'RobinHdb', 'players', 'Rope', 53, '0', 'NO', 'int', NULL, NULL, 10, 0, NULL, NULL, 'int(4)', '', '', 'select,insert,update,references', ''),
(NULL, 'RobinHdb', 'players', 'Cigars', 54, '0', 'NO', 'int', NULL, NULL, 10, 0, NULL, NULL, 'int(4)', '', '', 'select,insert,update,references', ''),
(NULL, 'RobinHdb', 'players', 'Sprunk', 55, '0', 'NO', 'int', NULL, NULL, 10, 0, NULL, NULL, 'int(4)', '', '', 'select,insert,update,references', ''),
(NULL, 'RobinHdb', 'players', 'Spraycan', 56, '0', 'NO', 'int', NULL, NULL, 10, 0, NULL, NULL, 'int(4)', '', '', 'select,insert,update,references', ''),
(NULL, 'RobinHdb', 'players', 'House', 57, '0', 'NO', 'int', NULL, NULL, 10, 0, NULL, NULL, 'int(4)', '', '', 'select,insert,update,references', ''),
(NULL, 'RobinHdb', 'players', 'House2', 58, '0', 'NO', 'int', NULL, NULL, 10, 0, NULL, NULL, 'int(4)', '', '', 'select,insert,update,references', ''),
(NULL, 'RobinHdb', 'players', 'Renting', 59, '0', 'NO', 'int', NULL, NULL, 10, 0, NULL, NULL, 'int(4)', '', '', 'select,insert,update,references', ''),
(NULL, 'RobinHdb', 'players', 'Interior', 60, '0', 'NO', 'int', NULL, NULL, 10, 0, NULL, NULL, 'int(11)', '', '', 'select,insert,update,references', ''),
(NULL, 'RobinHdb', 'players', 'VirtualWorld', 61, '0', 'NO', 'int', NULL, NULL, 10, 0, NULL, NULL, 'int(11)', '', '', 'select,insert,update,references', ''),
(NULL, 'RobinHdb', 'players', 'Jailed', 62, '0', 'NO', 'int', NULL, NULL, 10, 0, NULL, NULL, 'int(1)', '', '', 'select,insert,update,references', ''),
(NULL, 'RobinHdb', 'players', 'JailTime', 63, '0', 'NO', 'int', NULL, NULL, 10, 0, NULL, NULL, 'int(11)', '', '', 'select,insert,update,references', ''),
(NULL, 'RobinHdb', 'players', 'Gun0', 64, '0', 'NO', 'int', NULL, NULL, 10, 0, NULL, NULL, 'int(2)', '', '', 'select,insert,update,references', ''),
(NULL, 'RobinHdb', 'players', 'Gun1', 65, '0', 'NO', 'int', NULL, NULL, 10, 0, NULL, NULL, 'int(2)', '', '', 'select,insert,update,references', ''),
(NULL, 'RobinHdb', 'players', 'Gun2', 66, '0', 'NO', 'int', NULL, NULL, 10, 0, NULL, NULL, 'int(2)', '', '', 'select,insert,update,references', ''),
(NULL, 'RobinHdb', 'players', 'Gun3', 67, '0', 'NO', 'int', NULL, NULL, 10, 0, NULL, NULL, 'int(2)', '', '', 'select,insert,update,references', ''),
(NULL, 'RobinHdb', 'players', 'Gun4', 68, '0', 'NO', 'int', NULL, NULL, 10, 0, NULL, NULL, 'int(2)', '', '', 'select,insert,update,references', ''),
(NULL, 'RobinHdb', 'players', 'Gun5', 69, '0', 'NO', 'int', NULL, NULL, 10, 0, NULL, NULL, 'int(2)', '', '', 'select,insert,update,references', ''),
(NULL, 'RobinHdb', 'players', 'Gun6', 70, '0', 'NO', 'int', NULL, NULL, 10, 0, NULL, NULL, 'int(2)', '', '', 'select,insert,update,references', ''),
(NULL, 'RobinHdb', 'players', 'Gun7', 71, '0', 'NO', 'int', NULL, NULL, 10, 0, NULL, NULL, 'int(2)', '', '', 'select,insert,update,references', ''),
(NULL, 'RobinHdb', 'players', 'Gun8', 72, '0', 'NO', 'int', NULL, NULL, 10, 0, NULL, NULL, 'int(2)', '', '', 'select,insert,update,references', ''),
(NULL, 'RobinHdb', 'players', 'Gun9', 73, '0', 'NO', 'int', NULL, NULL, 10, 0, NULL, NULL, 'int(2)', '', '', 'select,insert,update,references', ''),
(NULL, 'RobinHdb', 'players', 'Gun10', 74, '0', 'NO', 'int', NULL, NULL, 10, 0, NULL, NULL, 'int(2)', '', '', 'select,insert,update,references', ''),
(NULL, 'RobinHdb', 'players', 'Gun11', 75, '0', 'NO', 'int', NULL, NULL, 10, 0, NULL, NULL, 'int(2)', '', '', 'select,insert,update,references', ''),
(NULL, 'RobinHdb', 'players', 'Ammo0', 76, '0', 'NO', 'int', NULL, NULL, 10, 0, NULL, NULL, 'int(6)', '', '', 'select,insert,update,references', ''),
(NULL, 'RobinHdb', 'players', 'Ammo1', 77, '0', 'NO', 'int', NULL, NULL, 10, 0, NULL, NULL, 'int(6)', '', '', 'select,insert,update,references', ''),
(NULL, 'RobinHdb', 'players', 'Ammo2', 78, '0', 'NO', 'int', NULL, NULL, 10, 0, NULL, NULL, 'int(6)', '', '', 'select,insert,update,references', ''),
(NULL, 'RobinHdb', 'players', 'Ammo3', 79, '0', 'NO', 'int', NULL, NULL, 10, 0, NULL, NULL, 'int(6)', '', '', 'select,insert,update,references', ''),
(NULL, 'RobinHdb', 'players', 'Ammo4', 80, '0', 'NO', 'int', NULL, NULL, 10, 0, NULL, NULL, 'int(6)', '', '', 'select,insert,update,references', ''),
(NULL, 'RobinHdb', 'players', 'Paycheck', 81, '0', 'NO', 'int', NULL, NULL, 10, 0, NULL, NULL, 'int(11)', '', '', 'select,insert,update,references', ''),
(NULL, 'RobinHdb', 'players', 'PayReady', 82, '0', 'NO', 'int', NULL, NULL, 10, 0, NULL, NULL, 'int(2)', '', '', 'select,insert,update,references', ''),
(NULL, 'RobinHdb', 'players', 'Hospital', 83, '0', 'NO', 'int', NULL, NULL, 10, 0, NULL, NULL, 'int(2)', '', '', 'select,insert,update,references', ''),
(NULL, 'RobinHdb', 'players', 'DetSkill', 84, '0', 'NO', 'int', NULL, NULL, 10, 0, NULL, NULL, 'int(5)', '', '', 'select,insert,update,references', ''),
(NULL, 'RobinHdb', 'players', 'FishSkill', 85, '0', 'NO', 'int', NULL, NULL, 10, 0, NULL, NULL, 'int(12)', '', '', 'select,insert,update,references', ''),
(NULL, 'RobinHdb', 'players', 'LawSkill', 86, '0', 'NO', 'int', NULL, NULL, 10, 0, NULL, NULL, 'int(5)', '', '', 'select,insert,update,references', ''),
(NULL, 'RobinHdb', 'players', 'SexSkill', 87, '0', 'NO', 'int', NULL, NULL, 10, 0, NULL, NULL, 'int(5)', '', '', 'select,insert,update,references', ''),
(NULL, 'RobinHdb', 'players', 'DrugsSkill', 88, '0', 'NO', 'int', NULL, NULL, 10, 0, NULL, NULL, 'int(5)', '', '', 'select,insert,update,references', ''),
(NULL, 'RobinHdb', 'players', 'SmugglerSkill', 89, '0', 'NO', 'int', NULL, NULL, 10, 0, NULL, NULL, 'int(5)', '', '', 'select,insert,update,references', ''),
(NULL, 'RobinHdb', 'players', 'ArmsSkill', 90, '0', 'NO', 'int', NULL, NULL, 10, 0, NULL, NULL, 'int(5)', '', '', 'select,insert,update,references', ''),
(NULL, 'RobinHdb', 'players', 'MechSkill', 91, '0', 'NO', 'int', NULL, NULL, 10, 0, NULL, NULL, 'int(5)', '', '', 'select,insert,update,references', ''),
(NULL, 'RobinHdb', 'players', 'BoxSkill', 92, '0', 'NO', 'int', NULL, NULL, 10, 0, NULL, NULL, 'int(5)', '', '', 'select,insert,update,references', ''),
(NULL, 'RobinHdb', 'players', 'TruckSkill', 93, '0', 'NO', 'int', NULL, NULL, 10, 0, NULL, NULL, 'int(5)', '', '', 'select,insert,update,references', ''),
(NULL, 'RobinHdb', 'players', 'CarSkill', 94, '0', 'NO', 'int', NULL, NULL, 10, 0, NULL, NULL, 'int(5)', '', '', 'select,insert,update,references', ''),
(NULL, 'RobinHdb', 'players', 'LawyerTime', 95, '0', 'NO', 'int', NULL, NULL, 10, 0, NULL, NULL, 'int(4)', '', '', 'select,insert,update,references', ''),
(NULL, 'RobinHdb', 'players', 'LawyerFreeTime', 96, '0', 'NO', 'int', NULL, NULL, 10, 0, NULL, NULL, 'int(4)', '', '', 'select,insert,update,references', ''),
(NULL, 'RobinHdb', 'players', 'DrugsTime', 97, '0', 'NO', 'int', NULL, NULL, 10, 0, NULL, NULL, 'int(4)', '', '', 'select,insert,update,references', ''),
(NULL, 'RobinHdb', 'players', 'MechTime', 98, '0', 'NO', 'int', NULL, NULL, 10, 0, NULL, NULL, 'int(4)', '', '', 'select,insert,update,references', ''),
(NULL, 'RobinHdb', 'players', 'SexTime', 99, '0', 'NO', 'int', NULL, NULL, 10, 0, NULL, NULL, 'int(4)', '', '', 'select,insert,update,references', ''),
(NULL, 'RobinHdb', 'players', 'CarTime', 100, '0', 'NO', 'int', NULL, NULL, 10, 0, NULL, NULL, 'int(4)', '', '', 'select,insert,update,references', ''),
(NULL, 'RobinHdb', 'players', 'Fishes', 101, '0', 'NO', 'int', NULL, NULL, 10, 0, NULL, NULL, 'int(4)', '', '', 'select,insert,update,references', ''),
(NULL, 'RobinHdb', 'players', 'BiggestFish', 102, '0', 'NO', 'int', NULL, NULL, 10, 0, NULL, NULL, 'int(4)', '', '', 'select,insert,update,references', ''),
(NULL, 'RobinHdb', 'players', 'pWEXists', 103, '0', 'NO', 'int', NULL, NULL, 10, 0, NULL, NULL, 'int(2)', '', '', 'select,insert,update,references', ''),
(NULL, 'RobinHdb', 'players', 'pWX', 104, '0.0', 'NO', 'varchar', 32, 32, NULL, NULL, 'latin1', 'latin1_swedish_ci', 'varchar(32)', '', '', 'select,insert,update,references', ''),
(NULL, 'RobinHdb', 'players', 'pWY', 105, '0.0', 'NO', 'varchar', 32, 32, NULL, NULL, 'latin1', 'latin1_swedish_ci', 'varchar(32)', '', '', 'select,insert,update,references', ''),
(NULL, 'RobinHdb', 'players', 'pWZ', 106, '0.0', 'NO', 'varchar', 32, 32, NULL, NULL, 'latin1', 'latin1_swedish_ci', 'varchar(32)', '', '', 'select,insert,update,references', ''),
(NULL, 'RobinHdb', 'players', 'pWVW', 107, '0', 'NO', 'int', NULL, NULL, 10, 0, NULL, NULL, 'int(9)', '', '', 'select,insert,update,references', ''),
(NULL, 'RobinHdb', 'players', 'pWInt', 108, '0', 'NO', 'int', NULL, NULL, 10, 0, NULL, NULL, 'int(9)', '', '', 'select,insert,update,references', ''),
(NULL, 'RobinHdb', 'players', 'pWValue', 109, '0', 'NO', 'int', NULL, NULL, 10, 0, NULL, NULL, 'int(9)', '', '', 'select,insert,update,references', ''),
(NULL, 'RobinHdb', 'players', 'pWSeeds', 110, '0', 'NO', 'int', NULL, NULL, 10, 0, NULL, NULL, 'int(4)', '', '', 'select,insert,update,references', ''),
(NULL, 'RobinHdb', 'players', 'Wins', 111, '0', 'NO', 'int', NULL, NULL, 10, 0, NULL, NULL, 'int(9)', '', '', 'select,insert,update,references', ''),
(NULL, 'RobinHdb', 'players', 'Loses', 112, '0', 'NO', 'int', NULL, NULL, 10, 0, NULL, NULL, 'int(9)', '', '', 'select,insert,update,references', ''),
(NULL, 'RobinHdb', 'players', 'FightingStyle', 113, '0', 'NO', 'int', NULL, NULL, 10, 0, NULL, NULL, 'int(4)', '', '', 'select,insert,update,references', ''),
(NULL, 'RobinHdb', 'players', 'Screwdriver', 114, '0', 'NO', 'int', NULL, NULL, 10, 0, NULL, NULL, 'int(4)', '', '', 'select,insert,update,references', ''),
(NULL, 'RobinHdb', 'players', 'Smslog', 115, '0', 'NO', 'int', NULL, NULL, 10, 0, NULL, NULL, 'int(2)', '', '', 'select,insert,update,references', ''),
(NULL, 'RobinHdb', 'players', 'Wristwatch', 116, '0', 'NO', 'int', NULL, NULL, 10, 0, NULL, NULL, 'int(2)', '', '', 'select,insert,update,references', ''),
(NULL, 'RobinHdb', 'players', 'Tire', 117, '0', 'NO', 'int', NULL, NULL, 10, 0, NULL, NULL, 'int(4)', '', '', 'select,insert,update,references', ''),
(NULL, 'RobinHdb', 'players', 'Firstaid', 118, '0', 'NO', 'int', NULL, NULL, 10, 0, NULL, NULL, 'int(4)', '', '', 'select,insert,update,references', ''),
(NULL, 'RobinHdb', 'players', 'Rccam', 119, '0', 'NO', 'int', NULL, NULL, 10, 0, NULL, NULL, 'int(4)', '', '', 'select,insert,update,references', ''),
(NULL, 'RobinHdb', 'players', 'Receiver', 120, '0', 'NO', 'int', NULL, NULL, 10, 0, NULL, NULL, 'int(4)', '', '', 'select,insert,update,references', ''),
(NULL, 'RobinHdb', 'players', 'GPS', 121, '0', 'NO', 'int', NULL, NULL, 10, 0, NULL, NULL, 'int(4)', '', '', 'select,insert,update,references', ''),
(NULL, 'RobinHdb', 'players', 'Sweep', 122, '0', 'NO', 'int', NULL, NULL, 10, 0, NULL, NULL, 'int(4)', '', '', 'select,insert,update,references', ''),
(NULL, 'RobinHdb', 'players', 'SweepLeft', 123, '0', 'NO', 'int', NULL, NULL, 10, 0, NULL, NULL, 'int(4)', '', '', 'select,insert,update,references', ''),
(NULL, 'RobinHdb', 'players', 'Bugged', 124, '0', 'NO', 'int', NULL, NULL, 10, 0, NULL, NULL, 'int(4)', '', '', 'select,insert,update,references', ''),
(NULL, 'RobinHdb', 'players', 'OnDuty', 125, '0', 'NO', 'int', NULL, NULL, 10, 0, NULL, NULL, 'int(2)', '', '', 'select,insert,update,references', ''),
(NULL, 'RobinHdb', 'players', 'CarLic', 126, '0', 'NO', 'int', NULL, NULL, 10, 0, NULL, NULL, 'int(2)', '', '', 'select,insert,update,references', ''),
(NULL, 'RobinHdb', 'players', 'FlyLic', 127, '0', 'NO', 'int', NULL, NULL, 10, 0, NULL, NULL, 'int(2)', '', '', 'select,insert,update,references', ''),
(NULL, 'RobinHdb', 'players', 'BoatLic', 128, '0', 'NO', 'int', NULL, NULL, 10, 0, NULL, NULL, 'int(2)', '', '', 'select,insert,update,references', ''),
(NULL, 'RobinHdb', 'players', 'FishLic', 129, '0', 'NO', 'int', NULL, NULL, 10, 0, NULL, NULL, 'int(2)', '', '', 'select,insert,update,references', ''),
(NULL, 'RobinHdb', 'players', 'GunLic', 130, '0', 'NO', 'int', NULL, NULL, 10, 0, NULL, NULL, 'int(2)', '', '', 'select,insert,update,references', ''),
(NULL, 'RobinHdb', 'players', 'Division', 131, '0', 'NO', 'int', NULL, NULL, 10, 0, NULL, NULL, 'int(4)', '', '', 'select,insert,update,references', ''),
(NULL, 'RobinHdb', 'players', 'TicketTime', 132, '0', 'NO', 'int', NULL, NULL, 10, 0, NULL, NULL, 'int(4)', '', '', 'select,insert,update,references', ''),
(NULL, 'RobinHdb', 'players', 'HeadValue', 133, '0', 'NO', 'int', NULL, NULL, 10, 0, NULL, NULL, 'int(11)', '', '', 'select,insert,update,references', ''),
(NULL, 'RobinHdb', 'players', 'ContractBy', 134, NULL, 'NO', 'varchar', 24, 24, NULL, NULL, 'latin1', 'latin1_swedish_ci', 'varchar(24)', '', '', 'select,insert,update,references', ''),
(NULL, 'RobinHdb', 'players', 'ContractDetail', 135, NULL, 'NO', 'varchar', 64, 64, NULL, NULL, 'latin1', 'latin1_swedish_ci', 'varchar(64)', '', '', 'select,insert,update,references', ''),
(NULL, 'RobinHdb', 'players', 'Bombs', 136, '0', 'NO', 'int', NULL, NULL, 10, 0, NULL, NULL, 'int(4)', '', '', 'select,insert,update,references', ''),
(NULL, 'RobinHdb', 'players', 'CHits', 137, '0', 'NO', 'int', NULL, NULL, 10, 0, NULL, NULL, 'int(11)', '', '', 'select,insert,update,references', ''),
(NULL, 'RobinHdb', 'players', 'FHits', 138, '0', 'NO', 'int', NULL, NULL, 10, 0, NULL, NULL, 'int(11)', '', '', 'select,insert,update,references', ''),
(NULL, 'RobinHdb', 'players', 'PrisonedBy', 139, 'Nobody', 'NO', 'varchar', 24, 24, NULL, NULL, 'latin1', 'latin1_swedish_ci', 'varchar(24)', '', '', 'select,insert,update,references', ''),
(NULL, 'RobinHdb', 'players', 'PrisonReason', 140, 'None', 'NO', 'varchar', 24, 24, NULL, NULL, 'latin1', 'latin1_swedish_ci', 'varchar(24)', '', '', 'select,insert,update,references', ''),
(NULL, 'RobinHdb', 'players', 'AcceptReport', 141, '0', 'NO', 'int', NULL, NULL, 10, 0, NULL, NULL, 'int(11)', '', '', 'select,insert,update,references', ''),
(NULL, 'RobinHdb', 'players', 'TrashReport', 142, '0', 'NO', 'int', NULL, NULL, 10, 0, NULL, NULL, 'int(11)', '', '', 'select,insert,update,references', ''),
(NULL, 'RobinHdb', 'players', 'Accent', 143, '0', 'NO', 'int', NULL, NULL, 10, 0, NULL, NULL, 'int(4)', '', '', 'select,insert,update,references', ''),
(NULL, 'RobinHdb', 'players', 'NewMuted', 144, '0', 'NO', 'int', NULL, NULL, 10, 0, NULL, NULL, 'int(4)', '', '', 'select,insert,update,references', ''),
(NULL, 'RobinHdb', 'players', 'NewMutedTotal', 145, '0', 'NO', 'int', NULL, NULL, 10, 0, NULL, NULL, 'int(4)', '', '', 'select,insert,update,references', ''),
(NULL, 'RobinHdb', 'players', 'AdMuted', 146, '0', 'NO', 'int', NULL, NULL, 10, 0, NULL, NULL, 'int(4)', '', '', 'select,insert,update,references', ''),
(NULL, 'RobinHdb', 'players', 'AdMutedTotal', 147, '0', 'NO', 'int', NULL, NULL, 10, 0, NULL, NULL, 'int(4)', '', '', 'select,insert,update,references', ''),
(NULL, 'RobinHdb', 'players', 'ReportMuted', 148, '0', 'NO', 'int', NULL, NULL, 10, 0, NULL, NULL, 'int(2)', '', '', 'select,insert,update,references', ''),
(NULL, 'RobinHdb', 'players', 'ReportMutedTotal', 149, '0', 'NO', 'int', NULL, NULL, 10, 0, NULL, NULL, 'int(4)', '', '', 'select,insert,update,references', ''),
(NULL, 'RobinHdb', 'players', 'ReportMutedTime', 150, '0', 'NO', 'int', NULL, NULL, 10, 0, NULL, NULL, 'int(9)', '', '', 'select,insert,update,references', ''),
(NULL, 'RobinHdb', 'players', 'Speedo', 151, '0', 'NO', 'int', NULL, NULL, 10, 0, NULL, NULL, 'int(2)', '', '', 'select,insert,update,references', ''),
(NULL, 'RobinHdb', 'players', 'GCMuted', 152, '0', 'NO', 'int', NULL, NULL, 10, 0, NULL, NULL, 'int(4)', '', '', 'select,insert,update,references', ''),
(NULL, 'RobinHdb', 'players', 'GCMutedTime', 153, '0', 'NO', 'int', NULL, NULL, 10, 0, NULL, NULL, 'int(9)', '', '', 'select,insert,update,references', ''),
(NULL, 'RobinHdb', 'players', 'CallsAccepted', 154, '0', 'NO', 'int', NULL, NULL, 10, 0, NULL, NULL, 'int(11)', '', '', 'select,insert,update,references', ''),
(NULL, 'RobinHdb', 'players', 'PatientsDelivered', 155, '0', 'NO', 'int', NULL, NULL, 10, 0, NULL, NULL, 'int(11)', '', '', 'select,insert,update,references', ''),
(NULL, 'RobinHdb', 'players', 'TriageTime', 156, '9', 'NO', 'int', NULL, NULL, 10, 0, NULL, NULL, 'int(9)', '', '', 'select,insert,update,references', ''),
(NULL, 'RobinHdb', 'players', 'Married', 157, '0', 'NO', 'int', NULL, NULL, 10, 0, NULL, NULL, 'int(2)', '', '', 'select,insert,update,references', ''),
(NULL, 'RobinHdb', 'players', 'MarriedTo', 158, NULL, 'NO', 'varchar', 24, 24, NULL, NULL, 'latin1', 'latin1_swedish_ci', 'varchar(24)', '', '', 'select,insert,update,references', ''),
(NULL, 'RobinHdb', 'players', 'ReferredBy', 159, NULL, 'NO', 'varchar', 24, 24, NULL, NULL, 'latin1', 'latin1_swedish_ci', 'varchar(24)', '', '', 'select,insert,update,references', ''),
(NULL, 'RobinHdb', 'players', 'RefTokens', 160, '0', 'NO', 'int', NULL, NULL, 10, 0, NULL, NULL, 'int(9)', '', '', 'select,insert,update,references', ''),
(NULL, 'RobinHdb', 'players', 'RefTokensOffline', 161, '0', 'NO', 'int', NULL, NULL, 10, 0, NULL, NULL, 'int(9)', '', '', 'select,insert,update,references', ''),
(NULL, 'RobinHdb', 'players', 'Helper', 162, '0', 'NO', 'int', NULL, NULL, 10, 0, NULL, NULL, 'int(2)', '', '', 'select,insert,update,references', ''),
(NULL, 'RobinHdb', 'players', 'GangMod', 163, '0', 'NO', 'int', NULL, NULL, 10, 0, NULL, NULL, 'int(2)', '', '', 'select,insert,update,references', ''),
(NULL, 'RobinHdb', 'players', 'LiveBanned', 164, '0', 'NO', 'int', NULL, NULL, 10, 0, NULL, NULL, 'int(2)', '', '', 'select,insert,update,references', ''),
(NULL, 'RobinHdb', 'players', 'Flag', 165, NULL, 'NO', 'varchar', 128, 128, NULL, NULL, 'latin1', 'latin1_swedish_ci', 'varchar(128)', '', '', 'select,insert,update,references', ''),
(NULL, 'RobinHdb', 'playervehicles', 'ID', 1, NULL, 'NO', 'int', NULL, NULL, 10, 0, NULL, NULL, 'int(11)', 'PRI', 'auto_increment', 'select,insert,update,references', ''),
(NULL, 'RobinHdb', 'playervehicles', 'Owner', 2, '0', 'NO', 'int', NULL, NULL, 10, 0, NULL, NULL, 'int(12)', '', '', 'select,insert,update,references', ''),
(NULL, 'RobinHdb', 'playervehicles', 'PosX', 3, '0.0', 'NO', 'varchar', 32, 32, NULL, NULL, 'latin1', 'latin1_swedish_ci', 'varchar(32)', '', '', 'select,insert,update,references', ''),
(NULL, 'RobinHdb', 'playervehicles', 'PosY', 4, '0.0', 'NO', 'varchar', 32, 32, NULL, NULL, 'latin1', 'latin1_swedish_ci', 'varchar(32)', '', '', 'select,insert,update,references', ''),
(NULL, 'RobinHdb', 'playervehicles', 'PosZ', 5, '0.0', 'NO', 'varchar', 32, 32, NULL, NULL, 'latin1', 'latin1_swedish_ci', 'varchar(32)', '', '', 'select,insert,update,references', ''),
(NULL, 'RobinHdb', 'playervehicles', 'PosAngle', 6, '0.0', 'NO', 'varchar', 32, 32, NULL, NULL, 'latin1', 'latin1_swedish_ci', 'varchar(32)', '', '', 'select,insert,update,references', ''),
(NULL, 'RobinHdb', 'playervehicles', 'ModelID', 7, '0', 'NO', 'int', NULL, NULL, 10, 0, NULL, NULL, 'int(11)', '', '', 'select,insert,update,references', ''),
(NULL, 'RobinHdb', 'playervehicles', 'LockType', 8, '0', 'NO', 'int', NULL, NULL, 10, 0, NULL, NULL, 'int(2)', '', '', 'select,insert,update,references', ''),
(NULL, 'RobinHdb', 'playervehicles', 'Locked', 9, '0', 'NO', 'int', NULL, NULL, 10, 0, NULL, NULL, 'int(2)', '', '', 'select,insert,update,references', ''),
(NULL, 'RobinHdb', 'playervehicles', 'PaintJob', 10, '-1', 'NO', 'int', NULL, NULL, 10, 0, NULL, NULL, 'int(4)', '', '', 'select,insert,update,references', ''),
(NULL, 'RobinHdb', 'playervehicles', 'Color1', 11, '-1', 'NO', 'int', NULL, NULL, 10, 0, NULL, NULL, 'int(4)', '', '', 'select,insert,update,references', ''),
(NULL, 'RobinHdb', 'playervehicles', 'Color2', 12, '-1', 'NO', 'int', NULL, NULL, 10, 0, NULL, NULL, 'int(4)', '', '', 'select,insert,update,references', ''),
(NULL, 'RobinHdb', 'playervehicles', 'Price', 13, '0', 'NO', 'int', NULL, NULL, 10, 0, NULL, NULL, 'int(11)', '', '', 'select,insert,update,references', ''),
(NULL, 'RobinHdb', 'playervehicles', 'Ticket', 14, '0', 'NO', 'int', NULL, NULL, 10, 0, NULL, NULL, 'int(11)', '', '', 'select,insert,update,references', ''),
(NULL, 'RobinHdb', 'playervehicles', 'Weapon0', 15, '0', 'NO', 'int', NULL, NULL, 10, 0, NULL, NULL, 'int(4)', '', '', 'select,insert,update,references', ''),
(NULL, 'RobinHdb', 'playervehicles', 'Weapon1', 16, '0', 'NO', 'int', NULL, NULL, 10, 0, NULL, NULL, 'int(4)', '', '', 'select,insert,update,references', ''),
(NULL, 'RobinHdb', 'playervehicles', 'Weapon2', 17, '0', 'NO', 'int', NULL, NULL, 10, 0, NULL, NULL, 'int(4)', '', '', 'select,insert,update,references', ''),
(NULL, 'RobinHdb', 'playervehicles', 'WepUpgrade', 18, '0', 'NO', 'int', NULL, NULL, 10, 0, NULL, NULL, 'int(4)', '', '', 'select,insert,update,references', ''),
(NULL, 'RobinHdb', 'playervehicles', 'Fuel', 19, NULL, 'NO', 'varchar', 32, 32, NULL, NULL, 'latin1', 'latin1_swedish_ci', 'varchar(32)', '', '', 'select,insert,update,references', ''),
(NULL, 'RobinHdb', 'playervehicles', 'Impound', 20, '0', 'NO', 'int', NULL, NULL, 10, 0, NULL, NULL, 'int(4)', '', '', 'select,insert,update,references', ''),
(NULL, 'RobinHdb', 'playervehicles', 'Spawned', 21, '0', 'NO', 'int', NULL, NULL, 10, 0, NULL, NULL, 'int(4)', '', '', 'select,insert,update,references', ''),
(NULL, 'RobinHdb', 'playervehicles', 'Disabled', 22, '0', 'NO', 'int', NULL, NULL, 10, 0, NULL, NULL, 'int(4)', '', '', 'select,insert,update,references', ''),
(NULL, 'RobinHdb', 'playervehicles', 'NumPlate', 23, '', 'NO', 'varchar', 32, 32, NULL, NULL, 'latin1', 'latin1_swedish_ci', 'varchar(32)', '', '', 'select,insert,update,references', ''),
(NULL, 'RobinHdb', 'playervehicles', 'Mod0', 24, '0', 'NO', 'int', NULL, NULL, 10, 0, NULL, NULL, 'int(4)', '', '', 'select,insert,update,references', ''),
(NULL, 'RobinHdb', 'playervehicles', 'Mod1', 25, '0', 'NO', 'int', NULL, NULL, 10, 0, NULL, NULL, 'int(4)', '', '', 'select,insert,update,references', ''),
(NULL, 'RobinHdb', 'playervehicles', 'Mod2', 26, '0', 'NO', 'int', NULL, NULL, 10, 0, NULL, NULL, 'int(4)', '', '', 'select,insert,update,references', ''),
(NULL, 'RobinHdb', 'playervehicles', 'Mod3', 27, '0', 'NO', 'int', NULL, NULL, 10, 0, NULL, NULL, 'int(4)', '', '', 'select,insert,update,references', ''),
(NULL, 'RobinHdb', 'playervehicles', 'Mod4', 28, '0', 'NO', 'int', NULL, NULL, 10, 0, NULL, NULL, 'int(4)', '', '', 'select,insert,update,references', ''),
(NULL, 'RobinHdb', 'playervehicles', 'Mod5', 29, '0', 'NO', 'int', NULL, NULL, 10, 0, NULL, NULL, 'int(4)', '', '', 'select,insert,update,references', ''),
(NULL, 'RobinHdb', 'playervehicles', 'Mod6', 30, '0', 'NO', 'int', NULL, NULL, 10, 0, NULL, NULL, 'int(4)', '', '', 'select,insert,update,references', ''),
(NULL, 'RobinHdb', 'playervehicles', 'Mod7', 31, '0', 'NO', 'int', NULL, NULL, 10, 0, NULL, NULL, 'int(4)', '', '', 'select,insert,update,references', ''),
(NULL, 'RobinHdb', 'playervehicles', 'Mod8', 32, '0', 'NO', 'int', NULL, NULL, 10, 0, NULL, NULL, 'int(4)', '', '', 'select,insert,update,references', ''),
(NULL, 'RobinHdb', 'playervehicles', 'Mod9', 33, '0', 'NO', 'int', NULL, NULL, 10, 0, NULL, NULL, 'int(4)', '', '', 'select,insert,update,references', ''),
(NULL, 'RobinHdb', 'playervehicles', 'Mod10', 34, '0', 'NO', 'int', NULL, NULL, 10, 0, NULL, NULL, 'int(4)', '', '', 'select,insert,update,references', ''),
(NULL, 'RobinHdb', 'playervehicles', 'Mod11', 35, '0', 'NO', 'int', NULL, NULL, 10, 0, NULL, NULL, 'int(4)', '', '', 'select,insert,update,references', ''),
(NULL, 'RobinHdb', 'playervehicles', 'Mod12', 36, '0', 'NO', 'int', NULL, NULL, 10, 0, NULL, NULL, 'int(4)', '', '', 'select,insert,update,references', ''),
(NULL, 'RobinHdb', 'playervehicles', 'Mod13', 37, '0', 'NO', 'int', NULL, NULL, 10, 0, NULL, NULL, 'int(4)', '', '', 'select,insert,update,references', ''),
(NULL, 'RobinHdb', 'playervehicles', 'Mod14', 38, '0', 'NO', 'int', NULL, NULL, 10, 0, NULL, NULL, 'int(4)', '', '', 'select,insert,update,references', ''),
(NULL, 'RobinHdb', 'punishments', 'punID', 1, NULL, 'NO', 'int', NULL, NULL, 10, 0, NULL, NULL, 'int(12)', 'PRI', 'auto_increment', 'select,insert,update,references', ''),
(NULL, 'RobinHdb', 'punishments', 'punIssuedTo', 2, '65535', 'NO', 'int', NULL, NULL, 10, 0, NULL, NULL, 'int(12)', '', '', 'select,insert,update,references', ''),
(NULL, 'RobinHdb', 'punishments', 'punIssuer', 3, '65535', 'NO', 'int', NULL, NULL, 10, 0, NULL, NULL, 'int(12)', '', '', 'select,insert,update,references', ''),
(NULL, 'RobinHdb', 'punishments', 'punText', 4, NULL, 'NO', 'varchar', 128, 128, NULL, NULL, 'latin1', 'latin1_swedish_ci', 'varchar(128)', '', '', 'select,insert,update,references', ''),
(NULL, 'RobinHdb', 'punishments', 'punType', 5, '0', 'NO', 'int', NULL, NULL, 10, 0, NULL, NULL, 'int(2)', '', '', 'select,insert,update,references', ''),
(NULL, 'RobinHdb', 'toys', 'ID', 1, NULL, 'NO', 'int', NULL, NULL, 10, 0, NULL, NULL, 'int(11)', 'PRI', 'auto_increment', 'select,insert,update,references', ''),
(NULL, 'RobinHdb', 'toys', 'Owner', 2, '0', 'NO', 'int', NULL, NULL, 10, 0, NULL, NULL, 'int(6)', '', '', 'select,insert,update,references', ''),
(NULL, 'RobinHdb', 'toys', 'ModelID', 3, '0', 'NO', 'int', NULL, NULL, 10, 0, NULL, NULL, 'int(11)', '', '', 'select,insert,update,references', ''),
(NULL, 'RobinHdb', 'toys', 'Bone', 4, '0', 'NO', 'int', NULL, NULL, 10, 0, NULL, NULL, 'int(4)', '', '', 'select,insert,update,references', ''),
(NULL, 'RobinHdb', 'toys', 'PosX', 5, NULL, 'NO', 'varchar', 32, 32, NULL, NULL, 'latin1', 'latin1_swedish_ci', 'varchar(32)', '', '', 'select,insert,update,references', ''),
(NULL, 'RobinHdb', 'toys', 'PosY', 6, NULL, 'NO', 'varchar', 32, 32, NULL, NULL, 'latin1', 'latin1_swedish_ci', 'varchar(32)', '', '', 'select,insert,update,references', ''),
(NULL, 'RobinHdb', 'toys', 'PosZ', 7, NULL, 'NO', 'varchar', 32, 32, NULL, NULL, 'latin1', 'latin1_swedish_ci', 'varchar(32)', '', '', 'select,insert,update,references', ''),
(NULL, 'RobinHdb', 'toys', 'RotX', 8, NULL, 'NO', 'varchar', 32, 32, NULL, NULL, 'latin1', 'latin1_swedish_ci', 'varchar(32)', '', '', 'select,insert,update,references', ''),
(NULL, 'RobinHdb', 'toys', 'RotY', 9, NULL, 'NO', 'varchar', 32, 32, NULL, NULL, 'latin1', 'latin1_swedish_ci', 'varchar(32)', '', '', 'select,insert,update,references', ''),
(NULL, 'RobinHdb', 'toys', 'RotZ', 10, NULL, 'NO', 'varchar', 32, 32, NULL, NULL, 'latin1', 'latin1_swedish_ci', 'varchar(32)', '', '', 'select,insert,update,references', ''),
(NULL, 'RobinHdb', 'toys', 'ScaX', 11, NULL, 'NO', 'varchar', 32, 32, NULL, NULL, 'latin1', 'latin1_swedish_ci', 'varchar(32)', '', '', 'select,insert,update,references', ''),
(NULL, 'RobinHdb', 'toys', 'ScaY', 12, NULL, 'NO', 'varchar', 32, 32, NULL, NULL, 'latin1', 'latin1_swedish_ci', 'varchar(32)', '', '', 'select,insert,update,references', ''),
(NULL, 'RobinHdb', 'toys', 'ScaZ', 13, NULL, 'NO', 'varchar', 32, 32, NULL, NULL, 'latin1', 'latin1_swedish_ci', 'varchar(32)', '', '', 'select,insert,update,references', '');

-- --------------------------------------------------------

--
-- Tabellstruktur `COLUMN_PRIVILEGES`
--

CREATE TEMPORARY TABLE `COLUMN_PRIVILEGES` (
  `GRANTEE` varchar(81) NOT NULL DEFAULT '',
  `TABLE_CATALOG` varchar(512) DEFAULT NULL,
  `TABLE_SCHEMA` varchar(64) NOT NULL DEFAULT '',
  `TABLE_NAME` varchar(64) NOT NULL DEFAULT '',
  `COLUMN_NAME` varchar(64) NOT NULL DEFAULT '',
  `PRIVILEGE_TYPE` varchar(64) NOT NULL DEFAULT '',
  `IS_GRANTABLE` varchar(3) NOT NULL DEFAULT ''
) ENGINE=MEMORY DEFAULT CHARSET=utf8;

-- --------------------------------------------------------

--
-- Tabellstruktur `ENGINES`
--

CREATE TEMPORARY TABLE `ENGINES` (
  `ENGINE` varchar(64) NOT NULL DEFAULT '',
  `SUPPORT` varchar(8) NOT NULL DEFAULT '',
  `COMMENT` varchar(80) NOT NULL DEFAULT '',
  `TRANSACTIONS` varchar(3) DEFAULT NULL,
  `XA` varchar(3) DEFAULT NULL,
  `SAVEPOINTS` varchar(3) DEFAULT NULL
) ENGINE=MEMORY DEFAULT CHARSET=utf8;

--
-- Dumpning av Data i tabell `ENGINES`
--

INSERT INTO `ENGINES` (`ENGINE`, `SUPPORT`, `COMMENT`, `TRANSACTIONS`, `XA`, `SAVEPOINTS`) VALUES
('InnoDB', 'YES', 'Supports transactions, row-level locking, and foreign keys', 'YES', 'YES', 'YES'),
('MRG_MYISAM', 'YES', 'Collection of identical MyISAM tables', 'NO', 'NO', 'NO'),
('BLACKHOLE', 'YES', '/dev/null storage engine (anything you write to it disappears)', 'NO', 'NO', 'NO'),
('CSV', 'YES', 'CSV storage engine', 'NO', 'NO', 'NO'),
('MEMORY', 'YES', 'Hash based, stored in memory, useful for temporary tables', 'NO', 'NO', 'NO'),
('FEDERATED', 'NO', 'Federated MySQL storage engine', NULL, NULL, NULL),
('ARCHIVE', 'YES', 'Archive storage engine', 'NO', 'NO', 'NO'),
('MyISAM', 'DEFAULT', 'Default engine as of MySQL 3.23 with great performance', 'NO', 'NO', 'NO');

-- --------------------------------------------------------

--
-- Tabellstruktur `EVENTS`
--

CREATE TEMPORARY TABLE `EVENTS` (
  `EVENT_CATALOG` varchar(64) DEFAULT NULL,
  `EVENT_SCHEMA` varchar(64) NOT NULL DEFAULT '',
  `EVENT_NAME` varchar(64) NOT NULL DEFAULT '',
  `DEFINER` varchar(77) NOT NULL DEFAULT '',
  `TIME_ZONE` varchar(64) NOT NULL DEFAULT '',
  `EVENT_BODY` varchar(8) NOT NULL DEFAULT '',
  `EVENT_DEFINITION` longtext NOT NULL,
  `EVENT_TYPE` varchar(9) NOT NULL DEFAULT '',
  `EXECUTE_AT` datetime DEFAULT NULL,
  `INTERVAL_VALUE` varchar(256) DEFAULT NULL,
  `INTERVAL_FIELD` varchar(18) DEFAULT NULL,
  `SQL_MODE` varchar(8192) NOT NULL DEFAULT '',
  `STARTS` datetime DEFAULT NULL,
  `ENDS` datetime DEFAULT NULL,
  `STATUS` varchar(18) NOT NULL DEFAULT '',
  `ON_COMPLETION` varchar(12) NOT NULL DEFAULT '',
  `CREATED` datetime NOT NULL DEFAULT '0000-00-00 00:00:00',
  `LAST_ALTERED` datetime NOT NULL DEFAULT '0000-00-00 00:00:00',
  `LAST_EXECUTED` datetime DEFAULT NULL,
  `EVENT_COMMENT` varchar(64) NOT NULL DEFAULT '',
  `ORIGINATOR` bigint(10) NOT NULL DEFAULT '0',
  `CHARACTER_SET_CLIENT` varchar(32) NOT NULL DEFAULT '',
  `COLLATION_CONNECTION` varchar(32) NOT NULL DEFAULT '',
  `DATABASE_COLLATION` varchar(32) NOT NULL DEFAULT ''
) ENGINE=MyISAM DEFAULT CHARSET=utf8;

-- --------------------------------------------------------

--
-- Tabellstruktur `FILES`
--

CREATE TEMPORARY TABLE `FILES` (
  `FILE_ID` bigint(4) NOT NULL DEFAULT '0',
  `FILE_NAME` varchar(64) DEFAULT NULL,
  `FILE_TYPE` varchar(20) NOT NULL DEFAULT '',
  `TABLESPACE_NAME` varchar(64) DEFAULT NULL,
  `TABLE_CATALOG` varchar(64) DEFAULT NULL,
  `TABLE_SCHEMA` varchar(64) DEFAULT NULL,
  `TABLE_NAME` varchar(64) DEFAULT NULL,
  `LOGFILE_GROUP_NAME` varchar(64) DEFAULT NULL,
  `LOGFILE_GROUP_NUMBER` bigint(4) DEFAULT NULL,
  `ENGINE` varchar(64) NOT NULL DEFAULT '',
  `FULLTEXT_KEYS` varchar(64) DEFAULT NULL,
  `DELETED_ROWS` bigint(4) DEFAULT NULL,
  `UPDATE_COUNT` bigint(4) DEFAULT NULL,
  `FREE_EXTENTS` bigint(4) DEFAULT NULL,
  `TOTAL_EXTENTS` bigint(4) DEFAULT NULL,
  `EXTENT_SIZE` bigint(4) NOT NULL DEFAULT '0',
  `INITIAL_SIZE` bigint(21) unsigned DEFAULT NULL,
  `MAXIMUM_SIZE` bigint(21) unsigned DEFAULT NULL,
  `AUTOEXTEND_SIZE` bigint(21) unsigned DEFAULT NULL,
  `CREATION_TIME` datetime DEFAULT NULL,
  `LAST_UPDATE_TIME` datetime DEFAULT NULL,
  `LAST_ACCESS_TIME` datetime DEFAULT NULL,
  `RECOVER_TIME` bigint(4) DEFAULT NULL,
  `TRANSACTION_COUNTER` bigint(4) DEFAULT NULL,
  `VERSION` bigint(21) unsigned DEFAULT NULL,
  `ROW_FORMAT` varchar(10) DEFAULT NULL,
  `TABLE_ROWS` bigint(21) unsigned DEFAULT NULL,
  `AVG_ROW_LENGTH` bigint(21) unsigned DEFAULT NULL,
  `DATA_LENGTH` bigint(21) unsigned DEFAULT NULL,
  `MAX_DATA_LENGTH` bigint(21) unsigned DEFAULT NULL,
  `INDEX_LENGTH` bigint(21) unsigned DEFAULT NULL,
  `DATA_FREE` bigint(21) unsigned DEFAULT NULL,
  `CREATE_TIME` datetime DEFAULT NULL,
  `UPDATE_TIME` datetime DEFAULT NULL,
  `CHECK_TIME` datetime DEFAULT NULL,
  `CHECKSUM` bigint(21) unsigned DEFAULT NULL,
  `STATUS` varchar(20) NOT NULL DEFAULT '',
  `EXTRA` varchar(255) DEFAULT NULL
) ENGINE=MEMORY DEFAULT CHARSET=utf8;

-- --------------------------------------------------------

--
-- Tabellstruktur `GLOBAL_STATUS`
--

CREATE TEMPORARY TABLE `GLOBAL_STATUS` (
  `VARIABLE_NAME` varchar(64) NOT NULL DEFAULT '',
  `VARIABLE_VALUE` varchar(1024) DEFAULT NULL
) ENGINE=MEMORY DEFAULT CHARSET=utf8;

--
-- Dumpning av Data i tabell `GLOBAL_STATUS`
--

INSERT INTO `GLOBAL_STATUS` (`VARIABLE_NAME`, `VARIABLE_VALUE`) VALUES
('ABORTED_CLIENTS', '17246'),
('ABORTED_CONNECTS', '316686'),
('BINLOG_CACHE_DISK_USE', '0'),
('BINLOG_CACHE_USE', '0'),
('BYTES_RECEIVED', '45455914974'),
('BYTES_SENT', '12254792840'),
('COM_ADMIN_COMMANDS', '69665690'),
('COM_ASSIGN_TO_KEYCACHE', '0'),
('COM_ALTER_DB', '0'),
('COM_ALTER_DB_UPGRADE', '0'),
('COM_ALTER_EVENT', '0'),
('COM_ALTER_FUNCTION', '0'),
('COM_ALTER_PROCEDURE', '0'),
('COM_ALTER_SERVER', '0'),
('COM_ALTER_TABLE', '1190'),
('COM_ALTER_TABLESPACE', '0'),
('COM_ANALYZE', '0'),
('COM_BACKUP_TABLE', '0'),
('COM_BEGIN', '0'),
('COM_BINLOG', '0'),
('COM_CALL_PROCEDURE', '0'),
('COM_CHANGE_DB', '28118'),
('COM_CHANGE_MASTER', '0'),
('COM_CHECK', '1'),
('COM_CHECKSUM', '0'),
('COM_COMMIT', '3775439'),
('COM_CREATE_DB', '830'),
('COM_CREATE_EVENT', '0'),
('COM_CREATE_FUNCTION', '0'),
('COM_CREATE_INDEX', '2'),
('COM_CREATE_PROCEDURE', '0'),
('COM_CREATE_SERVER', '0'),
('COM_CREATE_TABLE', '5055'),
('COM_CREATE_TRIGGER', '2'),
('COM_CREATE_UDF', '0'),
('COM_CREATE_USER', '60'),
('COM_CREATE_VIEW', '0'),
('COM_DEALLOC_SQL', '0'),
('COM_DELETE', '347995'),
('COM_DELETE_MULTI', '4'),
('COM_DO', '0'),
('COM_DROP_DB', '937'),
('COM_DROP_EVENT', '0'),
('COM_DROP_FUNCTION', '0'),
('COM_DROP_INDEX', '0'),
('COM_DROP_PROCEDURE', '0'),
('COM_DROP_SERVER', '0'),
('COM_DROP_TABLE', '1017'),
('COM_DROP_TRIGGER', '2'),
('COM_DROP_USER', '604'),
('COM_DROP_VIEW', '0'),
('COM_EMPTY_QUERY', '9'),
('COM_EXECUTE_SQL', '0'),
('COM_FLUSH', '0'),
('COM_GRANT', '1686'),
('COM_HA_CLOSE', '0'),
('COM_HA_OPEN', '0'),
('COM_HA_READ', '0'),
('COM_HELP', '0'),
('COM_INSERT', '292793226'),
('COM_INSERT_SELECT', '3'),
('COM_INSTALL_PLUGIN', '0'),
('COM_KILL', '0'),
('COM_LOAD', '0'),
('COM_LOAD_MASTER_DATA', '0'),
('COM_LOAD_MASTER_TABLE', '0'),
('COM_LOCK_TABLES', '117'),
('COM_OPTIMIZE', '1'),
('COM_PRELOAD_KEYS', '0'),
('COM_PREPARE_SQL', '0'),
('COM_PURGE', '0'),
('COM_PURGE_BEFORE_DATE', '0'),
('COM_RELEASE_SAVEPOINT', '0'),
('COM_RENAME_TABLE', '22'),
('COM_RENAME_USER', '0'),
('COM_REPAIR', '1'),
('COM_REPLACE', '0'),
('COM_REPLACE_SELECT', '0'),
('COM_RESET', '0'),
('COM_RESTORE_TABLE', '0'),
('COM_REVOKE', '48'),
('COM_REVOKE_ALL', '0'),
('COM_ROLLBACK', '43'),
('COM_ROLLBACK_TO_SAVEPOINT', '0'),
('COM_SAVEPOINT', '0'),
('COM_SELECT', '1223828'),
('COM_SET_OPTION', '7818172'),
('COM_SHOW_AUTHORS', '0'),
('COM_SHOW_BINLOG_EVENTS', '0'),
('COM_SHOW_BINLOGS', '2616'),
('COM_SHOW_CHARSETS', '0'),
('COM_SHOW_COLLATIONS', '51290'),
('COM_SHOW_COLUMN_TYPES', '0'),
('COM_SHOW_CONTRIBUTORS', '0'),
('COM_SHOW_CREATE_DB', '0'),
('COM_SHOW_CREATE_EVENT', '0'),
('COM_SHOW_CREATE_FUNC', '0'),
('COM_SHOW_CREATE_PROC', '0'),
('COM_SHOW_CREATE_TABLE', '7335'),
('COM_SHOW_CREATE_TRIGGER', '0'),
('COM_SHOW_DATABASES', '3274'),
('COM_SHOW_ENGINE_LOGS', '0'),
('COM_SHOW_ENGINE_MUTEX', '0'),
('COM_SHOW_ENGINE_STATUS', '0'),
('COM_SHOW_EVENTS', '0'),
('COM_SHOW_ERRORS', '0'),
('COM_SHOW_FIELDS', '7612'),
('COM_SHOW_FUNCTION_STATUS', '92'),
('COM_SHOW_GRANTS', '907'),
('COM_SHOW_KEYS', '4088'),
('COM_SHOW_MASTER_STATUS', '1667'),
('COM_SHOW_NEW_MASTER', '0'),
('COM_SHOW_OPEN_TABLES', '0'),
('COM_SHOW_PLUGINS', '866'),
('COM_SHOW_PRIVILEGES', '0'),
('COM_SHOW_PROCEDURE_STATUS', '92'),
('COM_SHOW_PROCESSLIST', '1601'),
('COM_SHOW_PROFILE', '0'),
('COM_SHOW_PROFILES', '0'),
('COM_SHOW_SLAVE_HOSTS', '0'),
('COM_SHOW_SLAVE_STATUS', '1667'),
('COM_SHOW_STATUS', '2035'),
('COM_SHOW_STORAGE_ENGINES', '157'),
('COM_SHOW_TABLE_STATUS', '20824'),
('COM_SHOW_TABLES', '23877'),
('COM_SHOW_TRIGGERS', '2220'),
('COM_SHOW_VARIABLES', '56002'),
('COM_SHOW_WARNINGS', '2351'),
('COM_SLAVE_START', '0'),
('COM_SLAVE_STOP', '0'),
('COM_STMT_CLOSE', '0'),
('COM_STMT_EXECUTE', '0'),
('COM_STMT_FETCH', '0'),
('COM_STMT_PREPARE', '0'),
('COM_STMT_REPREPARE', '0'),
('COM_STMT_RESET', '0'),
('COM_STMT_SEND_LONG_DATA', '0'),
('COM_TRUNCATE', '222'),
('COM_UNINSTALL_PLUGIN', '0'),
('COM_UNLOCK_TABLES', '117'),
('COM_UPDATE', '2151439'),
('COM_UPDATE_MULTI', '0'),
('COM_XA_COMMIT', '0'),
('COM_XA_END', '0'),
('COM_XA_PREPARE', '0'),
('COM_XA_RECOVER', '0'),
('COM_XA_ROLLBACK', '0'),
('COM_XA_START', '0'),
('COMPRESSION', 'OFF'),
('CONNECTIONS', '413655'),
('CREATED_TMP_DISK_TABLES', '23719'),
('CREATED_TMP_FILES', '752'),
('CREATED_TMP_TABLES', '232808'),
('DELAYED_ERRORS', '0'),
('DELAYED_INSERT_THREADS', '3'),
('DELAYED_WRITES', '104325993'),
('FLUSH_COMMANDS', '1'),
('HANDLER_COMMIT', '2865644'),
('HANDLER_DELETE', '36179253'),
('HANDLER_DISCOVER', '0'),
('HANDLER_PREPARE', '0'),
('HANDLER_READ_FIRST', '558872'),
('HANDLER_READ_KEY', '14736809'),
('HANDLER_READ_NEXT', '602479207'),
('HANDLER_READ_PREV', '12182942'),
('HANDLER_READ_RND', '16662636'),
('HANDLER_READ_RND_NEXT', '571625373'),
('HANDLER_ROLLBACK', '53447'),
('HANDLER_SAVEPOINT', '0'),
('HANDLER_SAVEPOINT_ROLLBACK', '0'),
('HANDLER_UPDATE', '2268589'),
('HANDLER_WRITE', '302751733'),
('INNODB_BUFFER_POOL_PAGES_DATA', '503'),
('INNODB_BUFFER_POOL_PAGES_DIRTY', '0'),
('INNODB_BUFFER_POOL_PAGES_FLUSHED', '1845920'),
('INNODB_BUFFER_POOL_PAGES_FREE', '1'),
('INNODB_BUFFER_POOL_PAGES_MISC', '8'),
('INNODB_BUFFER_POOL_PAGES_TOTAL', '512'),
('INNODB_BUFFER_POOL_READ_AHEAD_RND', '60'),
('INNODB_BUFFER_POOL_READ_AHEAD_SEQ', '64'),
('INNODB_BUFFER_POOL_READ_REQUESTS', '629782423'),
('INNODB_BUFFER_POOL_READS', '1841'),
('INNODB_BUFFER_POOL_WAIT_FREE', '0'),
('INNODB_BUFFER_POOL_WRITE_REQUESTS', '10988549'),
('INNODB_DATA_FSYNCS', '3259884'),
('INNODB_DATA_PENDING_FSYNCS', '0'),
('INNODB_DATA_PENDING_READS', '0'),
('INNODB_DATA_PENDING_WRITES', '0'),
('INNODB_DATA_READ', '49451008'),
('INNODB_DATA_READS', '2220'),
('INNODB_DATA_WRITES', '4603165'),
('INNODB_DATA_WRITTEN', '62407883264'),
('INNODB_DBLWR_PAGES_WRITTEN', '1845920'),
('INNODB_DBLWR_WRITES', '408671'),
('INNODB_LOG_WAITS', '0'),
('INNODB_LOG_WRITE_REQUESTS', '1489532'),
('INNODB_LOG_WRITES', '2094493'),
('INNODB_OS_LOG_FSYNCS', '2442320'),
('INNODB_OS_LOG_PENDING_FSYNCS', '0'),
('INNODB_OS_LOG_PENDING_WRITES', '0'),
('INNODB_OS_LOG_WRITTEN', '1742733824'),
('INNODB_PAGE_SIZE', '16384'),
('INNODB_PAGES_CREATED', '2911'),
('INNODB_PAGES_READ', '2825'),
('INNODB_PAGES_WRITTEN', '1845920'),
('INNODB_ROW_LOCK_CURRENT_WAITS', '0'),
('INNODB_ROW_LOCK_TIME', '0'),
('INNODB_ROW_LOCK_TIME_AVG', '0'),
('INNODB_ROW_LOCK_TIME_MAX', '0'),
('INNODB_ROW_LOCK_WAITS', '0'),
('INNODB_ROWS_DELETED', '132286'),
('INNODB_ROWS_INSERTED', '726054'),
('INNODB_ROWS_READ', '581155796'),
('INNODB_ROWS_UPDATED', '1300190'),
('KEY_BLOCKS_NOT_FLUSHED', '0'),
('KEY_BLOCKS_UNUSED', '0'),
('KEY_BLOCKS_USED', '13396'),
('KEY_READ_REQUESTS', '4753145540'),
('KEY_READS', '17123310'),
('KEY_WRITE_REQUESTS', '1124525927'),
('KEY_WRITES', '976899685'),
('LAST_QUERY_COST', '0.000000'),
('MAX_USED_CONNECTIONS', '152'),
('NOT_FLUSHED_DELAYED_ROWS', '0'),
('OPEN_FILES', '86'),
('OPEN_STREAMS', '0'),
('OPEN_TABLE_DEFINITIONS', '250'),
('OPEN_TABLES', '64'),
('OPENED_FILES', '242777'),
('OPENED_TABLE_DEFINITIONS', '11392'),
('OPENED_TABLES', '35145'),
('PREPARED_STMT_COUNT', '0'),
('QCACHE_FREE_BLOCKS', '142'),
('QCACHE_FREE_MEMORY', '4272968'),
('QCACHE_HITS', '735843'),
('QCACHE_INSERTS', '674169'),
('QCACHE_LOWMEM_PRUNES', '3053'),
('QCACHE_NOT_CACHED', '545345'),
('QCACHE_QUERIES_IN_CACHE', '5042'),
('QCACHE_TOTAL_BLOCKS', '10435'),
('QUERIES', '309149642'),
('QUESTIONS', '309149047'),
('RPL_STATUS', 'NULL'),
('SELECT_FULL_JOIN', '391'),
('SELECT_FULL_RANGE_JOIN', '0'),
('SELECT_RANGE', '23874'),
('SELECT_RANGE_CHECK', '0'),
('SELECT_SCAN', '712413'),
('SLAVE_OPEN_TEMP_TABLES', '0'),
('SLAVE_RETRIED_TRANSACTIONS', '0'),
('SLAVE_RUNNING', 'OFF'),
('SLOW_LAUNCH_THREADS', '0'),
('SLOW_QUERIES', '138'),
('SORT_MERGE_PASSES', '481'),
('SORT_RANGE', '54205'),
('SORT_ROWS', '93690670'),
('SORT_SCAN', '71591'),
('SSL_ACCEPT_RENEGOTIATES', '0'),
('SSL_ACCEPTS', '0'),
('SSL_CALLBACK_CACHE_HITS', '0'),
('SSL_CIPHER', ''),
('SSL_CIPHER_LIST', ''),
('SSL_CLIENT_CONNECTS', '0'),
('SSL_CONNECT_RENEGOTIATES', '0'),
('SSL_CTX_VERIFY_DEPTH', '0'),
('SSL_CTX_VERIFY_MODE', '0'),
('SSL_DEFAULT_TIMEOUT', '0'),
('SSL_FINISHED_ACCEPTS', '0'),
('SSL_FINISHED_CONNECTS', '0'),
('SSL_SESSION_CACHE_HITS', '0'),
('SSL_SESSION_CACHE_MISSES', '0'),
('SSL_SESSION_CACHE_MODE', 'NONE'),
('SSL_SESSION_CACHE_OVERFLOWS', '0'),
('SSL_SESSION_CACHE_SIZE', '0'),
('SSL_SESSION_CACHE_TIMEOUTS', '0'),
('SSL_SESSIONS_REUSED', '0'),
('SSL_USED_SESSION_CACHE_ENTRIES', '0'),
('SSL_VERIFY_DEPTH', '0'),
('SSL_VERIFY_MODE', '0'),
('SSL_VERSION', ''),
('TABLE_LOCKS_IMMEDIATE', '296144198'),
('TABLE_LOCKS_WAITED', '27410'),
('TC_LOG_MAX_PAGES_USED', '0'),
('TC_LOG_PAGE_SIZE', '0'),
('TC_LOG_PAGE_WAITS', '0'),
('THREADS_CACHED', '6'),
('THREADS_CONNECTED', '12'),
('THREADS_CREATED', '11247'),
('THREADS_RUNNING', '1'),
('UPTIME', '10157121'),
('UPTIME_SINCE_FLUSH_STATUS', '10157121');

-- --------------------------------------------------------

--
-- Tabellstruktur `GLOBAL_VARIABLES`
--

CREATE TEMPORARY TABLE `GLOBAL_VARIABLES` (
  `VARIABLE_NAME` varchar(64) NOT NULL DEFAULT '',
  `VARIABLE_VALUE` varchar(1024) DEFAULT NULL
) ENGINE=MEMORY DEFAULT CHARSET=utf8;

--
-- Dumpning av Data i tabell `GLOBAL_VARIABLES`
--

INSERT INTO `GLOBAL_VARIABLES` (`VARIABLE_NAME`, `VARIABLE_VALUE`) VALUES
('MAX_PREPARED_STMT_COUNT', '16382'),
('CHARACTER_SETS_DIR', '/usr/share/mysql/charsets/'),
('HAVE_CRYPT', 'YES'),
('CONNECT_TIMEOUT', '10'),
('MYISAM_REPAIR_THREADS', '1'),
('AUTOMATIC_SP_PRIVILEGES', 'ON'),
('MAX_BINLOG_SIZE', '104857600'),
('BINLOG_CACHE_SIZE', '32768'),
('LOG_SLAVE_UPDATES', 'OFF'),
('BACK_LOG', '50'),
('FT_MIN_WORD_LEN', '4'),
('MYISAM_USE_MMAP', 'OFF'),
('DELAYED_INSERT_TIMEOUT', '300'),
('FT_BOOLEAN_SYNTAX', '+ -><()~*:""&|'),
('LOG_BIN_TRUST_ROUTINE_CREATORS', 'OFF'),
('CHARACTER_SET_CONNECTION', 'latin1'),
('THREAD_STACK', '196608'),
('CHARACTER_SET_RESULTS', 'latin1'),
('BASEDIR', '/usr/'),
('PID_FILE', '/var/run/mysqld/mysqld.pid'),
('UPDATABLE_VIEWS_WITH_LIMIT', 'YES'),
('OPTIMIZER_SEARCH_DEPTH', '62'),
('SLOW_LAUNCH_TIME', '2'),
('SERVER_ID', '0'),
('INNODB_LOCK_WAIT_TIMEOUT', '50'),
('COMPLETION_TYPE', '0'),
('RELAY_LOG_INDEX', ''),
('LONG_QUERY_TIME', '10.000000'),
('SQL_QUOTE_SHOW_CREATE', 'ON'),
('EVENT_SCHEDULER', 'OFF'),
('SQL_LOG_UPDATE', 'ON'),
('COLLATION_DATABASE', 'latin1_swedish_ci'),
('INNODB_USE_LEGACY_CARDINALITY_ALGORITHM', 'ON'),
('FT_MAX_WORD_LEN', '84'),
('LOCKED_IN_MEMORY', 'OFF'),
('CONCURRENT_INSERT', '1'),
('OPTIMIZER_SWITCH', 'index_merge=on,index_merge_union=on,index_merge_sort_union=on,index_merge_intersection=on'),
('PRELOAD_BUFFER_SIZE', '32768'),
('REPORT_HOST', ''),
('INIT_SLAVE', ''),
('SSL_KEY', ''),
('FLUSH', 'OFF'),
('MAX_WRITE_LOCK_COUNT', '18446744073709551615'),
('DELAYED_INSERT_LIMIT', '100'),
('SLAVE_SKIP_ERRORS', 'OFF'),
('FT_QUERY_EXPANSION_LIMIT', '20'),
('INSERT_ID', '0'),
('SQL_LOW_PRIORITY_UPDATES', 'OFF'),
('RELAY_LOG_PURGE', 'ON'),
('TMP_TABLE_SIZE', '16777216'),
('SKIP_SHOW_DATABASE', 'OFF'),
('FT_STOPWORD_FILE', '(built-in)'),
('GROUP_CONCAT_MAX_LEN', '1024'),
('JOIN_BUFFER_SIZE', '131072'),
('INNODB_LOG_BUFFER_SIZE', '1048576'),
('MAX_ERROR_COUNT', '64'),
('INIT_CONNECT', ''),
('MAX_SEEKS_FOR_KEY', '18446744073709551615'),
('INNODB_MAX_PURGE_LAG', '0'),
('DELAYED_QUEUE_SIZE', '1000'),
('TRANSACTION_PREALLOC_SIZE', '4096'),
('INTERACTIVE_TIMEOUT', '28800'),
('VERSION_COMPILE_OS', 'debian-linux-gnu'),
('INNODB_FILE_PER_TABLE', 'OFF'),
('SQL_NOTES', 'ON'),
('LARGE_PAGES', 'OFF'),
('LOW_PRIORITY_UPDATES', 'OFF'),
('AUTO_INCREMENT_OFFSET', '1'),
('REPORT_PASSWORD', ''),
('MAX_CONNECT_ERRORS', '10'),
('MAX_INSERT_DELAYED_THREADS', '20'),
('PLUGIN_DIR', '/usr/lib/mysql/plugin'),
('HAVE_COMPRESS', 'YES'),
('MAX_CONNECTIONS', '151'),
('TRANSACTION_ALLOC_BLOCK_SIZE', '8192'),
('TIMED_MUTEXES', 'OFF'),
('THREAD_CACHE_SIZE', '8'),
('LANGUAGE', '/usr/share/mysql/english/'),
('INNODB_DOUBLEWRITE', 'ON'),
('PSEUDO_THREAD_ID', '0'),
('MAX_USER_CONNECTIONS', '0'),
('BULK_INSERT_BUFFER_SIZE', '8388608'),
('DEFAULT_WEEK_FORMAT', '0'),
('LOWER_CASE_FILE_SYSTEM', 'OFF'),
('LOG_OUTPUT', 'FILE'),
('MAX_RELAY_LOG_SIZE', '0'),
('LOG_WARNINGS', '1'),
('MIN_EXAMINED_ROW_LIMIT', '0'),
('PROTOCOL_VERSION', '10'),
('COLLATION_SERVER', 'latin1_swedish_ci'),
('HAVE_SYMLINK', 'YES'),
('CHARACTER_SET_SERVER', 'latin1'),
('TIME_ZONE', 'SYSTEM'),
('MAX_LENGTH_FOR_SORT_DATA', '1024'),
('INNODB_TABLE_LOCKS', 'ON'),
('MAX_HEAP_TABLE_SIZE', '16777216'),
('INNODB_AUTOEXTEND_INCREMENT', '8'),
('DELAY_KEY_WRITE', 'ON'),
('MYISAM_DATA_POINTER_SIZE', '6'),
('KEY_CACHE_AGE_THRESHOLD', '300'),
('INNODB_THREAD_SLEEP_DELAY', '10000'),
('NET_RETRY_COUNT', '10'),
('SQL_AUTO_IS_NULL', 'ON'),
('LOG_QUERIES_NOT_USING_INDEXES', 'OFF'),
('SLAVE_TRANSACTION_RETRIES', '10'),
('TABLE_LOCK_WAIT_TIMEOUT', '50'),
('SLAVE_COMPRESSED_PROTOCOL', 'OFF'),
('LARGE_PAGE_SIZE', '0'),
('GENERAL_LOG', 'OFF'),
('INNODB_LOCKS_UNSAFE_FOR_BINLOG', 'OFF'),
('TABLE_TYPE', 'MyISAM'),
('SECURE_FILE_PRIV', ''),
('QUERY_CACHE_MIN_RES_UNIT', '4096'),
('QUERY_PREALLOC_SIZE', '8192'),
('INNODB_STATS_ON_METADATA', 'ON'),
('RELAY_LOG', ''),
('INNODB_ROLLBACK_ON_TIMEOUT', 'OFF'),
('FLUSH_TIME', '0'),
('PROFILING_HISTORY_SIZE', '15'),
('CHARACTER_SET_FILESYSTEM', 'binary'),
('INNODB_ADDITIONAL_MEM_POOL_SIZE', '1048576'),
('MAX_BINLOG_CACHE_SIZE', '18446744073709547520'),
('READ_RND_BUFFER_SIZE', '262144'),
('READ_BUFFER_SIZE', '131072'),
('SECURE_AUTH', 'OFF'),
('MAX_SORT_LENGTH', '1024'),
('BIG_TABLES', 'OFF'),
('NET_BUFFER_LENGTH', '16384'),
('SQL_SELECT_LIMIT', '18446744073709551615'),
('MYISAM_MAX_SORT_FILE_SIZE', '9223372036853727232'),
('DATE_FORMAT', '%Y-%m-%d'),
('NET_WRITE_TIMEOUT', '60'),
('READ_ONLY', 'OFF'),
('SLAVE_EXEC_MODE', 'STRICT'),
('RAND_SEED1', ''),
('BINLOG_DIRECT_NON_TRANSACTIONAL_UPDATES', 'OFF'),
('INNODB_DATA_FILE_PATH', 'ibdata1:10M:autoextend'),
('QUERY_CACHE_LIMIT', '1048576'),
('VERSION_COMMENT', '(Debian)'),
('SYNC_FRM', 'ON'),
('PROFILING', 'OFF'),
('QUERY_CACHE_SIZE', '16777216'),
('OLD_PASSWORDS', 'OFF'),
('LOWER_CASE_TABLE_NAMES', '0'),
('KEY_CACHE_DIVISION_LIMIT', '100'),
('LOG_BIN', 'OFF'),
('GENERAL_LOG_FILE', '/var/run/mysqld/mysqld.log'),
('MYISAM_SORT_BUFFER_SIZE', '8388608'),
('SKIP_NAME_RESOLVE', 'OFF'),
('SSL_CERT', ''),
('AUTO_INCREMENT_INCREMENT', '1'),
('SQL_MODE', ''),
('TMPDIR', '/tmp'),
('QUERY_ALLOC_BLOCK_SIZE', '8192'),
('EXPIRE_LOGS_DAYS', '10'),
('QUERY_CACHE_TYPE', 'ON'),
('HAVE_PARTITIONING', 'YES'),
('INIT_FILE', ''),
('FOREIGN_KEY_CHECKS', 'ON'),
('THREAD_HANDLING', 'one-thread-per-connection'),
('RELAY_LOG_INFO_FILE', 'relay-log.info'),
('QUERY_CACHE_WLOCK_INVALIDATE', 'OFF'),
('INNODB_AUTOINC_LOCK_MODE', '1'),
('MYISAM_RECOVER_OPTIONS', 'BACKUP'),
('INNODB_COMMIT_CONCURRENCY', '0'),
('MYISAM_STATS_METHOD', 'nulls_unequal'),
('INNODB_MIRRORED_LOG_GROUPS', '1'),
('SYSTEM_TIME_ZONE', 'EDT'),
('UNIQUE_CHECKS', 'ON'),
('SKIP_NETWORKING', 'OFF'),
('VERSION', '5.1.63-0+squeeze1'),
('OPTIMIZER_PRUNE_LEVEL', '1'),
('INNODB_SUPPORT_XA', 'ON'),
('AUTOCOMMIT', 'ON'),
('INNODB_SYNC_SPIN_LOOPS', '20'),
('OPEN_FILES_LIMIT', '1024'),
('COLLATION_CONNECTION', 'latin1_swedish_ci'),
('HOSTNAME', 'mysql2'),
('HAVE_QUERY_CACHE', 'YES'),
('CHARACTER_SET_DATABASE', 'latin1'),
('INNODB_ADAPTIVE_HASH_INDEX', 'ON'),
('RPL_RECOVERY_RANK', '0'),
('CHARACTER_SET_SYSTEM', 'utf8'),
('VERSION_COMPILE_MACHINE', 'x86_64'),
('DIV_PRECISION_INCREMENT', '4'),
('TABLE_DEFINITION_CACHE', '256'),
('DATADIR', '/var/lib/mysql/'),
('NET_READ_TIMEOUT', '30'),
('INNODB_DATA_HOME_DIR', ''),
('HAVE_CSV', 'YES'),
('SQL_LOG_BIN', 'ON'),
('MAX_ALLOWED_PACKET', '16777216'),
('SQL_SLAVE_SKIP_COUNTER', ''),
('WARNING_COUNT', '0'),
('TIME_FORMAT', '%H:%i:%s'),
('ENGINE_CONDITION_PUSHDOWN', 'ON'),
('INNODB_FORCE_RECOVERY', '0'),
('LAST_INSERT_ID', '0'),
('INNODB_LOG_FILES_IN_GROUP', '2'),
('SQL_BIG_TABLES', 'OFF'),
('ERROR_COUNT', '0'),
('SQL_SAFE_UPDATES', 'OFF'),
('HAVE_DYNAMIC_LOADING', 'YES'),
('MAX_SP_RECURSION_DEPTH', '0'),
('SYNC_BINLOG', '0'),
('SQL_BIG_SELECTS', 'ON'),
('RELAY_LOG_SPACE_LIMIT', '0'),
('MAX_LONG_DATA_SIZE', '16777216'),
('INNODB_OPEN_FILES', '300'),
('LARGE_FILES_SUPPORT', 'ON'),
('OLD', 'OFF'),
('KEEP_FILES_ON_CREATE', 'OFF'),
('INNODB_MAX_DIRTY_PAGES_PCT', '90'),
('SQL_MAX_JOIN_SIZE', '18446744073709551615'),
('NEW', 'OFF'),
('TABLE_OPEN_CACHE', '64'),
('KEY_BUFFER_SIZE', '16777216'),
('HAVE_COMMUNITY_FEATURES', 'YES'),
('HAVE_NDBCLUSTER', 'NO'),
('REPORT_PORT', '3306'),
('HAVE_GEOMETRY', 'YES'),
('SQL_BUFFER_RESULT', 'OFF'),
('INNODB_STATS_METHOD', 'nulls_equal'),
('KEY_CACHE_BLOCK_SIZE', '1024'),
('INNODB_FAST_SHUTDOWN', '1'),
('SSL_CIPHER', ''),
('SSL_CA', ''),
('SQL_WARNINGS', 'OFF'),
('INNODB_THREAD_CONCURRENCY', '8'),
('HAVE_INNODB', 'YES'),
('SLAVE_NET_TIMEOUT', '3600'),
('SSL_CAPATH', ''),
('INNODB_BUFFER_POOL_SIZE', '8388608'),
('LOG_ERROR', ''),
('LOCAL_INFILE', 'ON'),
('REPORT_USER', ''),
('HAVE_RTREE_KEYS', 'YES'),
('LOG', 'OFF'),
('BINLOG_FORMAT', 'STATEMENT'),
('TX_ISOLATION', 'REPEATABLE-READ'),
('OLD_ALTER_TABLE', 'OFF'),
('LC_TIME_NAMES', 'en_US'),
('MYISAM_MMAP_SIZE', '18446744073709551615'),
('LOG_SLOW_QUERIES', 'OFF'),
('IGNORE_BUILTIN_INNODB', 'OFF'),
('MAX_TMP_TABLES', '32'),
('TIMESTAMP', '1355751726'),
('SQL_LOG_OFF', 'OFF'),
('MAX_DELAYED_THREADS', '20'),
('SLOW_QUERY_LOG_FILE', '/var/run/mysqld/mysqld-slow.log'),
('DATETIME_FORMAT', '%Y-%m-%d %H:%i:%s'),
('MULTI_RANGE_COUNT', '256'),
('INNODB_FLUSH_LOG_AT_TRX_COMMIT', '1'),
('SLOW_QUERY_LOG', 'OFF'),
('INNODB_FILE_IO_THREADS', '4'),
('INNODB_FLUSH_METHOD', ''),
('LICENSE', 'GPL'),
('RANGE_ALLOC_BLOCK_SIZE', '4096'),
('INNODB_CHECKSUMS', 'ON'),
('STORAGE_ENGINE', 'MyISAM'),
('PORT', '3306'),
('HAVE_SSL', 'DISABLED'),
('INNODB_LOG_FILE_SIZE', '5242880'),
('INNODB_CONCURRENCY_TICKETS', '500'),
('LOG_BIN_TRUST_FUNCTION_CREATORS', 'OFF'),
('MAX_JOIN_SIZE', '18446744073709551615'),
('SORT_BUFFER_SIZE', '2097144'),
('WAIT_TIMEOUT', '28800'),
('HAVE_OPENSSL', 'DISABLED'),
('INNODB_LOG_GROUP_HOME_DIR', './'),
('SOCKET', '/var/run/mysqld/mysqld.sock'),
('CHARACTER_SET_CLIENT', 'latin1'),
('RAND_SEED2', ''),
('SKIP_EXTERNAL_LOCKING', 'ON'),
('IDENTITY', '0'),
('SLAVE_LOAD_TMPDIR', '/tmp');

-- --------------------------------------------------------

--
-- Tabellstruktur `KEY_COLUMN_USAGE`
--

CREATE TEMPORARY TABLE `KEY_COLUMN_USAGE` (
  `CONSTRAINT_CATALOG` varchar(512) DEFAULT NULL,
  `CONSTRAINT_SCHEMA` varchar(64) NOT NULL DEFAULT '',
  `CONSTRAINT_NAME` varchar(64) NOT NULL DEFAULT '',
  `TABLE_CATALOG` varchar(512) DEFAULT NULL,
  `TABLE_SCHEMA` varchar(64) NOT NULL DEFAULT '',
  `TABLE_NAME` varchar(64) NOT NULL DEFAULT '',
  `COLUMN_NAME` varchar(64) NOT NULL DEFAULT '',
  `ORDINAL_POSITION` bigint(10) NOT NULL DEFAULT '0',
  `POSITION_IN_UNIQUE_CONSTRAINT` bigint(10) DEFAULT NULL,
  `REFERENCED_TABLE_SCHEMA` varchar(64) DEFAULT NULL,
  `REFERENCED_TABLE_NAME` varchar(64) DEFAULT NULL,
  `REFERENCED_COLUMN_NAME` varchar(64) DEFAULT NULL
) ENGINE=MEMORY DEFAULT CHARSET=utf8;

--
-- Dumpning av Data i tabell `KEY_COLUMN_USAGE`
--

INSERT INTO `KEY_COLUMN_USAGE` (`CONSTRAINT_CATALOG`, `CONSTRAINT_SCHEMA`, `CONSTRAINT_NAME`, `TABLE_CATALOG`, `TABLE_SCHEMA`, `TABLE_NAME`, `COLUMN_NAME`, `ORDINAL_POSITION`, `POSITION_IN_UNIQUE_CONSTRAINT`, `REFERENCED_TABLE_SCHEMA`, `REFERENCED_TABLE_NAME`, `REFERENCED_COLUMN_NAME`) VALUES
(NULL, 'RobinHdb', 'PRIMARY', NULL, 'RobinHdb', 'crimes', 'crimeID', 1, NULL, NULL, NULL, NULL),
(NULL, 'RobinHdb', 'PRIMARY', NULL, 'RobinHdb', 'kills', 'ID', 1, NULL, NULL, NULL, NULL),
(NULL, 'RobinHdb', 'PRIMARY', NULL, 'RobinHdb', 'players', 'ID', 1, NULL, NULL, NULL, NULL),
(NULL, 'RobinHdb', 'PRIMARY', NULL, 'RobinHdb', 'playervehicles', 'ID', 1, NULL, NULL, NULL, NULL),
(NULL, 'RobinHdb', 'PRIMARY', NULL, 'RobinHdb', 'punishments', 'punID', 1, NULL, NULL, NULL, NULL),
(NULL, 'RobinHdb', 'PRIMARY', NULL, 'RobinHdb', 'toys', 'ID', 1, NULL, NULL, NULL, NULL);

-- --------------------------------------------------------

--
-- Tabellstruktur `PARTITIONS`
--

CREATE TEMPORARY TABLE `PARTITIONS` (
  `TABLE_CATALOG` varchar(512) DEFAULT NULL,
  `TABLE_SCHEMA` varchar(64) NOT NULL DEFAULT '',
  `TABLE_NAME` varchar(64) NOT NULL DEFAULT '',
  `PARTITION_NAME` varchar(64) DEFAULT NULL,
  `SUBPARTITION_NAME` varchar(64) DEFAULT NULL,
  `PARTITION_ORDINAL_POSITION` bigint(21) unsigned DEFAULT NULL,
  `SUBPARTITION_ORDINAL_POSITION` bigint(21) unsigned DEFAULT NULL,
  `PARTITION_METHOD` varchar(12) DEFAULT NULL,
  `SUBPARTITION_METHOD` varchar(12) DEFAULT NULL,
  `PARTITION_EXPRESSION` longtext,
  `SUBPARTITION_EXPRESSION` longtext,
  `PARTITION_DESCRIPTION` longtext,
  `TABLE_ROWS` bigint(21) unsigned NOT NULL DEFAULT '0',
  `AVG_ROW_LENGTH` bigint(21) unsigned NOT NULL DEFAULT '0',
  `DATA_LENGTH` bigint(21) unsigned NOT NULL DEFAULT '0',
  `MAX_DATA_LENGTH` bigint(21) unsigned DEFAULT NULL,
  `INDEX_LENGTH` bigint(21) unsigned NOT NULL DEFAULT '0',
  `DATA_FREE` bigint(21) unsigned NOT NULL DEFAULT '0',
  `CREATE_TIME` datetime DEFAULT NULL,
  `UPDATE_TIME` datetime DEFAULT NULL,
  `CHECK_TIME` datetime DEFAULT NULL,
  `CHECKSUM` bigint(21) unsigned DEFAULT NULL,
  `PARTITION_COMMENT` varchar(80) NOT NULL DEFAULT '',
  `NODEGROUP` varchar(12) NOT NULL DEFAULT '',
  `TABLESPACE_NAME` varchar(64) DEFAULT NULL
) ENGINE=MyISAM DEFAULT CHARSET=utf8;

--
-- Dumpning av Data i tabell `PARTITIONS`
--

INSERT INTO `PARTITIONS` (`TABLE_CATALOG`, `TABLE_SCHEMA`, `TABLE_NAME`, `PARTITION_NAME`, `SUBPARTITION_NAME`, `PARTITION_ORDINAL_POSITION`, `SUBPARTITION_ORDINAL_POSITION`, `PARTITION_METHOD`, `SUBPARTITION_METHOD`, `PARTITION_EXPRESSION`, `SUBPARTITION_EXPRESSION`, `PARTITION_DESCRIPTION`, `TABLE_ROWS`, `AVG_ROW_LENGTH`, `DATA_LENGTH`, `MAX_DATA_LENGTH`, `INDEX_LENGTH`, `DATA_FREE`, `CREATE_TIME`, `UPDATE_TIME`, `CHECK_TIME`, `CHECKSUM`, `PARTITION_COMMENT`, `NODEGROUP`, `TABLESPACE_NAME`) VALUES
(NULL, 'information_schema', 'CHARACTER_SETS', NULL, NULL, NULL, NULL, NULL, NULL, NULL, NULL, NULL, 0, 384, 0, 16434816, 0, 0, '2012-12-17 13:42:06', NULL, NULL, NULL, '', '', NULL),
(NULL, 'information_schema', 'COLLATIONS', NULL, NULL, NULL, NULL, NULL, NULL, NULL, NULL, NULL, 0, 231, 0, 16704765, 0, 0, '2012-12-17 13:42:06', NULL, NULL, NULL, '', '', NULL),
(NULL, 'information_schema', 'COLLATION_CHARACTER_SET_APPLICABILITY', NULL, NULL, NULL, NULL, NULL, NULL, NULL, NULL, NULL, 0, 195, 0, 16357770, 0, 0, '2012-12-17 13:42:06', NULL, NULL, NULL, '', '', NULL),
(NULL, 'information_schema', 'COLUMNS', NULL, NULL, NULL, NULL, NULL, NULL, NULL, NULL, NULL, 0, 0, 0, 281474976710655, 1024, 0, '2012-12-17 13:42:06', '2012-12-17 13:42:06', NULL, NULL, '', '', NULL),
(NULL, 'information_schema', 'COLUMN_PRIVILEGES', NULL, NULL, NULL, NULL, NULL, NULL, NULL, NULL, NULL, 0, 2565, 0, 16757145, 0, 0, '2012-12-17 13:42:06', NULL, NULL, NULL, '', '', NULL),
(NULL, 'information_schema', 'ENGINES', NULL, NULL, NULL, NULL, NULL, NULL, NULL, NULL, NULL, 0, 490, 0, 16574250, 0, 0, '2012-12-17 13:42:06', NULL, NULL, NULL, '', '', NULL),
(NULL, 'information_schema', 'EVENTS', NULL, NULL, NULL, NULL, NULL, NULL, NULL, NULL, NULL, 0, 0, 0, 281474976710655, 1024, 0, '2012-12-17 13:42:06', '2012-12-17 13:42:06', NULL, NULL, '', '', NULL),
(NULL, 'information_schema', 'FILES', NULL, NULL, NULL, NULL, NULL, NULL, NULL, NULL, NULL, 0, 2677, 0, 16758020, 0, 0, '2012-12-17 13:42:06', NULL, NULL, NULL, '', '', NULL),
(NULL, 'information_schema', 'GLOBAL_STATUS', NULL, NULL, NULL, NULL, NULL, NULL, NULL, NULL, NULL, 0, 3268, 0, 16755036, 0, 0, '2012-12-17 13:42:06', NULL, NULL, NULL, '', '', NULL),
(NULL, 'information_schema', 'GLOBAL_VARIABLES', NULL, NULL, NULL, NULL, NULL, NULL, NULL, NULL, NULL, 0, 3268, 0, 16755036, 0, 0, '2012-12-17 13:42:06', NULL, NULL, NULL, '', '', NULL),
(NULL, 'information_schema', 'KEY_COLUMN_USAGE', NULL, NULL, NULL, NULL, NULL, NULL, NULL, NULL, NULL, 0, 4637, 0, 16762755, 0, 0, '2012-12-17 13:42:06', NULL, NULL, NULL, '', '', NULL),
(NULL, 'information_schema', 'PARTITIONS', NULL, NULL, NULL, NULL, NULL, NULL, NULL, NULL, NULL, 0, 0, 0, 281474976710655, 1024, 0, '2012-12-17 13:42:06', '2012-12-17 13:42:06', NULL, NULL, '', '', NULL),
(NULL, 'information_schema', 'PLUGINS', NULL, NULL, NULL, NULL, NULL, NULL, NULL, NULL, NULL, 0, 0, 0, 281474976710655, 1024, 0, '2012-12-17 13:42:06', '2012-12-17 13:42:06', NULL, NULL, '', '', NULL),
(NULL, 'information_schema', 'PROCESSLIST', NULL, NULL, NULL, NULL, NULL, NULL, NULL, NULL, NULL, 0, 0, 0, 281474976710655, 1024, 0, '2012-12-17 13:42:06', '2012-12-17 13:42:06', NULL, NULL, '', '', NULL),
(NULL, 'information_schema', 'PROFILING', NULL, NULL, NULL, NULL, NULL, NULL, NULL, NULL, NULL, 0, 308, 0, 16562084, 0, 0, '2012-12-17 13:42:06', NULL, NULL, NULL, '', '', NULL),
(NULL, 'information_schema', 'REFERENTIAL_CONSTRAINTS', NULL, NULL, NULL, NULL, NULL, NULL, NULL, NULL, NULL, 0, 4814, 0, 16767162, 0, 0, '2012-12-17 13:42:06', NULL, NULL, NULL, '', '', NULL),
(NULL, 'information_schema', 'ROUTINES', NULL, NULL, NULL, NULL, NULL, NULL, NULL, NULL, NULL, 0, 0, 0, 281474976710655, 1024, 0, '2012-12-17 13:42:06', '2012-12-17 13:42:06', NULL, NULL, '', '', NULL),
(NULL, 'information_schema', 'SCHEMATA', NULL, NULL, NULL, NULL, NULL, NULL, NULL, NULL, NULL, 0, 3464, 0, 16738048, 0, 0, '2012-12-17 13:42:06', NULL, NULL, NULL, '', '', NULL),
(NULL, 'information_schema', 'SCHEMA_PRIVILEGES', NULL, NULL, NULL, NULL, NULL, NULL, NULL, NULL, NULL, 0, 2179, 0, 16736899, 0, 0, '2012-12-17 13:42:06', NULL, NULL, NULL, '', '', NULL),
(NULL, 'information_schema', 'SESSION_STATUS', NULL, NULL, NULL, NULL, NULL, NULL, NULL, NULL, NULL, 0, 3268, 0, 16755036, 0, 0, '2012-12-17 13:42:06', NULL, NULL, NULL, '', '', NULL),
(NULL, 'information_schema', 'SESSION_VARIABLES', NULL, NULL, NULL, NULL, NULL, NULL, NULL, NULL, NULL, 0, 3268, 0, 16755036, 0, 0, '2012-12-17 13:42:06', NULL, NULL, NULL, '', '', NULL),
(NULL, 'information_schema', 'STATISTICS', NULL, NULL, NULL, NULL, NULL, NULL, NULL, NULL, NULL, 0, 2679, 0, 16770540, 0, 0, '2012-12-17 13:42:06', NULL, NULL, NULL, '', '', NULL),
(NULL, 'information_schema', 'TABLES', NULL, NULL, NULL, NULL, NULL, NULL, NULL, NULL, NULL, 0, 3545, 0, 16743035, 0, 0, '2012-12-17 13:42:06', NULL, NULL, NULL, '', '', NULL),
(NULL, 'information_schema', 'TABLE_CONSTRAINTS', NULL, NULL, NULL, NULL, NULL, NULL, NULL, NULL, NULL, 0, 2504, 0, 16721712, 0, 0, '2012-12-17 13:42:06', NULL, NULL, NULL, '', '', NULL),
(NULL, 'information_schema', 'TABLE_PRIVILEGES', NULL, NULL, NULL, NULL, NULL, NULL, NULL, NULL, NULL, 0, 2372, 0, 16748692, 0, 0, '2012-12-17 13:42:06', NULL, NULL, NULL, '', '', NULL),
(NULL, 'information_schema', 'TRIGGERS', NULL, NULL, NULL, NULL, NULL, NULL, NULL, NULL, NULL, 0, 0, 0, 281474976710655, 1024, 0, '2012-12-17 13:42:06', '2012-12-17 13:42:06', NULL, NULL, '', '', NULL),
(NULL, 'information_schema', 'USER_PRIVILEGES', NULL, NULL, NULL, NULL, NULL, NULL, NULL, NULL, NULL, 0, 1986, 0, 16726092, 0, 0, '2012-12-17 13:42:06', NULL, NULL, NULL, '', '', NULL),
(NULL, 'information_schema', 'VIEWS', NULL, NULL, NULL, NULL, NULL, NULL, NULL, NULL, NULL, 0, 0, 0, 281474976710655, 1024, 0, '2012-12-17 13:42:06', '2012-12-17 13:42:06', NULL, NULL, '', '', NULL),
(NULL, 'RobinHdb', 'crimes', NULL, NULL, NULL, NULL, NULL, NULL, NULL, NULL, NULL, 24, 682, 16384, NULL, 0, 11534336, '2012-11-07 22:31:35', NULL, NULL, NULL, '', '', NULL),
(NULL, 'RobinHdb', 'kills', NULL, NULL, NULL, NULL, NULL, NULL, NULL, NULL, NULL, 157, 417, 65536, NULL, 0, 11534336, '2012-11-07 22:31:35', NULL, NULL, NULL, '', '', NULL),
(NULL, 'RobinHdb', 'players', NULL, NULL, NULL, NULL, NULL, NULL, NULL, NULL, NULL, 145, 1129, 163840, NULL, 0, 11534336, '2012-12-11 19:46:25', NULL, NULL, NULL, '', '', NULL),
(NULL, 'RobinHdb', 'playervehicles', NULL, NULL, NULL, NULL, NULL, NULL, NULL, NULL, NULL, 35, 468, 16384, NULL, 0, 11534336, '2012-11-07 22:31:35', NULL, NULL, NULL, '', '', NULL),
(NULL, 'RobinHdb', 'punishments', NULL, NULL, NULL, NULL, NULL, NULL, NULL, NULL, NULL, 0, 0, 16384, NULL, 0, 11534336, '2012-11-07 22:31:35', NULL, NULL, NULL, '', '', NULL),
(NULL, 'RobinHdb', 'toys', NULL, NULL, NULL, NULL, NULL, NULL, NULL, NULL, NULL, 65, 252, 16384, NULL, 0, 11534336, '2012-11-07 22:31:35', NULL, NULL, NULL, '', '', NULL);

-- --------------------------------------------------------

--
-- Tabellstruktur `PLUGINS`
--

CREATE TEMPORARY TABLE `PLUGINS` (
  `PLUGIN_NAME` varchar(64) NOT NULL DEFAULT '',
  `PLUGIN_VERSION` varchar(20) NOT NULL DEFAULT '',
  `PLUGIN_STATUS` varchar(10) NOT NULL DEFAULT '',
  `PLUGIN_TYPE` varchar(80) NOT NULL DEFAULT '',
  `PLUGIN_TYPE_VERSION` varchar(20) NOT NULL DEFAULT '',
  `PLUGIN_LIBRARY` varchar(64) DEFAULT NULL,
  `PLUGIN_LIBRARY_VERSION` varchar(20) DEFAULT NULL,
  `PLUGIN_AUTHOR` varchar(64) DEFAULT NULL,
  `PLUGIN_DESCRIPTION` longtext,
  `PLUGIN_LICENSE` varchar(80) DEFAULT NULL
) ENGINE=MyISAM DEFAULT CHARSET=utf8;

--
-- Dumpning av Data i tabell `PLUGINS`
--

INSERT INTO `PLUGINS` (`PLUGIN_NAME`, `PLUGIN_VERSION`, `PLUGIN_STATUS`, `PLUGIN_TYPE`, `PLUGIN_TYPE_VERSION`, `PLUGIN_LIBRARY`, `PLUGIN_LIBRARY_VERSION`, `PLUGIN_AUTHOR`, `PLUGIN_DESCRIPTION`, `PLUGIN_LICENSE`) VALUES
('binlog', '1.0', 'ACTIVE', 'STORAGE ENGINE', '50163.0', NULL, NULL, 'MySQL AB', 'This is a pseudo storage engine to represent the binlog in a transaction', 'GPL'),
('partition', '1.0', 'ACTIVE', 'STORAGE ENGINE', '50163.0', NULL, NULL, 'Mikael Ronstrom, MySQL AB', 'Partition Storage Engine Helper', 'GPL'),
('ARCHIVE', '3.0', 'ACTIVE', 'STORAGE ENGINE', '50163.0', NULL, NULL, 'Brian Aker, MySQL AB', 'Archive storage engine', 'GPL'),
('BLACKHOLE', '1.0', 'ACTIVE', 'STORAGE ENGINE', '50163.0', NULL, NULL, 'MySQL AB', '/dev/null storage engine (anything you write to it disappears)', 'GPL'),
('CSV', '1.0', 'ACTIVE', 'STORAGE ENGINE', '50163.0', NULL, NULL, 'Brian Aker, MySQL AB', 'CSV storage engine', 'GPL'),
('FEDERATED', '1.0', 'DISABLED', 'STORAGE ENGINE', '50163.0', NULL, NULL, 'Patrick Galbraith and Brian Aker, MySQL AB', 'Federated MySQL storage engine', 'GPL'),
('MEMORY', '1.0', 'ACTIVE', 'STORAGE ENGINE', '50163.0', NULL, NULL, 'MySQL AB', 'Hash based, stored in memory, useful for temporary tables', 'GPL'),
('InnoDB', '1.0', 'ACTIVE', 'STORAGE ENGINE', '50163.0', NULL, NULL, 'Innobase OY', 'Supports transactions, row-level locking, and foreign keys', 'GPL'),
('MyISAM', '1.0', 'ACTIVE', 'STORAGE ENGINE', '50163.0', NULL, NULL, 'MySQL AB', 'Default engine as of MySQL 3.23 with great performance', 'GPL'),
('MRG_MYISAM', '1.0', 'ACTIVE', 'STORAGE ENGINE', '50163.0', NULL, NULL, 'MySQL AB', 'Collection of identical MyISAM tables', 'GPL');

-- --------------------------------------------------------

--
-- Tabellstruktur `PROCESSLIST`
--

CREATE TEMPORARY TABLE `PROCESSLIST` (
  `ID` bigint(4) NOT NULL DEFAULT '0',
  `USER` varchar(16) NOT NULL DEFAULT '',
  `HOST` varchar(64) NOT NULL DEFAULT '',
  `DB` varchar(64) DEFAULT NULL,
  `COMMAND` varchar(16) NOT NULL DEFAULT '',
  `TIME` int(7) NOT NULL DEFAULT '0',
  `STATE` varchar(64) DEFAULT NULL,
  `INFO` longtext
) ENGINE=MyISAM DEFAULT CHARSET=utf8;

--
-- Dumpning av Data i tabell `PROCESSLIST`
--

INSERT INTO `PROCESSLIST` (`ID`, `USER`, `HOST`, `DB`, `COMMAND`, `TIME`, `STATE`, `INFO`) VALUES
(413654, 'RobinH', 'localhost', 'RobinHdb', 'Query', 0, 'executing', 'SELECT * FROM `information_schema`.`PROCESSLIST`');

-- --------------------------------------------------------

--
-- Tabellstruktur `PROFILING`
--

CREATE TEMPORARY TABLE `PROFILING` (
  `QUERY_ID` int(20) NOT NULL DEFAULT '0',
  `SEQ` int(20) NOT NULL DEFAULT '0',
  `STATE` varchar(30) NOT NULL DEFAULT '',
  `DURATION` decimal(9,6) NOT NULL DEFAULT '0.000000',
  `CPU_USER` decimal(9,6) DEFAULT NULL,
  `CPU_SYSTEM` decimal(9,6) DEFAULT NULL,
  `CONTEXT_VOLUNTARY` int(20) DEFAULT NULL,
  `CONTEXT_INVOLUNTARY` int(20) DEFAULT NULL,
  `BLOCK_OPS_IN` int(20) DEFAULT NULL,
  `BLOCK_OPS_OUT` int(20) DEFAULT NULL,
  `MESSAGES_SENT` int(20) DEFAULT NULL,
  `MESSAGES_RECEIVED` int(20) DEFAULT NULL,
  `PAGE_FAULTS_MAJOR` int(20) DEFAULT NULL,
  `PAGE_FAULTS_MINOR` int(20) DEFAULT NULL,
  `SWAPS` int(20) DEFAULT NULL,
  `SOURCE_FUNCTION` varchar(30) DEFAULT NULL,
  `SOURCE_FILE` varchar(20) DEFAULT NULL,
  `SOURCE_LINE` int(20) DEFAULT NULL
) ENGINE=MEMORY DEFAULT CHARSET=utf8;

-- --------------------------------------------------------

--
-- Tabellstruktur `REFERENTIAL_CONSTRAINTS`
--

CREATE TEMPORARY TABLE `REFERENTIAL_CONSTRAINTS` (
  `CONSTRAINT_CATALOG` varchar(512) DEFAULT NULL,
  `CONSTRAINT_SCHEMA` varchar(64) NOT NULL DEFAULT '',
  `CONSTRAINT_NAME` varchar(64) NOT NULL DEFAULT '',
  `UNIQUE_CONSTRAINT_CATALOG` varchar(512) DEFAULT NULL,
  `UNIQUE_CONSTRAINT_SCHEMA` varchar(64) NOT NULL DEFAULT '',
  `UNIQUE_CONSTRAINT_NAME` varchar(64) DEFAULT NULL,
  `MATCH_OPTION` varchar(64) NOT NULL DEFAULT '',
  `UPDATE_RULE` varchar(64) NOT NULL DEFAULT '',
  `DELETE_RULE` varchar(64) NOT NULL DEFAULT '',
  `TABLE_NAME` varchar(64) NOT NULL DEFAULT '',
  `REFERENCED_TABLE_NAME` varchar(64) NOT NULL DEFAULT ''
) ENGINE=MEMORY DEFAULT CHARSET=utf8;

-- --------------------------------------------------------

--
-- Tabellstruktur `ROUTINES`
--

CREATE TEMPORARY TABLE `ROUTINES` (
  `SPECIFIC_NAME` varchar(64) NOT NULL DEFAULT '',
  `ROUTINE_CATALOG` varchar(512) DEFAULT NULL,
  `ROUTINE_SCHEMA` varchar(64) NOT NULL DEFAULT '',
  `ROUTINE_NAME` varchar(64) NOT NULL DEFAULT '',
  `ROUTINE_TYPE` varchar(9) NOT NULL DEFAULT '',
  `DTD_IDENTIFIER` varchar(64) DEFAULT NULL,
  `ROUTINE_BODY` varchar(8) NOT NULL DEFAULT '',
  `ROUTINE_DEFINITION` longtext,
  `EXTERNAL_NAME` varchar(64) DEFAULT NULL,
  `EXTERNAL_LANGUAGE` varchar(64) DEFAULT NULL,
  `PARAMETER_STYLE` varchar(8) NOT NULL DEFAULT '',
  `IS_DETERMINISTIC` varchar(3) NOT NULL DEFAULT '',
  `SQL_DATA_ACCESS` varchar(64) NOT NULL DEFAULT '',
  `SQL_PATH` varchar(64) DEFAULT NULL,
  `SECURITY_TYPE` varchar(7) NOT NULL DEFAULT '',
  `CREATED` datetime NOT NULL DEFAULT '0000-00-00 00:00:00',
  `LAST_ALTERED` datetime NOT NULL DEFAULT '0000-00-00 00:00:00',
  `SQL_MODE` varchar(8192) NOT NULL DEFAULT '',
  `ROUTINE_COMMENT` varchar(64) NOT NULL DEFAULT '',
  `DEFINER` varchar(77) NOT NULL DEFAULT '',
  `CHARACTER_SET_CLIENT` varchar(32) NOT NULL DEFAULT '',
  `COLLATION_CONNECTION` varchar(32) NOT NULL DEFAULT '',
  `DATABASE_COLLATION` varchar(32) NOT NULL DEFAULT ''
) ENGINE=MyISAM DEFAULT CHARSET=utf8;

-- --------------------------------------------------------

--
-- Tabellstruktur `SCHEMATA`
--

CREATE TEMPORARY TABLE `SCHEMATA` (
  `CATALOG_NAME` varchar(512) DEFAULT NULL,
  `SCHEMA_NAME` varchar(64) NOT NULL DEFAULT '',
  `DEFAULT_CHARACTER_SET_NAME` varchar(32) NOT NULL DEFAULT '',
  `DEFAULT_COLLATION_NAME` varchar(32) NOT NULL DEFAULT '',
  `SQL_PATH` varchar(512) DEFAULT NULL
) ENGINE=MEMORY DEFAULT CHARSET=utf8;

--
-- Dumpning av Data i tabell `SCHEMATA`
--

INSERT INTO `SCHEMATA` (`CATALOG_NAME`, `SCHEMA_NAME`, `DEFAULT_CHARACTER_SET_NAME`, `DEFAULT_COLLATION_NAME`, `SQL_PATH`) VALUES
(NULL, 'information_schema', 'utf8', 'utf8_general_ci', NULL),
(NULL, 'RobinHdb', 'latin1', 'latin1_swedish_ci', NULL);

-- --------------------------------------------------------

--
-- Tabellstruktur `SCHEMA_PRIVILEGES`
--

CREATE TEMPORARY TABLE `SCHEMA_PRIVILEGES` (
  `GRANTEE` varchar(81) NOT NULL DEFAULT '',
  `TABLE_CATALOG` varchar(512) DEFAULT NULL,
  `TABLE_SCHEMA` varchar(64) NOT NULL DEFAULT '',
  `PRIVILEGE_TYPE` varchar(64) NOT NULL DEFAULT '',
  `IS_GRANTABLE` varchar(3) NOT NULL DEFAULT ''
) ENGINE=MEMORY DEFAULT CHARSET=utf8;

--
-- Dumpning av Data i tabell `SCHEMA_PRIVILEGES`
--

INSERT INTO `SCHEMA_PRIVILEGES` (`GRANTEE`, `TABLE_CATALOG`, `TABLE_SCHEMA`, `PRIVILEGE_TYPE`, `IS_GRANTABLE`) VALUES
('''RobinH''@''localhost''', NULL, 'RobinHdb', 'SELECT', 'NO'),
('''RobinH''@''localhost''', NULL, 'RobinHdb', 'INSERT', 'NO'),
('''RobinH''@''localhost''', NULL, 'RobinHdb', 'UPDATE', 'NO'),
('''RobinH''@''localhost''', NULL, 'RobinHdb', 'DELETE', 'NO'),
('''RobinH''@''localhost''', NULL, 'RobinHdb', 'CREATE', 'NO'),
('''RobinH''@''localhost''', NULL, 'RobinHdb', 'DROP', 'NO'),
('''RobinH''@''localhost''', NULL, 'RobinHdb', 'REFERENCES', 'NO'),
('''RobinH''@''localhost''', NULL, 'RobinHdb', 'INDEX', 'NO'),
('''RobinH''@''localhost''', NULL, 'RobinHdb', 'ALTER', 'NO'),
('''RobinH''@''localhost''', NULL, 'RobinHdb', 'CREATE TEMPORARY TABLES', 'NO'),
('''RobinH''@''localhost''', NULL, 'RobinHdb', 'LOCK TABLES', 'NO'),
('''RobinH''@''localhost''', NULL, 'RobinHdb', 'EXECUTE', 'NO'),
('''RobinH''@''localhost''', NULL, 'RobinHdb', 'CREATE VIEW', 'NO'),
('''RobinH''@''localhost''', NULL, 'RobinHdb', 'SHOW VIEW', 'NO'),
('''RobinH''@''localhost''', NULL, 'RobinHdb', 'CREATE ROUTINE', 'NO'),
('''RobinH''@''localhost''', NULL, 'RobinHdb', 'ALTER ROUTINE', 'NO'),
('''RobinH''@''localhost''', NULL, 'RobinHdb', 'EVENT', 'NO'),
('''RobinH''@''localhost''', NULL, 'RobinHdb', 'TRIGGER', 'NO');

-- --------------------------------------------------------

--
-- Tabellstruktur `SESSION_STATUS`
--

CREATE TEMPORARY TABLE `SESSION_STATUS` (
  `VARIABLE_NAME` varchar(64) NOT NULL DEFAULT '',
  `VARIABLE_VALUE` varchar(1024) DEFAULT NULL
) ENGINE=MEMORY DEFAULT CHARSET=utf8;

--
-- Dumpning av Data i tabell `SESSION_STATUS`
--

INSERT INTO `SESSION_STATUS` (`VARIABLE_NAME`, `VARIABLE_VALUE`) VALUES
('ABORTED_CLIENTS', '17246'),
('ABORTED_CONNECTS', '316686'),
('BINLOG_CACHE_DISK_USE', '0'),
('BINLOG_CACHE_USE', '0'),
('BYTES_RECEIVED', '9216'),
('BYTES_SENT', '340252'),
('COM_ADMIN_COMMANDS', '0'),
('COM_ASSIGN_TO_KEYCACHE', '0'),
('COM_ALTER_DB', '0'),
('COM_ALTER_DB_UPGRADE', '0'),
('COM_ALTER_EVENT', '0'),
('COM_ALTER_FUNCTION', '0'),
('COM_ALTER_PROCEDURE', '0'),
('COM_ALTER_SERVER', '0'),
('COM_ALTER_TABLE', '0'),
('COM_ALTER_TABLESPACE', '0'),
('COM_ANALYZE', '0'),
('COM_BACKUP_TABLE', '0'),
('COM_BEGIN', '0'),
('COM_BINLOG', '0'),
('COM_CALL_PROCEDURE', '0'),
('COM_CHANGE_DB', '2'),
('COM_CHANGE_MASTER', '0'),
('COM_CHECK', '0'),
('COM_CHECKSUM', '0'),
('COM_COMMIT', '0'),
('COM_CREATE_DB', '0'),
('COM_CREATE_EVENT', '0'),
('COM_CREATE_FUNCTION', '0'),
('COM_CREATE_INDEX', '0'),
('COM_CREATE_PROCEDURE', '0'),
('COM_CREATE_SERVER', '0'),
('COM_CREATE_TABLE', '0'),
('COM_CREATE_TRIGGER', '0'),
('COM_CREATE_UDF', '0'),
('COM_CREATE_USER', '0'),
('COM_CREATE_VIEW', '0'),
('COM_DEALLOC_SQL', '0'),
('COM_DELETE', '0'),
('COM_DELETE_MULTI', '0'),
('COM_DO', '0'),
('COM_DROP_DB', '0'),
('COM_DROP_EVENT', '0'),
('COM_DROP_FUNCTION', '0'),
('COM_DROP_INDEX', '0'),
('COM_DROP_PROCEDURE', '0'),
('COM_DROP_SERVER', '0'),
('COM_DROP_TABLE', '0'),
('COM_DROP_TRIGGER', '0'),
('COM_DROP_USER', '0'),
('COM_DROP_VIEW', '0'),
('COM_EMPTY_QUERY', '0'),
('COM_EXECUTE_SQL', '0'),
('COM_FLUSH', '0'),
('COM_GRANT', '0'),
('COM_HA_CLOSE', '0'),
('COM_HA_OPEN', '0'),
('COM_HA_READ', '0'),
('COM_HELP', '0'),
('COM_INSERT', '0'),
('COM_INSERT_SELECT', '0'),
('COM_INSTALL_PLUGIN', '0'),
('COM_KILL', '0'),
('COM_LOAD', '0'),
('COM_LOAD_MASTER_DATA', '0'),
('COM_LOAD_MASTER_TABLE', '0'),
('COM_LOCK_TABLES', '0'),
('COM_OPTIMIZE', '0'),
('COM_PRELOAD_KEYS', '0'),
('COM_PREPARE_SQL', '0'),
('COM_PURGE', '0'),
('COM_PURGE_BEFORE_DATE', '0'),
('COM_RELEASE_SAVEPOINT', '0'),
('COM_RENAME_TABLE', '0'),
('COM_RENAME_USER', '0'),
('COM_REPAIR', '0'),
('COM_REPLACE', '0'),
('COM_REPLACE_SELECT', '0'),
('COM_RESET', '0'),
('COM_RESTORE_TABLE', '0'),
('COM_REVOKE', '0'),
('COM_REVOKE_ALL', '0'),
('COM_ROLLBACK', '0'),
('COM_ROLLBACK_TO_SAVEPOINT', '0'),
('COM_SAVEPOINT', '0'),
('COM_SELECT', '28'),
('COM_SET_OPTION', '30'),
('COM_SHOW_AUTHORS', '0'),
('COM_SHOW_BINLOG_EVENTS', '0'),
('COM_SHOW_BINLOGS', '0'),
('COM_SHOW_CHARSETS', '0'),
('COM_SHOW_COLLATIONS', '0'),
('COM_SHOW_COLUMN_TYPES', '0'),
('COM_SHOW_CONTRIBUTORS', '0'),
('COM_SHOW_CREATE_DB', '0'),
('COM_SHOW_CREATE_EVENT', '0'),
('COM_SHOW_CREATE_FUNC', '0'),
('COM_SHOW_CREATE_PROC', '0'),
('COM_SHOW_CREATE_TABLE', '26'),
('COM_SHOW_CREATE_TRIGGER', '0'),
('COM_SHOW_DATABASES', '1'),
('COM_SHOW_ENGINE_LOGS', '0'),
('COM_SHOW_ENGINE_MUTEX', '0'),
('COM_SHOW_ENGINE_STATUS', '0'),
('COM_SHOW_EVENTS', '0'),
('COM_SHOW_ERRORS', '0'),
('COM_SHOW_FIELDS', '0'),
('COM_SHOW_FUNCTION_STATUS', '2'),
('COM_SHOW_GRANTS', '0'),
('COM_SHOW_KEYS', '0'),
('COM_SHOW_MASTER_STATUS', '0'),
('COM_SHOW_NEW_MASTER', '0'),
('COM_SHOW_OPEN_TABLES', '0'),
('COM_SHOW_PLUGINS', '0'),
('COM_SHOW_PRIVILEGES', '0'),
('COM_SHOW_PROCEDURE_STATUS', '2'),
('COM_SHOW_PROCESSLIST', '0'),
('COM_SHOW_PROFILE', '0'),
('COM_SHOW_PROFILES', '0'),
('COM_SHOW_SLAVE_HOSTS', '0'),
('COM_SHOW_SLAVE_STATUS', '0'),
('COM_SHOW_STATUS', '0'),
('COM_SHOW_STORAGE_ENGINES', '0'),
('COM_SHOW_TABLE_STATUS', '52'),
('COM_SHOW_TABLES', '2'),
('COM_SHOW_TRIGGERS', '25'),
('COM_SHOW_VARIABLES', '1'),
('COM_SHOW_WARNINGS', '0'),
('COM_SLAVE_START', '0'),
('COM_SLAVE_STOP', '0'),
('COM_STMT_CLOSE', '0'),
('COM_STMT_EXECUTE', '0'),
('COM_STMT_FETCH', '0'),
('COM_STMT_PREPARE', '0'),
('COM_STMT_REPREPARE', '0'),
('COM_STMT_RESET', '0'),
('COM_STMT_SEND_LONG_DATA', '0'),
('COM_TRUNCATE', '0'),
('COM_UNINSTALL_PLUGIN', '0'),
('COM_UNLOCK_TABLES', '0'),
('COM_UPDATE', '0'),
('COM_UPDATE_MULTI', '0'),
('COM_XA_COMMIT', '0'),
('COM_XA_END', '0'),
('COM_XA_PREPARE', '0'),
('COM_XA_RECOVER', '0'),
('COM_XA_ROLLBACK', '0'),
('COM_XA_START', '0'),
('COMPRESSION', 'OFF'),
('CONNECTIONS', '413655'),
('CREATED_TMP_DISK_TABLES', '92'),
('CREATED_TMP_FILES', '752'),
('CREATED_TMP_TABLES', '297'),
('DELAYED_ERRORS', '0'),
('DELAYED_INSERT_THREADS', '3'),
('DELAYED_WRITES', '104325993'),
('FLUSH_COMMANDS', '1'),
('HANDLER_COMMIT', '6'),
('HANDLER_DELETE', '0'),
('HANDLER_DISCOVER', '0'),
('HANDLER_PREPARE', '0'),
('HANDLER_READ_FIRST', '11'),
('HANDLER_READ_KEY', '6'),
('HANDLER_READ_NEXT', '0'),
('HANDLER_READ_PREV', '0'),
('HANDLER_READ_RND', '0'),
('HANDLER_READ_RND_NEXT', '2253'),
('HANDLER_ROLLBACK', '0'),
('HANDLER_SAVEPOINT', '0'),
('HANDLER_SAVEPOINT_ROLLBACK', '0'),
('HANDLER_UPDATE', '0'),
('HANDLER_WRITE', '1748'),
('INNODB_BUFFER_POOL_PAGES_DATA', '503'),
('INNODB_BUFFER_POOL_PAGES_DIRTY', '0'),
('INNODB_BUFFER_POOL_PAGES_FLUSHED', '1845920'),
('INNODB_BUFFER_POOL_PAGES_FREE', '1'),
('INNODB_BUFFER_POOL_PAGES_MISC', '8'),
('INNODB_BUFFER_POOL_PAGES_TOTAL', '512'),
('INNODB_BUFFER_POOL_READ_AHEAD_RND', '60'),
('INNODB_BUFFER_POOL_READ_AHEAD_SEQ', '64'),
('INNODB_BUFFER_POOL_READ_REQUESTS', '629782565'),
('INNODB_BUFFER_POOL_READS', '1841'),
('INNODB_BUFFER_POOL_WAIT_FREE', '0'),
('INNODB_BUFFER_POOL_WRITE_REQUESTS', '10988549'),
('INNODB_DATA_FSYNCS', '3259884'),
('INNODB_DATA_PENDING_FSYNCS', '0'),
('INNODB_DATA_PENDING_READS', '0'),
('INNODB_DATA_PENDING_WRITES', '0'),
('INNODB_DATA_READ', '49451008'),
('INNODB_DATA_READS', '2220'),
('INNODB_DATA_WRITES', '4603165'),
('INNODB_DATA_WRITTEN', '62407883264'),
('INNODB_DBLWR_PAGES_WRITTEN', '1845920'),
('INNODB_DBLWR_WRITES', '408671'),
('INNODB_LOG_WAITS', '0'),
('INNODB_LOG_WRITE_REQUESTS', '1489532'),
('INNODB_LOG_WRITES', '2094493'),
('INNODB_OS_LOG_FSYNCS', '2442320'),
('INNODB_OS_LOG_PENDING_FSYNCS', '0'),
('INNODB_OS_LOG_PENDING_WRITES', '0'),
('INNODB_OS_LOG_WRITTEN', '1742733824'),
('INNODB_PAGE_SIZE', '16384'),
('INNODB_PAGES_CREATED', '2911'),
('INNODB_PAGES_READ', '2825'),
('INNODB_PAGES_WRITTEN', '1845920'),
('INNODB_ROW_LOCK_CURRENT_WAITS', '0'),
('INNODB_ROW_LOCK_TIME', '0'),
('INNODB_ROW_LOCK_TIME_AVG', '0'),
('INNODB_ROW_LOCK_TIME_MAX', '0'),
('INNODB_ROW_LOCK_WAITS', '0'),
('INNODB_ROWS_DELETED', '132286'),
('INNODB_ROWS_INSERTED', '726054'),
('INNODB_ROWS_READ', '581155796'),
('INNODB_ROWS_UPDATED', '1300190'),
('KEY_BLOCKS_NOT_FLUSHED', '0'),
('KEY_BLOCKS_UNUSED', '0'),
('KEY_BLOCKS_USED', '13396'),
('KEY_READ_REQUESTS', '4753145540'),
('KEY_READS', '17123310'),
('KEY_WRITE_REQUESTS', '1124525927'),
('KEY_WRITES', '976899685'),
('LAST_QUERY_COST', '10.499000'),
('MAX_USED_CONNECTIONS', '152'),
('NOT_FLUSHED_DELAYED_ROWS', '0'),
('OPEN_FILES', '86'),
('OPEN_STREAMS', '0'),
('OPEN_TABLE_DEFINITIONS', '250'),
('OPEN_TABLES', '64'),
('OPENED_FILES', '242997'),
('OPENED_TABLE_DEFINITIONS', '0'),
('OPENED_TABLES', '6'),
('PREPARED_STMT_COUNT', '0'),
('QCACHE_FREE_BLOCKS', '142'),
('QCACHE_FREE_MEMORY', '4272968'),
('QCACHE_HITS', '735843'),
('QCACHE_INSERTS', '674169'),
('QCACHE_LOWMEM_PRUNES', '3053'),
('QCACHE_NOT_CACHED', '545356'),
('QCACHE_QUERIES_IN_CACHE', '5042'),
('QCACHE_TOTAL_BLOCKS', '10435'),
('QUERIES', '309149708'),
('QUESTIONS', '171'),
('RPL_STATUS', 'NULL'),
('SELECT_FULL_JOIN', '0'),
('SELECT_FULL_RANGE_JOIN', '0'),
('SELECT_RANGE', '0'),
('SELECT_RANGE_CHECK', '0'),
('SELECT_SCAN', '112'),
('SLAVE_OPEN_TEMP_TABLES', '0'),
('SLAVE_RETRIED_TRANSACTIONS', '0'),
('SLAVE_RUNNING', 'OFF'),
('SLOW_LAUNCH_THREADS', '0'),
('SLOW_QUERIES', '0'),
('SORT_MERGE_PASSES', '0'),
('SORT_RANGE', '0'),
('SORT_ROWS', '0'),
('SORT_SCAN', '0'),
('SSL_ACCEPT_RENEGOTIATES', '0'),
('SSL_ACCEPTS', '0'),
('SSL_CALLBACK_CACHE_HITS', '0'),
('SSL_CIPHER', ''),
('SSL_CIPHER_LIST', ''),
('SSL_CLIENT_CONNECTS', '0'),
('SSL_CONNECT_RENEGOTIATES', '0'),
('SSL_CTX_VERIFY_DEPTH', '0'),
('SSL_CTX_VERIFY_MODE', '0'),
('SSL_DEFAULT_TIMEOUT', '0'),
('SSL_FINISHED_ACCEPTS', '0'),
('SSL_FINISHED_CONNECTS', '0'),
('SSL_SESSION_CACHE_HITS', '0'),
('SSL_SESSION_CACHE_MISSES', '0'),
('SSL_SESSION_CACHE_MODE', 'NONE'),
('SSL_SESSION_CACHE_OVERFLOWS', '0'),
('SSL_SESSION_CACHE_SIZE', '0'),
('SSL_SESSION_CACHE_TIMEOUTS', '0'),
('SSL_SESSIONS_REUSED', '0'),
('SSL_USED_SESSION_CACHE_ENTRIES', '0'),
('SSL_VERIFY_DEPTH', '0'),
('SSL_VERIFY_MODE', '0'),
('SSL_VERSION', ''),
('TABLE_LOCKS_IMMEDIATE', '296144199'),
('TABLE_LOCKS_WAITED', '27410'),
('TC_LOG_MAX_PAGES_USED', '0'),
('TC_LOG_PAGE_SIZE', '0'),
('TC_LOG_PAGE_WAITS', '0'),
('THREADS_CACHED', '6'),
('THREADS_CONNECTED', '12'),
('THREADS_CREATED', '11247'),
('THREADS_RUNNING', '1'),
('UPTIME', '10157121'),
('UPTIME_SINCE_FLUSH_STATUS', '10157121');

-- --------------------------------------------------------

--
-- Tabellstruktur `SESSION_VARIABLES`
--

CREATE TEMPORARY TABLE `SESSION_VARIABLES` (
  `VARIABLE_NAME` varchar(64) NOT NULL DEFAULT '',
  `VARIABLE_VALUE` varchar(1024) DEFAULT NULL
) ENGINE=MEMORY DEFAULT CHARSET=utf8;

--
-- Dumpning av Data i tabell `SESSION_VARIABLES`
--

INSERT INTO `SESSION_VARIABLES` (`VARIABLE_NAME`, `VARIABLE_VALUE`) VALUES
('MAX_PREPARED_STMT_COUNT', '16382'),
('CHARACTER_SETS_DIR', '/usr/share/mysql/charsets/'),
('HAVE_CRYPT', 'YES'),
('CONNECT_TIMEOUT', '10'),
('MYISAM_REPAIR_THREADS', '1'),
('AUTOMATIC_SP_PRIVILEGES', 'ON'),
('MAX_BINLOG_SIZE', '104857600'),
('BINLOG_CACHE_SIZE', '32768'),
('LOG_SLAVE_UPDATES', 'OFF'),
('BACK_LOG', '50'),
('FT_MIN_WORD_LEN', '4'),
('MYISAM_USE_MMAP', 'OFF'),
('DELAYED_INSERT_TIMEOUT', '300'),
('FT_BOOLEAN_SYNTAX', '+ -><()~*:""&|'),
('LOG_BIN_TRUST_ROUTINE_CREATORS', 'OFF'),
('CHARACTER_SET_CONNECTION', 'utf8'),
('THREAD_STACK', '196608'),
('CHARACTER_SET_RESULTS', 'utf8'),
('BASEDIR', '/usr/'),
('PID_FILE', '/var/run/mysqld/mysqld.pid'),
('UPDATABLE_VIEWS_WITH_LIMIT', 'YES'),
('OPTIMIZER_SEARCH_DEPTH', '62'),
('SLOW_LAUNCH_TIME', '2'),
('SERVER_ID', '0'),
('INNODB_LOCK_WAIT_TIMEOUT', '50'),
('COMPLETION_TYPE', '0'),
('RELAY_LOG_INDEX', ''),
('LONG_QUERY_TIME', '10.000000'),
('SQL_QUOTE_SHOW_CREATE', 'ON'),
('EVENT_SCHEDULER', 'OFF'),
('SQL_LOG_UPDATE', 'ON'),
('COLLATION_DATABASE', 'latin1_swedish_ci'),
('INNODB_USE_LEGACY_CARDINALITY_ALGORITHM', 'ON'),
('FT_MAX_WORD_LEN', '84'),
('LOCKED_IN_MEMORY', 'OFF'),
('CONCURRENT_INSERT', '1'),
('OPTIMIZER_SWITCH', 'index_merge=on,index_merge_union=on,index_merge_sort_union=on,index_merge_intersection=on'),
('PRELOAD_BUFFER_SIZE', '32768'),
('REPORT_HOST', ''),
('INIT_SLAVE', ''),
('SSL_KEY', ''),
('FLUSH', 'OFF'),
('MAX_WRITE_LOCK_COUNT', '18446744073709551615'),
('DELAYED_INSERT_LIMIT', '100'),
('SLAVE_SKIP_ERRORS', 'OFF'),
('FT_QUERY_EXPANSION_LIMIT', '20'),
('INSERT_ID', '0'),
('SQL_LOW_PRIORITY_UPDATES', 'OFF'),
('RELAY_LOG_PURGE', 'ON'),
('TMP_TABLE_SIZE', '16777216'),
('SKIP_SHOW_DATABASE', 'OFF'),
('FT_STOPWORD_FILE', '(built-in)'),
('GROUP_CONCAT_MAX_LEN', '1024'),
('JOIN_BUFFER_SIZE', '131072'),
('INNODB_LOG_BUFFER_SIZE', '1048576'),
('MAX_ERROR_COUNT', '64'),
('INIT_CONNECT', ''),
('MAX_SEEKS_FOR_KEY', '18446744073709551615'),
('INNODB_MAX_PURGE_LAG', '0'),
('DELAYED_QUEUE_SIZE', '1000'),
('TRANSACTION_PREALLOC_SIZE', '4096'),
('INTERACTIVE_TIMEOUT', '28800'),
('VERSION_COMPILE_OS', 'debian-linux-gnu'),
('INNODB_FILE_PER_TABLE', 'OFF'),
('SQL_NOTES', 'ON'),
('LARGE_PAGES', 'OFF'),
('LOW_PRIORITY_UPDATES', 'OFF'),
('AUTO_INCREMENT_OFFSET', '1'),
('REPORT_PASSWORD', ''),
('MAX_CONNECT_ERRORS', '10'),
('MAX_INSERT_DELAYED_THREADS', '20'),
('PLUGIN_DIR', '/usr/lib/mysql/plugin'),
('HAVE_COMPRESS', 'YES'),
('MAX_CONNECTIONS', '151'),
('TRANSACTION_ALLOC_BLOCK_SIZE', '8192'),
('TIMED_MUTEXES', 'OFF'),
('THREAD_CACHE_SIZE', '8'),
('LANGUAGE', '/usr/share/mysql/english/'),
('INNODB_DOUBLEWRITE', 'ON'),
('PSEUDO_THREAD_ID', '413654'),
('MAX_USER_CONNECTIONS', '0'),
('BULK_INSERT_BUFFER_SIZE', '8388608'),
('DEFAULT_WEEK_FORMAT', '0'),
('LOWER_CASE_FILE_SYSTEM', 'OFF'),
('LOG_OUTPUT', 'FILE'),
('MAX_RELAY_LOG_SIZE', '0'),
('LOG_WARNINGS', '1'),
('MIN_EXAMINED_ROW_LIMIT', '0'),
('PROTOCOL_VERSION', '10'),
('COLLATION_SERVER', 'latin1_swedish_ci'),
('HAVE_SYMLINK', 'YES'),
('CHARACTER_SET_SERVER', 'latin1'),
('TIME_ZONE', '+00:00'),
('MAX_LENGTH_FOR_SORT_DATA', '1024'),
('INNODB_TABLE_LOCKS', 'ON'),
('MAX_HEAP_TABLE_SIZE', '16777216'),
('INNODB_AUTOEXTEND_INCREMENT', '8'),
('DELAY_KEY_WRITE', 'ON'),
('MYISAM_DATA_POINTER_SIZE', '6'),
('KEY_CACHE_AGE_THRESHOLD', '300'),
('INNODB_THREAD_SLEEP_DELAY', '10000'),
('NET_RETRY_COUNT', '10'),
('SQL_AUTO_IS_NULL', 'ON'),
('LOG_QUERIES_NOT_USING_INDEXES', 'OFF'),
('SLAVE_TRANSACTION_RETRIES', '10'),
('TABLE_LOCK_WAIT_TIMEOUT', '50'),
('SLAVE_COMPRESSED_PROTOCOL', 'OFF'),
('LARGE_PAGE_SIZE', '0'),
('GENERAL_LOG', 'OFF'),
('INNODB_LOCKS_UNSAFE_FOR_BINLOG', 'OFF'),
('TABLE_TYPE', 'MyISAM'),
('SECURE_FILE_PRIV', ''),
('QUERY_CACHE_MIN_RES_UNIT', '4096'),
('QUERY_PREALLOC_SIZE', '8192'),
('INNODB_STATS_ON_METADATA', 'ON'),
('RELAY_LOG', ''),
('INNODB_ROLLBACK_ON_TIMEOUT', 'OFF'),
('FLUSH_TIME', '0'),
('PROFILING_HISTORY_SIZE', '15'),
('CHARACTER_SET_FILESYSTEM', 'binary'),
('INNODB_ADDITIONAL_MEM_POOL_SIZE', '1048576'),
('MAX_BINLOG_CACHE_SIZE', '18446744073709547520'),
('READ_RND_BUFFER_SIZE', '262144'),
('READ_BUFFER_SIZE', '131072'),
('SECURE_AUTH', 'OFF'),
('MAX_SORT_LENGTH', '1024'),
('BIG_TABLES', 'OFF'),
('NET_BUFFER_LENGTH', '16384'),
('SQL_SELECT_LIMIT', '18446744073709551615'),
('MYISAM_MAX_SORT_FILE_SIZE', '9223372036853727232'),
('DATE_FORMAT', '%Y-%m-%d'),
('NET_WRITE_TIMEOUT', '60'),
('READ_ONLY', 'OFF'),
('SLAVE_EXEC_MODE', 'STRICT'),
('RAND_SEED1', ''),
('BINLOG_DIRECT_NON_TRANSACTIONAL_UPDATES', 'OFF'),
('INNODB_DATA_FILE_PATH', 'ibdata1:10M:autoextend'),
('QUERY_CACHE_LIMIT', '1048576'),
('VERSION_COMMENT', '(Debian)'),
('SYNC_FRM', 'ON'),
('PROFILING', 'OFF'),
('QUERY_CACHE_SIZE', '16777216'),
('OLD_PASSWORDS', 'OFF'),
('LOWER_CASE_TABLE_NAMES', '0'),
('KEY_CACHE_DIVISION_LIMIT', '100'),
('LOG_BIN', 'OFF'),
('GENERAL_LOG_FILE', '/var/run/mysqld/mysqld.log'),
('MYISAM_SORT_BUFFER_SIZE', '8388608'),
('SKIP_NAME_RESOLVE', 'OFF'),
('SSL_CERT', ''),
('AUTO_INCREMENT_INCREMENT', '1'),
('SQL_MODE', ''),
('TMPDIR', '/tmp'),
('QUERY_ALLOC_BLOCK_SIZE', '8192'),
('EXPIRE_LOGS_DAYS', '10'),
('QUERY_CACHE_TYPE', 'ON'),
('HAVE_PARTITIONING', 'YES'),
('INIT_FILE', ''),
('FOREIGN_KEY_CHECKS', 'ON'),
('THREAD_HANDLING', 'one-thread-per-connection'),
('RELAY_LOG_INFO_FILE', 'relay-log.info'),
('QUERY_CACHE_WLOCK_INVALIDATE', 'OFF'),
('INNODB_AUTOINC_LOCK_MODE', '1'),
('MYISAM_RECOVER_OPTIONS', 'BACKUP'),
('INNODB_COMMIT_CONCURRENCY', '0'),
('MYISAM_STATS_METHOD', 'nulls_unequal'),
('INNODB_MIRRORED_LOG_GROUPS', '1'),
('SYSTEM_TIME_ZONE', 'EDT'),
('UNIQUE_CHECKS', 'ON'),
('SKIP_NETWORKING', 'OFF'),
('VERSION', '5.1.63-0+squeeze1'),
('OPTIMIZER_PRUNE_LEVEL', '1'),
('INNODB_SUPPORT_XA', 'ON'),
('AUTOCOMMIT', 'ON'),
('INNODB_SYNC_SPIN_LOOPS', '20'),
('OPEN_FILES_LIMIT', '1024'),
('COLLATION_CONNECTION', 'utf8_general_ci'),
('HOSTNAME', 'mysql2'),
('HAVE_QUERY_CACHE', 'YES'),
('CHARACTER_SET_DATABASE', 'latin1'),
('INNODB_ADAPTIVE_HASH_INDEX', 'ON'),
('RPL_RECOVERY_RANK', '0'),
('CHARACTER_SET_SYSTEM', 'utf8'),
('VERSION_COMPILE_MACHINE', 'x86_64'),
('DIV_PRECISION_INCREMENT', '4'),
('TABLE_DEFINITION_CACHE', '256'),
('DATADIR', '/var/lib/mysql/'),
('NET_READ_TIMEOUT', '30'),
('INNODB_DATA_HOME_DIR', ''),
('HAVE_CSV', 'YES'),
('SQL_LOG_BIN', 'ON'),
('MAX_ALLOWED_PACKET', '16777216'),
('SQL_SLAVE_SKIP_COUNTER', ''),
('WARNING_COUNT', '0'),
('TIME_FORMAT', '%H:%i:%s'),
('ENGINE_CONDITION_PUSHDOWN', 'ON'),
('INNODB_FORCE_RECOVERY', '0'),
('LAST_INSERT_ID', '0'),
('INNODB_LOG_FILES_IN_GROUP', '2'),
('SQL_BIG_TABLES', 'OFF'),
('ERROR_COUNT', '0'),
('SQL_SAFE_UPDATES', 'OFF'),
('HAVE_DYNAMIC_LOADING', 'YES'),
('MAX_SP_RECURSION_DEPTH', '0'),
('SYNC_BINLOG', '0'),
('SQL_BIG_SELECTS', 'ON'),
('RELAY_LOG_SPACE_LIMIT', '0'),
('MAX_LONG_DATA_SIZE', '16777216'),
('INNODB_OPEN_FILES', '300'),
('LARGE_FILES_SUPPORT', 'ON'),
('OLD', 'OFF'),
('KEEP_FILES_ON_CREATE', 'OFF'),
('INNODB_MAX_DIRTY_PAGES_PCT', '90'),
('SQL_MAX_JOIN_SIZE', '18446744073709551615'),
('NEW', 'OFF'),
('TABLE_OPEN_CACHE', '64'),
('KEY_BUFFER_SIZE', '16777216'),
('HAVE_COMMUNITY_FEATURES', 'YES'),
('HAVE_NDBCLUSTER', 'NO'),
('REPORT_PORT', '3306'),
('HAVE_GEOMETRY', 'YES'),
('SQL_BUFFER_RESULT', 'OFF'),
('INNODB_STATS_METHOD', 'nulls_equal'),
('KEY_CACHE_BLOCK_SIZE', '1024'),
('INNODB_FAST_SHUTDOWN', '1'),
('SSL_CIPHER', ''),
('SSL_CA', ''),
('SQL_WARNINGS', 'OFF'),
('INNODB_THREAD_CONCURRENCY', '8'),
('HAVE_INNODB', 'YES'),
('SLAVE_NET_TIMEOUT', '3600'),
('SSL_CAPATH', ''),
('INNODB_BUFFER_POOL_SIZE', '8388608'),
('LOG_ERROR', ''),
('LOCAL_INFILE', 'ON'),
('REPORT_USER', ''),
('HAVE_RTREE_KEYS', 'YES'),
('LOG', 'OFF'),
('BINLOG_FORMAT', 'STATEMENT'),
('TX_ISOLATION', 'REPEATABLE-READ'),
('OLD_ALTER_TABLE', 'OFF'),
('LC_TIME_NAMES', 'en_US'),
('MYISAM_MMAP_SIZE', '18446744073709551615'),
('LOG_SLOW_QUERIES', 'OFF'),
('IGNORE_BUILTIN_INNODB', 'OFF'),
('MAX_TMP_TABLES', '32'),
('TIMESTAMP', '1355751726'),
('SQL_LOG_OFF', 'OFF'),
('MAX_DELAYED_THREADS', '20'),
('SLOW_QUERY_LOG_FILE', '/var/run/mysqld/mysqld-slow.log'),
('DATETIME_FORMAT', '%Y-%m-%d %H:%i:%s'),
('MULTI_RANGE_COUNT', '256'),
('INNODB_FLUSH_LOG_AT_TRX_COMMIT', '1'),
('SLOW_QUERY_LOG', 'OFF'),
('INNODB_FILE_IO_THREADS', '4'),
('INNODB_FLUSH_METHOD', ''),
('LICENSE', 'GPL'),
('RANGE_ALLOC_BLOCK_SIZE', '4096'),
('INNODB_CHECKSUMS', 'ON'),
('STORAGE_ENGINE', 'MyISAM'),
('PORT', '3306'),
('HAVE_SSL', 'DISABLED'),
('INNODB_LOG_FILE_SIZE', '5242880'),
('INNODB_CONCURRENCY_TICKETS', '500'),
('LOG_BIN_TRUST_FUNCTION_CREATORS', 'OFF'),
('MAX_JOIN_SIZE', '18446744073709551615'),
('SORT_BUFFER_SIZE', '2097144'),
('WAIT_TIMEOUT', '28800'),
('HAVE_OPENSSL', 'DISABLED'),
('INNODB_LOG_GROUP_HOME_DIR', './'),
('SOCKET', '/var/run/mysqld/mysqld.sock'),
('CHARACTER_SET_CLIENT', 'utf8'),
('RAND_SEED2', ''),
('SKIP_EXTERNAL_LOCKING', 'ON'),
('IDENTITY', '0'),
('SLAVE_LOAD_TMPDIR', '/tmp');

-- --------------------------------------------------------

--
-- Tabellstruktur `STATISTICS`
--

CREATE TEMPORARY TABLE `STATISTICS` (
  `TABLE_CATALOG` varchar(512) DEFAULT NULL,
  `TABLE_SCHEMA` varchar(64) NOT NULL DEFAULT '',
  `TABLE_NAME` varchar(64) NOT NULL DEFAULT '',
  `NON_UNIQUE` bigint(1) NOT NULL DEFAULT '0',
  `INDEX_SCHEMA` varchar(64) NOT NULL DEFAULT '',
  `INDEX_NAME` varchar(64) NOT NULL DEFAULT '',
  `SEQ_IN_INDEX` bigint(2) NOT NULL DEFAULT '0',
  `COLUMN_NAME` varchar(64) NOT NULL DEFAULT '',
  `COLLATION` varchar(1) DEFAULT NULL,
  `CARDINALITY` bigint(21) DEFAULT NULL,
  `SUB_PART` bigint(3) DEFAULT NULL,
  `PACKED` varchar(10) DEFAULT NULL,
  `NULLABLE` varchar(3) NOT NULL DEFAULT '',
  `INDEX_TYPE` varchar(16) NOT NULL DEFAULT '',
  `COMMENT` varchar(16) DEFAULT NULL
) ENGINE=MEMORY DEFAULT CHARSET=utf8;

--
-- Dumpning av Data i tabell `STATISTICS`
--

INSERT INTO `STATISTICS` (`TABLE_CATALOG`, `TABLE_SCHEMA`, `TABLE_NAME`, `NON_UNIQUE`, `INDEX_SCHEMA`, `INDEX_NAME`, `SEQ_IN_INDEX`, `COLUMN_NAME`, `COLLATION`, `CARDINALITY`, `SUB_PART`, `PACKED`, `NULLABLE`, `INDEX_TYPE`, `COMMENT`) VALUES
(NULL, 'RobinHdb', 'crimes', 0, 'RobinHdb', 'PRIMARY', 1, 'crimeID', 'A', 24, NULL, NULL, '', 'BTREE', ''),
(NULL, 'RobinHdb', 'kills', 0, 'RobinHdb', 'PRIMARY', 1, 'ID', 'A', 157, NULL, NULL, '', 'BTREE', ''),
(NULL, 'RobinHdb', 'players', 0, 'RobinHdb', 'PRIMARY', 1, 'ID', 'A', 145, NULL, NULL, '', 'BTREE', ''),
(NULL, 'RobinHdb', 'playervehicles', 0, 'RobinHdb', 'PRIMARY', 1, 'ID', 'A', 35, NULL, NULL, '', 'BTREE', ''),
(NULL, 'RobinHdb', 'punishments', 0, 'RobinHdb', 'PRIMARY', 1, 'punID', 'A', 0, NULL, NULL, '', 'BTREE', ''),
(NULL, 'RobinHdb', 'toys', 0, 'RobinHdb', 'PRIMARY', 1, 'ID', 'A', 65, NULL, NULL, '', 'BTREE', '');

-- --------------------------------------------------------

--
-- Tabellstruktur `TABLES`
--

CREATE TEMPORARY TABLE `TABLES` (
  `TABLE_CATALOG` varchar(512) DEFAULT NULL,
  `TABLE_SCHEMA` varchar(64) NOT NULL DEFAULT '',
  `TABLE_NAME` varchar(64) NOT NULL DEFAULT '',
  `TABLE_TYPE` varchar(64) NOT NULL DEFAULT '',
  `ENGINE` varchar(64) DEFAULT NULL,
  `VERSION` bigint(21) unsigned DEFAULT NULL,
  `ROW_FORMAT` varchar(10) DEFAULT NULL,
  `TABLE_ROWS` bigint(21) unsigned DEFAULT NULL,
  `AVG_ROW_LENGTH` bigint(21) unsigned DEFAULT NULL,
  `DATA_LENGTH` bigint(21) unsigned DEFAULT NULL,
  `MAX_DATA_LENGTH` bigint(21) unsigned DEFAULT NULL,
  `INDEX_LENGTH` bigint(21) unsigned DEFAULT NULL,
  `DATA_FREE` bigint(21) unsigned DEFAULT NULL,
  `AUTO_INCREMENT` bigint(21) unsigned DEFAULT NULL,
  `CREATE_TIME` datetime DEFAULT NULL,
  `UPDATE_TIME` datetime DEFAULT NULL,
  `CHECK_TIME` datetime DEFAULT NULL,
  `TABLE_COLLATION` varchar(32) DEFAULT NULL,
  `CHECKSUM` bigint(21) unsigned DEFAULT NULL,
  `CREATE_OPTIONS` varchar(255) DEFAULT NULL,
  `TABLE_COMMENT` varchar(80) NOT NULL DEFAULT ''
) ENGINE=MEMORY DEFAULT CHARSET=utf8;

--
-- Dumpning av Data i tabell `TABLES`
--

INSERT INTO `TABLES` (`TABLE_CATALOG`, `TABLE_SCHEMA`, `TABLE_NAME`, `TABLE_TYPE`, `ENGINE`, `VERSION`, `ROW_FORMAT`, `TABLE_ROWS`, `AVG_ROW_LENGTH`, `DATA_LENGTH`, `MAX_DATA_LENGTH`, `INDEX_LENGTH`, `DATA_FREE`, `AUTO_INCREMENT`, `CREATE_TIME`, `UPDATE_TIME`, `CHECK_TIME`, `TABLE_COLLATION`, `CHECKSUM`, `CREATE_OPTIONS`, `TABLE_COMMENT`) VALUES
(NULL, 'information_schema', 'CHARACTER_SETS', 'SYSTEM VIEW', 'MEMORY', 10, 'Fixed', NULL, 384, 0, 16434816, 0, 0, NULL, '2012-12-17 13:42:06', NULL, NULL, 'utf8_general_ci', NULL, 'max_rows=43690', ''),
(NULL, 'information_schema', 'COLLATIONS', 'SYSTEM VIEW', 'MEMORY', 10, 'Fixed', NULL, 231, 0, 16704765, 0, 0, NULL, '2012-12-17 13:42:06', NULL, NULL, 'utf8_general_ci', NULL, 'max_rows=72628', ''),
(NULL, 'information_schema', 'COLLATION_CHARACTER_SET_APPLICABILITY', 'SYSTEM VIEW', 'MEMORY', 10, 'Fixed', NULL, 195, 0, 16357770, 0, 0, NULL, '2012-12-17 13:42:06', NULL, NULL, 'utf8_general_ci', NULL, 'max_rows=86037', ''),
(NULL, 'information_schema', 'COLUMNS', 'SYSTEM VIEW', 'MyISAM', 10, 'Dynamic', NULL, 0, 0, 281474976710655, 1024, 0, NULL, '2012-12-17 13:42:06', '2012-12-17 13:42:06', NULL, 'utf8_general_ci', NULL, 'max_rows=4560', ''),
(NULL, 'information_schema', 'COLUMN_PRIVILEGES', 'SYSTEM VIEW', 'MEMORY', 10, 'Fixed', NULL, 2565, 0, 16757145, 0, 0, NULL, '2012-12-17 13:42:06', NULL, NULL, 'utf8_general_ci', NULL, 'max_rows=6540', ''),
(NULL, 'information_schema', 'ENGINES', 'SYSTEM VIEW', 'MEMORY', 10, 'Fixed', NULL, 490, 0, 16574250, 0, 0, NULL, '2012-12-17 13:42:06', NULL, NULL, 'utf8_general_ci', NULL, 'max_rows=34239', ''),
(NULL, 'information_schema', 'EVENTS', 'SYSTEM VIEW', 'MyISAM', 10, 'Dynamic', NULL, 0, 0, 281474976710655, 1024, 0, NULL, '2012-12-17 13:42:06', '2012-12-17 13:42:06', NULL, 'utf8_general_ci', NULL, 'max_rows=618', ''),
(NULL, 'information_schema', 'FILES', 'SYSTEM VIEW', 'MEMORY', 10, 'Fixed', NULL, 2677, 0, 16758020, 0, 0, NULL, '2012-12-17 13:42:06', NULL, NULL, 'utf8_general_ci', NULL, 'max_rows=6267', ''),
(NULL, 'information_schema', 'GLOBAL_STATUS', 'SYSTEM VIEW', 'MEMORY', 10, 'Fixed', NULL, 3268, 0, 16755036, 0, 0, NULL, '2012-12-17 13:42:06', NULL, NULL, 'utf8_general_ci', NULL, 'max_rows=5133', ''),
(NULL, 'information_schema', 'GLOBAL_VARIABLES', 'SYSTEM VIEW', 'MEMORY', 10, 'Fixed', NULL, 3268, 0, 16755036, 0, 0, NULL, '2012-12-17 13:42:06', NULL, NULL, 'utf8_general_ci', NULL, 'max_rows=5133', ''),
(NULL, 'information_schema', 'KEY_COLUMN_USAGE', 'SYSTEM VIEW', 'MEMORY', 10, 'Fixed', NULL, 4637, 0, 16762755, 0, 0, NULL, '2012-12-17 13:42:06', NULL, NULL, 'utf8_general_ci', NULL, 'max_rows=3618', ''),
(NULL, 'information_schema', 'PARTITIONS', 'SYSTEM VIEW', 'MyISAM', 10, 'Dynamic', NULL, 0, 0, 281474976710655, 1024, 0, NULL, '2012-12-17 13:42:06', '2012-12-17 13:42:06', NULL, 'utf8_general_ci', NULL, 'max_rows=5612', ''),
(NULL, 'information_schema', 'PLUGINS', 'SYSTEM VIEW', 'MyISAM', 10, 'Dynamic', NULL, 0, 0, 281474976710655, 1024, 0, NULL, '2012-12-17 13:42:06', '2012-12-17 13:42:06', NULL, 'utf8_general_ci', NULL, 'max_rows=13025', ''),
(NULL, 'information_schema', 'PROCESSLIST', 'SYSTEM VIEW', 'MyISAM', 10, 'Dynamic', NULL, 0, 0, 281474976710655, 1024, 0, NULL, '2012-12-17 13:42:06', '2012-12-17 13:42:06', NULL, 'utf8_general_ci', NULL, 'max_rows=23899', ''),
(NULL, 'information_schema', 'PROFILING', 'SYSTEM VIEW', 'MEMORY', 10, 'Fixed', NULL, 308, 0, 16562084, 0, 0, NULL, '2012-12-17 13:42:06', NULL, NULL, 'utf8_general_ci', NULL, 'max_rows=54471', ''),
(NULL, 'information_schema', 'REFERENTIAL_CONSTRAINTS', 'SYSTEM VIEW', 'MEMORY', 10, 'Fixed', NULL, 4814, 0, 16767162, 0, 0, NULL, '2012-12-17 13:42:06', NULL, NULL, 'utf8_general_ci', NULL, 'max_rows=3485', ''),
(NULL, 'information_schema', 'ROUTINES', 'SYSTEM VIEW', 'MyISAM', 10, 'Dynamic', NULL, 0, 0, 281474976710655, 1024, 0, NULL, '2012-12-17 13:42:06', '2012-12-17 13:42:06', NULL, 'utf8_general_ci', NULL, 'max_rows=588', ''),
(NULL, 'information_schema', 'SCHEMATA', 'SYSTEM VIEW', 'MEMORY', 10, 'Fixed', NULL, 3464, 0, 16738048, 0, 0, NULL, '2012-12-17 13:42:06', NULL, NULL, 'utf8_general_ci', NULL, 'max_rows=4843', ''),
(NULL, 'information_schema', 'SCHEMA_PRIVILEGES', 'SYSTEM VIEW', 'MEMORY', 10, 'Fixed', NULL, 2179, 0, 16736899, 0, 0, NULL, '2012-12-17 13:42:06', NULL, NULL, 'utf8_general_ci', NULL, 'max_rows=7699', ''),
(NULL, 'information_schema', 'SESSION_STATUS', 'SYSTEM VIEW', 'MEMORY', 10, 'Fixed', NULL, 3268, 0, 16755036, 0, 0, NULL, '2012-12-17 13:42:06', NULL, NULL, 'utf8_general_ci', NULL, 'max_rows=5133', ''),
(NULL, 'information_schema', 'SESSION_VARIABLES', 'SYSTEM VIEW', 'MEMORY', 10, 'Fixed', NULL, 3268, 0, 16755036, 0, 0, NULL, '2012-12-17 13:42:06', NULL, NULL, 'utf8_general_ci', NULL, 'max_rows=5133', ''),
(NULL, 'information_schema', 'STATISTICS', 'SYSTEM VIEW', 'MEMORY', 10, 'Fixed', NULL, 2679, 0, 16770540, 0, 0, NULL, '2012-12-17 13:42:06', NULL, NULL, 'utf8_general_ci', NULL, 'max_rows=6262', ''),
(NULL, 'information_schema', 'TABLES', 'SYSTEM VIEW', 'MEMORY', 10, 'Fixed', NULL, 3545, 0, 16743035, 0, 0, NULL, '2012-12-17 13:42:06', NULL, NULL, 'utf8_general_ci', NULL, 'max_rows=4732', ''),
(NULL, 'information_schema', 'TABLE_CONSTRAINTS', 'SYSTEM VIEW', 'MEMORY', 10, 'Fixed', NULL, 2504, 0, 16721712, 0, 0, NULL, '2012-12-17 13:42:06', NULL, NULL, 'utf8_general_ci', NULL, 'max_rows=6700', ''),
(NULL, 'information_schema', 'TABLE_PRIVILEGES', 'SYSTEM VIEW', 'MEMORY', 10, 'Fixed', NULL, 2372, 0, 16748692, 0, 0, NULL, '2012-12-17 13:42:06', NULL, NULL, 'utf8_general_ci', NULL, 'max_rows=7073', ''),
(NULL, 'information_schema', 'TRIGGERS', 'SYSTEM VIEW', 'MyISAM', 10, 'Dynamic', NULL, 0, 0, 281474976710655, 1024, 0, NULL, '2012-12-17 13:42:06', '2012-12-17 13:42:06', NULL, 'utf8_general_ci', NULL, 'max_rows=569', ''),
(NULL, 'information_schema', 'USER_PRIVILEGES', 'SYSTEM VIEW', 'MEMORY', 10, 'Fixed', NULL, 1986, 0, 16726092, 0, 0, NULL, '2012-12-17 13:42:06', NULL, NULL, 'utf8_general_ci', NULL, 'max_rows=8447', ''),
(NULL, 'information_schema', 'VIEWS', 'SYSTEM VIEW', 'MyISAM', 10, 'Dynamic', NULL, 0, 0, 281474976710655, 1024, 0, NULL, '2012-12-17 13:42:06', '2012-12-17 13:42:06', NULL, 'utf8_general_ci', NULL, 'max_rows=6932', ''),
(NULL, 'RobinHdb', 'crimes', 'BASE TABLE', 'InnoDB', 10, 'Compact', 24, 682, 16384, 0, 0, 11534336, 26, '2012-11-07 22:31:35', NULL, NULL, 'latin1_swedish_ci', NULL, '', ''),
(NULL, 'RobinHdb', 'kills', 'BASE TABLE', 'InnoDB', 10, 'Compact', 157, 417, 65536, 0, 0, 11534336, 339, '2012-11-07 22:31:35', NULL, NULL, 'latin1_swedish_ci', NULL, '', ''),
(NULL, 'RobinHdb', 'players', 'BASE TABLE', 'InnoDB', 10, 'Compact', 145, 1129, 163840, 0, 0, 11534336, 162, '2012-12-11 19:46:25', NULL, NULL, 'latin1_swedish_ci', NULL, '', ''),
(NULL, 'RobinHdb', 'playervehicles', 'BASE TABLE', 'InnoDB', 10, 'Compact', 35, 468, 16384, 0, 0, 11534336, 62, '2012-11-07 22:31:35', NULL, NULL, 'latin1_swedish_ci', NULL, '', ''),
(NULL, 'RobinHdb', 'punishments', 'BASE TABLE', 'InnoDB', 10, 'Compact', 0, 0, 16384, 0, 0, 11534336, 1, '2012-11-07 22:31:35', NULL, NULL, 'latin1_swedish_ci', NULL, '', ''),
(NULL, 'RobinHdb', 'toys', 'BASE TABLE', 'InnoDB', 10, 'Compact', 65, 252, 16384, 0, 0, 11534336, 164, '2012-11-07 22:31:35', NULL, NULL, 'latin1_swedish_ci', NULL, '', '');

-- --------------------------------------------------------

--
-- Tabellstruktur `TABLE_CONSTRAINTS`
--

CREATE TEMPORARY TABLE `TABLE_CONSTRAINTS` (
  `CONSTRAINT_CATALOG` varchar(512) DEFAULT NULL,
  `CONSTRAINT_SCHEMA` varchar(64) NOT NULL DEFAULT '',
  `CONSTRAINT_NAME` varchar(64) NOT NULL DEFAULT '',
  `TABLE_SCHEMA` varchar(64) NOT NULL DEFAULT '',
  `TABLE_NAME` varchar(64) NOT NULL DEFAULT '',
  `CONSTRAINT_TYPE` varchar(64) NOT NULL DEFAULT ''
) ENGINE=MEMORY DEFAULT CHARSET=utf8;

--
-- Dumpning av Data i tabell `TABLE_CONSTRAINTS`
--

INSERT INTO `TABLE_CONSTRAINTS` (`CONSTRAINT_CATALOG`, `CONSTRAINT_SCHEMA`, `CONSTRAINT_NAME`, `TABLE_SCHEMA`, `TABLE_NAME`, `CONSTRAINT_TYPE`) VALUES
(NULL, 'RobinHdb', 'PRIMARY', 'RobinHdb', 'crimes', 'PRIMARY KEY'),
(NULL, 'RobinHdb', 'PRIMARY', 'RobinHdb', 'kills', 'PRIMARY KEY'),
(NULL, 'RobinHdb', 'PRIMARY', 'RobinHdb', 'players', 'PRIMARY KEY'),
(NULL, 'RobinHdb', 'PRIMARY', 'RobinHdb', 'playervehicles', 'PRIMARY KEY'),
(NULL, 'RobinHdb', 'PRIMARY', 'RobinHdb', 'punishments', 'PRIMARY KEY'),
(NULL, 'RobinHdb', 'PRIMARY', 'RobinHdb', 'toys', 'PRIMARY KEY');

-- --------------------------------------------------------

--
-- Tabellstruktur `TABLE_PRIVILEGES`
--

CREATE TEMPORARY TABLE `TABLE_PRIVILEGES` (
  `GRANTEE` varchar(81) NOT NULL DEFAULT '',
  `TABLE_CATALOG` varchar(512) DEFAULT NULL,
  `TABLE_SCHEMA` varchar(64) NOT NULL DEFAULT '',
  `TABLE_NAME` varchar(64) NOT NULL DEFAULT '',
  `PRIVILEGE_TYPE` varchar(64) NOT NULL DEFAULT '',
  `IS_GRANTABLE` varchar(3) NOT NULL DEFAULT ''
) ENGINE=MEMORY DEFAULT CHARSET=utf8;

-- --------------------------------------------------------

--
-- Tabellstruktur `TRIGGERS`
--

CREATE TEMPORARY TABLE `TRIGGERS` (
  `TRIGGER_CATALOG` varchar(512) DEFAULT NULL,
  `TRIGGER_SCHEMA` varchar(64) NOT NULL DEFAULT '',
  `TRIGGER_NAME` varchar(64) NOT NULL DEFAULT '',
  `EVENT_MANIPULATION` varchar(6) NOT NULL DEFAULT '',
  `EVENT_OBJECT_CATALOG` varchar(512) DEFAULT NULL,
  `EVENT_OBJECT_SCHEMA` varchar(64) NOT NULL DEFAULT '',
  `EVENT_OBJECT_TABLE` varchar(64) NOT NULL DEFAULT '',
  `ACTION_ORDER` bigint(4) NOT NULL DEFAULT '0',
  `ACTION_CONDITION` longtext,
  `ACTION_STATEMENT` longtext NOT NULL,
  `ACTION_ORIENTATION` varchar(9) NOT NULL DEFAULT '',
  `ACTION_TIMING` varchar(6) NOT NULL DEFAULT '',
  `ACTION_REFERENCE_OLD_TABLE` varchar(64) DEFAULT NULL,
  `ACTION_REFERENCE_NEW_TABLE` varchar(64) DEFAULT NULL,
  `ACTION_REFERENCE_OLD_ROW` varchar(3) NOT NULL DEFAULT '',
  `ACTION_REFERENCE_NEW_ROW` varchar(3) NOT NULL DEFAULT '',
  `CREATED` datetime DEFAULT NULL,
  `SQL_MODE` varchar(8192) NOT NULL DEFAULT '',
  `DEFINER` varchar(77) NOT NULL DEFAULT '',
  `CHARACTER_SET_CLIENT` varchar(32) NOT NULL DEFAULT '',
  `COLLATION_CONNECTION` varchar(32) NOT NULL DEFAULT '',
  `DATABASE_COLLATION` varchar(32) NOT NULL DEFAULT ''
) ENGINE=MyISAM DEFAULT CHARSET=utf8;

-- --------------------------------------------------------

--
-- Tabellstruktur `USER_PRIVILEGES`
--

CREATE TEMPORARY TABLE `USER_PRIVILEGES` (
  `GRANTEE` varchar(81) NOT NULL DEFAULT '',
  `TABLE_CATALOG` varchar(512) DEFAULT NULL,
  `PRIVILEGE_TYPE` varchar(64) NOT NULL DEFAULT '',
  `IS_GRANTABLE` varchar(3) NOT NULL DEFAULT ''
) ENGINE=MEMORY DEFAULT CHARSET=utf8;

--
-- Dumpning av Data i tabell `USER_PRIVILEGES`
--

INSERT INTO `USER_PRIVILEGES` (`GRANTEE`, `TABLE_CATALOG`, `PRIVILEGE_TYPE`, `IS_GRANTABLE`) VALUES
('''RobinH''@''localhost''', NULL, 'USAGE', 'NO');

-- --------------------------------------------------------

--
-- Tabellstruktur `VIEWS`
--

CREATE TEMPORARY TABLE `VIEWS` (
  `TABLE_CATALOG` varchar(512) DEFAULT NULL,
  `TABLE_SCHEMA` varchar(64) NOT NULL DEFAULT '',
  `TABLE_NAME` varchar(64) NOT NULL DEFAULT '',
  `VIEW_DEFINITION` longtext NOT NULL,
  `CHECK_OPTION` varchar(8) NOT NULL DEFAULT '',
  `IS_UPDATABLE` varchar(3) NOT NULL DEFAULT '',
  `DEFINER` varchar(77) NOT NULL DEFAULT '',
  `SECURITY_TYPE` varchar(7) NOT NULL DEFAULT '',
  `CHARACTER_SET_CLIENT` varchar(32) NOT NULL DEFAULT '',
  `COLLATION_CONNECTION` varchar(32) NOT NULL DEFAULT ''
) ENGINE=MyISAM DEFAULT CHARSET=utf8;

/*!40101 SET CHARACTER_SET_CLIENT=@OLD_CHARACTER_SET_CLIENT */;
/*!40101 SET CHARACTER_SET_RESULTS=@OLD_CHARACTER_SET_RESULTS */;
/*!40101 SET COLLATION_CONNECTION=@OLD_COLLATION_CONNECTION */;
